budget,dataset,dense_weight,latency_query_ms,method,mrr@10,ndcg@10,recall@100,seed,split,test_query_count,validation_mrr@10,validation_ndcg@10,validation_query_count,bm25_ndcg@10,dense_ndcg@10,average_single_ndcg@10,best_single_ndcg@10,worst_single_ndcg@10,bm25_mrr@10,dense_mrr@10,average_single_mrr@10,best_single_mrr@10,worst_single_mrr@10,bm25_recall@100,dense_recall@100,average_single_recall@100,best_single_recall@100,worst_single_recall@100,ndcg@10_delta_vs_average_single,ndcg@10_delta_vs_best_single,mrr@10_delta_vs_average_single,mrr@10_delta_vs_best_single,recall@100_delta_vs_average_single,recall@100_delta_vs_best_single,ndcg_regret_vs_best_single,average_single_ndcg_regret,worst_single_ndcg_regret,worst_case_regret_reduction
20,scifact,,5.8914951966774725,bm25,0.6407244607244608,0.6762632809912035,0.8328205128205128,19,test,195,,,105,0.6762632809912035,0.6673698109830799,0.6718165459871417,0.6762632809912035,0.6673698109830799,0.6407244607244608,0.6284452584452584,0.6345848595848596,0.6407244607244608,0.6284452584452584,0.8328205128205128,0.8605128205128205,0.8466666666666667,0.8605128205128205,0.8328205128205128,0.004446735004061786,0.0,0.006139601139601214,0.0,-0.013846153846153841,-0.027692307692307683,0.0,0.004446735004061786,0.008893470008123572,1.0
20,scifact,,15.571033540012044,dense,0.6284452584452584,0.6673698109830799,0.8605128205128205,19,test,195,,,105,0.6762632809912035,0.6673698109830799,0.6718165459871417,0.6762632809912035,0.6673698109830799,0.6407244607244608,0.6284452584452584,0.6345848595848596,0.6407244607244608,0.6284452584452584,0.8328205128205128,0.8605128205128205,0.8466666666666667,0.8605128205128205,0.8328205128205128,-0.004446735004061786,-0.008893470008123572,-0.006139601139601103,-0.012279202279202317,0.013846153846153841,0.0,0.008893470008123572,0.004446735004061786,0.008893470008123572,0.0
20,scifact,,21.46252873668952,rrf,0.6672100122100122,0.7118881504172755,0.8953846153846153,19,test,195,,,105,0.6762632809912035,0.6673698109830799,0.6718165459871417,0.6762632809912035,0.6673698109830799,0.6407244607244608,0.6284452584452584,0.6345848595848596,0.6407244607244608,0.6284452584452584,0.8328205128205128,0.8605128205128205,0.8466666666666667,0.8605128205128205,0.8328205128205128,0.0400716044301338,0.035624869426072014,0.03262515262515264,0.02648555148555143,0.048717948717948656,0.034871794871794815,-0.035624869426072014,0.004446735004061786,0.008893470008123572,5.005733351945995
20,scifact,,21.46252873668952,zscore_fusion,0.6845115995115996,0.7208313938662391,0.8902564102564102,19,test,195,,,105,0.6762632809912035,0.6673698109830799,0.6718165459871417,0.6762632809912035,0.6673698109830799,0.6407244607244608,0.6284452584452584,0.6345848595848596,0.6407244607244608,0.6284452584452584,0.8328205128205128,0.8605128205128205,0.8466666666666667,0.8605128205128205,0.8328205128205128,0.04901484787909738,0.04456811287503559,0.049926739926740016,0.0437871387871388,0.043589743589743546,0.029743589743589705,-0.04456811287503559,0.004446735004061786,0.008893470008123572,6.011329979673366
20,scifact,,21.46252873668952,minmax_fusion,0.6808587708587709,0.7155694172402042,0.8748717948717949,19,test,195,,,105,0.6762632809912035,0.6673698109830799,0.6718165459871417,0.6762632809912035,0.6673698109830799,0.6407244607244608,0.6284452584452584,0.6345848595848596,0.6407244607244608,0.6284452584452584,0.8328205128205128,0.8605128205128205,0.8466666666666667,0.8605128205128205,0.8328205128205128,0.043752871253062486,0.0393061362490007,0.04627391127391134,0.040134310134310125,0.028205128205128216,0.014358974358974375,-0.0393061362490007,0.004446735004061786,0.008893470008123572,5.419662540391687
20,scifact,0.5,21.46252873668952,validation_weighted_fusion,0.6845115995115996,0.7208313938662391,0.8902564102564102,19,test,195,0.6485525321239607,0.6787080574658708,105,0.6762632809912035,0.6673698109830799,0.6718165459871417,0.6762632809912035,0.6673698109830799,0.6407244607244608,0.6284452584452584,0.6345848595848596,0.6407244607244608,0.6284452584452584,0.8328205128205128,0.8605128205128205,0.8466666666666667,0.8605128205128205,0.8328205128205128,0.04901484787909738,0.04456811287503559,0.049926739926740016,0.0437871387871388,0.043589743589743546,0.029743589743589705,-0.04456811287503559,0.004446735004061786,0.008893470008123572,6.011329979673366
20,scifact,,5.8914951966774725,bm25,0.6317501017501017,0.6680093338221503,0.8312820512820512,31,test,195,,,105,0.6680093338221503,0.646947605594106,0.6574784697081282,0.6680093338221503,0.646947605594106,0.6317501017501017,0.6066076516076516,0.6191788766788766,0.6317501017501017,0.6066076516076516,0.8312820512820512,0.8471794871794871,0.8392307692307692,0.8471794871794871,0.8312820512820512,0.010530864114022154,0.0,0.0125712250712251,0.0,-0.007948717948717987,-0.015897435897435863,0.0,0.010530864114022154,0.021061728228044307,1.0
20,scifact,,15.571033540012044,dense,0.6066076516076516,0.646947605594106,0.8471794871794871,31,test,195,,,105,0.6680093338221503,0.646947605594106,0.6574784697081282,0.6680093338221503,0.646947605594106,0.6317501017501017,0.6066076516076516,0.6191788766788766,0.6317501017501017,0.6066076516076516,0.8312820512820512,0.8471794871794871,0.8392307692307692,0.8471794871794871,0.8312820512820512,-0.010530864114022154,-0.021061728228044307,-0.01257122507122499,-0.02514245014245009,0.007948717948717876,0.0,0.021061728228044307,0.010530864114022154,0.021061728228044307,0.0
20,scifact,,21.46252873668952,rrf,0.6544261294261294,0.6978161310035337,0.8897435897435897,31,test,195,,,105,0.6680093338221503,0.646947605594106,0.6574784697081282,0.6680093338221503,0.646947605594106,0.6317501017501017,0.6066076516076516,0.6191788766788766,0.6317501017501017,0.6066076516076516,0.8312820512820512,0.8471794871794871,0.8392307692307692,0.8471794871794871,0.8312820512820512,0.0403376612954055,0.02980679718138335,0.03524725274725282,0.02267602767602772,0.05051282051282047,0.04256410256410259,-0.02980679718138335,0.010530864114022154,0.021061728228044307,2.4152113662588586
20,scifact,,21.46252873668952,zscore_fusion,0.6770960520960521,0.7111013781701667,0.8897435897435897,31,test,195,,,105,0.6680093338221503,0.646947605594106,0.6574784697081282,0.6680093338221503,0.646947605594106,0.6317501017501017,0.6066076516076516,0.6191788766788766,0.6317501017501017,0.6066076516076516,0.8312820512820512,0.8471794871794871,0.8392307692307692,0.8471794871794871,0.8312820512820512,0.05362290846203854,0.04309204434801639,0.05791717541717545,0.04534595034595035,0.05051282051282047,0.04256410256410259,-0.04309204434801639,0.010530864114022154,0.021061728228044307,3.0459880538501145
20,scifact,,21.46252873668952,minmax_fusion,0.6664509564509564,0.6982031932431129,0.8692307692307693,31,test,195,,,105,0.6680093338221503,0.646947605594106,0.6574784697081282,0.6680093338221503,0.646947605594106,0.6317501017501017,0.6066076516076516,0.6191788766788766,0.6317501017501017,0.6066076516076516,0.8312820512820512,0.8471794871794871,0.8392307692307692,0.8471794871794871,0.8312820512820512,0.040724723534984686,0.030193859420962532,0.04727207977207981,0.03470085470085471,0.030000000000000027,0.02205128205128215,-0.030193859420962532,0.010530864114022154,0.021061728228044307,2.4335888818828515
20,scifact,0.5,21.46252873668952,validation_weighted_fusion,0.6770960520960521,0.7111013781701667,0.8897435897435897,31,test,195,0.6623242630385487,0.6967780866157194,105,0.6680093338221503,0.646947605594106,0.6574784697081282,0.6680093338221503,0.646947605594106,0.6317501017501017,0.6066076516076516,0.6191788766788766,0.6317501017501017,0.6066076516076516,0.8312820512820512,0.8471794871794871,0.8392307692307692,0.8471794871794871,0.8312820512820512,0.05362290846203854,0.04309204434801639,0.05791717541717545,0.04534595034595035,0.05051282051282047,0.04256410256410259,-0.04309204434801639,0.010530864114022154,0.021061728228044307,3.0459880538501145
20,scifact,,5.8914951966774725,bm25,0.642085877085877,0.6710462285952398,0.8261538461538461,47,test,195,,,105,0.6710462285952398,0.650618204559322,0.6608322165772809,0.6710462285952398,0.650618204559322,0.642085877085877,0.613880748880749,0.627983312983313,0.642085877085877,0.613880748880749,0.8261538461538461,0.824102564102564,0.8251282051282051,0.8261538461538461,0.824102564102564,0.010214012017958907,0.0,0.014102564102564052,0.0,0.0010256410256410664,0.0,0.0,0.010214012017958907,0.020428024035917813,1.0
20,scifact,,15.571033540012044,dense,0.613880748880749,0.650618204559322,0.824102564102564,47,test,195,,,105,0.6710462285952398,0.650618204559322,0.6608322165772809,0.6710462285952398,0.650618204559322,0.642085877085877,0.613880748880749,0.627983312983313,0.642085877085877,0.613880748880749,0.8261538461538461,0.824102564102564,0.8251282051282051,0.8261538461538461,0.824102564102564,-0.010214012017958907,-0.020428024035917813,-0.014102564102564052,-0.028205128205128105,-0.0010256410256410664,-0.002051282051282133,0.020428024035917813,0.010214012017958907,0.020428024035917813,0.0
20,scifact,,21.46252873668952,rrf,0.65999592999593,0.7020673664981616,0.9051282051282052,47,test,195,,,105,0.6710462285952398,0.650618204559322,0.6608322165772809,0.6710462285952398,0.650618204559322,0.642085877085877,0.613880748880749,0.627983312983313,0.642085877085877,0.613880748880749,0.8261538461538461,0.824102564102564,0.8251282051282051,0.8261538461538461,0.824102564102564,0.04123514992088073,0.031021137902921825,0.03201261701261704,0.017910052910052987,0.08000000000000018,0.07897435897435912,-0.031021137902921825,0.010214012017958907,0.020428024035917813,2.5185579304380368
20,scifact,,21.46252873668952,zscore_fusion,0.6793610093610093,0.7134955138156344,0.8846153846153846,47,test,195,,,105,0.6710462285952398,0.650618204559322,0.6608322165772809,0.6710462285952398,0.650618204559322,0.642085877085877,0.613880748880749,0.627983312983313,0.642085877085877,0.613880748880749,0.8261538461538461,0.824102564102564,0.8251282051282051,0.8261538461538461,0.824102564102564,0.0526632972383535,0.042449285220394595,0.05137769637769629,0.03727513227513224,0.05948717948717952,0.058461538461538454,-0.042449285220394595,0.010214012017958907,0.020428024035917813,3.077992719499333
20,scifact,,21.46252873668952,minmax_fusion,0.6711945461945462,0.7013895073043548,0.8589743589743589,47,test,195,,,105,0.6710462285952398,0.650618204559322,0.6608322165772809,0.6710462285952398,0.650618204559322,0.642085877085877,0.613880748880749,0.627983312983313,0.642085877085877,0.613880748880749,0.8261538461538461,0.824102564102564,0.8251282051282051,0.8261538461538461,0.824102564102564,0.040557290727073925,0.030343278709115018,0.04321123321123321,0.02910866910866916,0.03384615384615386,0.03282051282051279,-0.030343278709115018,0.010214012017958907,0.020428024035917813,2.4853751227119956
20,scifact,0.4,21.46252873668952,validation_weighted_fusion,0.6691208791208791,0.6957753154841163,0.8492307692307692,47,test,195,0.6721541950113379,0.697299151134803,105,0.6710462285952398,0.650618204559322,0.6608322165772809,0.6710462285952398,0.650618204559322,0.642085877085877,0.613880748880749,0.627983312983313,0.642085877085877,0.613880748880749,0.8261538461538461,0.824102564102564,0.8251282051282051,0.8261538461538461,0.824102564102564,0.034943098906835446,0.02472908688887654,0.04113756613756614,0.027035002035002087,0.024102564102564172,0.023076923076923106,-0.02472908688887654,0.010214012017958907,0.020428024035917813,2.2105471799620133
20,scifact,,5.8914951966774725,bm25,0.612903947903948,0.6490266366394436,0.8112820512820512,73,test,195,,,105,0.6490266366394436,0.6146213928715087,0.6318240147554761,0.6490266366394436,0.6146213928715087,0.612903947903948,0.5745909645909646,0.5937474562474563,0.612903947903948,0.5745909645909646,0.8112820512820512,0.8174358974358975,0.8143589743589743,0.8174358974358975,0.8112820512820512,0.017202621883967484,0.0,0.019156491656491692,0.0,-0.003076923076923088,-0.006153846153846287,0.0,0.017202621883967484,0.03440524376793486,1.0
20,scifact,,15.571033540012044,dense,0.5745909645909646,0.6146213928715087,0.8174358974358975,73,test,195,,,105,0.6490266366394436,0.6146213928715087,0.6318240147554761,0.6490266366394436,0.6146213928715087,0.612903947903948,0.5745909645909646,0.5937474562474563,0.612903947903948,0.5745909645909646,0.8112820512820512,0.8174358974358975,0.8143589743589743,0.8174358974358975,0.8112820512820512,-0.017202621883967373,-0.03440524376793486,-0.019156491656491692,-0.038312983312983384,0.0030769230769231992,0.0,0.03440524376793486,0.017202621883967484,0.03440524376793486,0.0
20,scifact,,21.46252873668952,rrf,0.6251872201872202,0.671572483395674,0.8815384615384616,73,test,195,,,105,0.6490266366394436,0.6146213928715087,0.6318240147554761,0.6490266366394436,0.6146213928715087,0.612903947903948,0.5745909645909646,0.5937474562474563,0.612903947903948,0.5745909645909646,0.8112820512820512,0.8174358974358975,0.8143589743589743,0.8174358974358975,0.8112820512820512,0.039748468640197876,0.022545846756230392,0.03143976393976389,0.012283272283272195,0.0671794871794873,0.0641025641025641,-0.022545846756230392,0.017202621883967484,0.03440524376793486,1.6553026308519507
20,scifact,,21.46252873668952,zscore_fusion,0.6438603988603988,0.6839613696995684,0.8712820512820513,73,test,195,,,105,0.6490266366394436,0.6146213928715087,0.6318240147554761,0.6490266366394436,0.6146213928715087,0.612903947903948,0.5745909645909646,0.5937474562474563,0.612903947903948,0.5745909645909646,0.8112820512820512,0.8174358974358975,0.8143589743589743,0.8174358974358975,0.8112820512820512,0.05213735494409233,0.034934733060124845,0.050112942612942524,0.03095645095645083,0.056923076923076965,0.053846153846153766,-0.034934733060124845,0.017202621883967484,0.03440524376793486,2.015389784643336
20,scifact,,21.46252873668952,minmax_fusion,0.6378306878306879,0.6754952123465506,0.8558974358974359,73,test,195,,,105,0.6490266366394436,0.6146213928715087,0.6318240147554761,0.6490266366394436,0.6146213928715087,0.612903947903948,0.5745909645909646,0.5937474562474563,0.612903947903948,0.5745909645909646,0.8112820512820512,0.8174358974358975,0.8143589743589743,0.8174358974358975,0.8112820512820512,0.04367119759107452,0.026468575707107034,0.044083231583231575,0.024926739926739883,0.041538461538461635,0.038461538461538436,-0.026468575707107034,0.017202621883967484,0.03440524376793486,1.7693180692349963
20,scifact,0.5,21.46252873668952,validation_weighted_fusion,0.6438603988603988,0.6839613696995684,0.8712820512820513,73,test,195,0.724047619047619,0.7471809594896875,105,0.6490266366394436,0.6146213928715087,0.6318240147554761,0.6490266366394436,0.6146213928715087,0.612903947903948,0.5745909645909646,0.5937474562474563,0.612903947903948,0.5745909645909646,0.8112820512820512,0.8174358974358975,0.8143589743589743,0.8174358974358975,0.8112820512820512,0.05213735494409233,0.034934733060124845,0.050112942612942524,0.03095645095645083,0.056923076923076965,0.053846153846153766,-0.034934733060124845,0.017202621883967484,0.03440524376793486,2.015389784643336
20,scifact,,5.8914951966774725,bm25,0.6305331705331706,0.6574570782604745,0.8105982905982906,109,test,195,,,105,0.6574570782604745,0.6367495721575601,0.6471033252090173,0.6574570782604745,0.6367495721575601,0.6305331705331706,0.5972059422059423,0.6138695563695564,0.6305331705331706,0.5972059422059423,0.8105982905982906,0.8246153846153846,0.8176068376068376,0.8246153846153846,0.8105982905982906,0.010353753051457248,0.0,0.01666361416361417,0.0,-0.007008547008547028,-0.014017094017094056,0.0,0.010353753051457248,0.020707506102914386,1.0
20,scifact,,15.571033540012044,dense,0.5972059422059423,0.6367495721575601,0.8246153846153846,109,test,195,,,105,0.6574570782604745,0.6367495721575601,0.6471033252090173,0.6574570782604745,0.6367495721575601,0.6305331705331706,0.5972059422059423,0.6138695563695564,0.6305331705331706,0.5972059422059423,0.8105982905982906,0.8246153846153846,0.8176068376068376,0.8246153846153846,0.8105982905982906,-0.010353753051457137,-0.020707506102914386,-0.01666361416361417,-0.03332722832722834,0.007008547008547028,0.0,0.020707506102914386,0.010353753051457248,0.020707506102914386,0.0
20,scifact,,21.46252873668952,rrf,0.6367643467643468,0.6767344065693756,0.8646153846153846,109,test,195,,,105,0.6574570782604745,0.6367495721575601,0.6471033252090173,0.6574570782604745,0.6367495721575601,0.6305331705331706,0.5972059422059423,0.6138695563695564,0.6305331705331706,0.5972059422059423,0.8105982905982906,0.8246153846153846,0.8176068376068376,0.8246153846153846,0.8105982905982906,0.029631081360358302,0.019277328308901054,0.022894790394790365,0.006231176231176194,0.04700854700854695,0.039999999999999925,-0.019277328308901054,0.010353753051457248,0.020707506102914386,1.9309343294694454
20,scifact,,21.46252873668952,zscore_fusion,0.6579324379324379,0.6897433864298617,0.8594871794871795,109,test,195,,,105,0.6574570782604745,0.6367495721575601,0.6471033252090173,0.6574570782604745,0.6367495721575601,0.6305331705331706,0.5972059422059423,0.6138695563695564,0.6305331705331706,0.5972059422059423,0.8105982905982906,0.8246153846153846,0.8176068376068376,0.8246153846153846,0.8105982905982906,0.042640061220844405,0.03228630816938716,0.04406288156288152,0.027399267399267346,0.04188034188034184,0.034871794871794815,-0.03228630816938716,0.010353753051457248,0.020707506102914386,2.5591596597353248
20,scifact,,21.46252873668952,minmax_fusion,0.6566015466015466,0.6864779355423405,0.8441025641025641,109,test,195,,,105,0.6574570782604745,0.6367495721575601,0.6471033252090173,0.6574570782604745,0.6367495721575601,0.6305331705331706,0.5972059422059423,0.6138695563695564,0.6305331705331706,0.5972059422059423,0.8105982905982906,0.8246153846153846,0.8176068376068376,0.8246153846153846,0.8105982905982906,0.039374610333323234,0.029020857281865986,0.04273199023199015,0.026068376068375976,0.026495726495726513,0.019487179487179485,-0.029020857281865986,0.010353753051457248,0.020707506102914386,2.4014655911549663
20,scifact,0.5,21.46252873668952,validation_weighted_fusion,0.6579324379324379,0.6897433864298617,0.8594871794871795,109,test,195,0.6979138321995465,0.7364429284191432,105,0.6574570782604745,0.6367495721575601,0.6471033252090173,0.6574570782604745,0.6367495721575601,0.6305331705331706,0.5972059422059423,0.6138695563695564,0.6305331705331706,0.5972059422059423,0.8105982905982906,0.8246153846153846,0.8176068376068376,0.8246153846153846,0.8105982905982906,0.042640061220844405,0.03228630816938716,0.04406288156288152,0.027399267399267346,0.04188034188034184,0.034871794871794815,-0.03228630816938716,0.010353753051457248,0.020707506102914386,2.5591596597353248
20,scifact,,5.8914951966774725,bm25,0.6426048026048026,0.673843206476677,0.8411111111111111,149,test,195,,,105,0.673843206476677,0.6435197528003891,0.658681479638533,0.673843206476677,0.6435197528003891,0.6426048026048026,0.6071998371998373,0.6249023199023199,0.6426048026048026,0.6071998371998373,0.8411111111111111,0.8369230769230769,0.839017094017094,0.8411111111111111,0.8369230769230769,0.015161726838143985,0.0,0.017702482702482647,0.0,0.002094017094017131,0.0,0.0,0.015161726838143985,0.03032345367628786,1.0
20,scifact,,15.571033540012044,dense,0.6071998371998373,0.6435197528003891,0.8369230769230769,149,test,195,,,105,0.673843206476677,0.6435197528003891,0.658681479638533,0.673843206476677,0.6435197528003891,0.6426048026048026,0.6071998371998373,0.6249023199023199,0.6426048026048026,0.6071998371998373,0.8411111111111111,0.8369230769230769,0.839017094017094,0.8411111111111111,0.8369230769230769,-0.015161726838143874,-0.03032345367628786,-0.017702482702482647,-0.035404965404965294,-0.002094017094017131,-0.004188034188034262,0.03032345367628786,0.015161726838143985,0.03032345367628786,0.0
20,scifact,,21.46252873668952,rrf,0.6651811151811152,0.7051411882674138,0.8871794871794871,149,test,195,,,105,0.673843206476677,0.6435197528003891,0.658681479638533,0.673843206476677,0.6435197528003891,0.6426048026048026,0.6071998371998373,0.6249023199023199,0.6426048026048026,0.6071998371998373,0.8411111111111111,0.8369230769230769,0.839017094017094,0.8411111111111111,0.8369230769230769,0.046459708628880825,0.03129798179073684,0.0402787952787953,0.02257631257631265,0.048162393162393125,0.046068376068375994,-0.03129798179073684,0.015161726838143985,0.03032345367628786,2.0321377678430816
20,scifact,,21.46252873668952,zscore_fusion,0.6868396418396419,0.7193034771369516,0.8871794871794871,149,test,195,,,105,0.673843206476677,0.6435197528003891,0.658681479638533,0.673843206476677,0.6435197528003891,0.6426048026048026,0.6071998371998373,0.6249023199023199,0.6426048026048026,0.6071998371998373,0.8411111111111111,0.8369230769230769,0.839017094017094,0.8411111111111111,0.8369230769230769,0.06062199749841868,0.04546027066027469,0.06193732193732193,0.044234839234839285,0.048162393162393125,0.046068376068375994,-0.04546027066027469,0.015161726838143985,0.03032345367628786,2.499178528461071
20,scifact,,21.46252873668952,minmax_fusion,0.6788013838013839,0.7062795266560877,0.8615384615384616,149,test,195,,,105,0.673843206476677,0.6435197528003891,0.658681479638533,0.673843206476677,0.6435197528003891,0.6426048026048026,0.6071998371998373,0.6249023199023199,0.6426048026048026,0.6071998371998373,0.8411111111111111,0.8369230769230769,0.839017094017094,0.8411111111111111,0.8369230769230769,0.04759804701755477,0.03243632017941078,0.05389906389906396,0.03619658119658131,0.022521367521367575,0.020427350427350444,-0.03243632017941078,0.015161726838143985,0.03032345367628786,2.0696776338763527
20,scifact,0.5,21.46252873668952,validation_weighted_fusion,0.6868396418396419,0.7193034771369516,0.8871794871794871,149,test,195,0.6442290249433106,0.6815456171059758,105,0.673843206476677,0.6435197528003891,0.658681479638533,0.673843206476677,0.6435197528003891,0.6426048026048026,0.6071998371998373,0.6249023199023199,0.6426048026048026,0.6071998371998373,0.8411111111111111,0.8369230769230769,0.839017094017094,0.8411111111111111,0.8369230769230769,0.06062199749841868,0.04546027066027469,0.06193732193732193,0.044234839234839285,0.048162393162393125,0.046068376068375994,-0.04546027066027469,0.015161726838143985,0.03032345367628786,2.499178528461071
20,scifact,,5.8914951966774725,bm25,0.6620492470492471,0.6889792845861449,0.8441025641025641,181,test,195,,,105,0.6889792845861449,0.6469522986323201,0.6679657916092325,0.6889792845861449,0.6469522986323201,0.6620492470492471,0.6004680504680504,0.6312586487586487,0.6620492470492471,0.6004680504680504,0.8441025641025641,0.8497435897435897,0.8469230769230769,0.8497435897435897,0.8441025641025641,0.02101349297691235,0.0,0.03079059829059838,0.0,-0.002820512820512766,-0.005641025641025532,0.0,0.02101349297691235,0.042026985953824814,1.0
20,scifact,,15.571033540012044,dense,0.6004680504680504,0.6469522986323201,0.8497435897435897,181,test,195,,,105,0.6889792845861449,0.6469522986323201,0.6679657916092325,0.6889792845861449,0.6469522986323201,0.6620492470492471,0.6004680504680504,0.6312586487586487,0.6620492470492471,0.6004680504680504,0.8441025641025641,0.8497435897435897,0.8469230769230769,0.8497435897435897,0.8441025641025641,-0.021013492976912462,-0.042026985953824814,-0.03079059829059827,-0.06158119658119665,0.002820512820512766,0.0,0.042026985953824814,0.02101349297691235,0.042026985953824814,0.0
20,scifact,,21.46252873668952,rrf,0.6733292633292634,0.7103088928087077,0.8923076923076924,181,test,195,,,105,0.6889792845861449,0.6469522986323201,0.6679657916092325,0.6889792845861449,0.6469522986323201,0.6620492470492471,0.6004680504680504,0.6312586487586487,0.6620492470492471,0.6004680504680504,0.8441025641025641,0.8497435897435897,0.8469230769230769,0.8497435897435897,0.8441025641025641,0.04234310119947515,0.0213296082225628,0.04207061457061467,0.011280016280016292,0.04538461538461547,0.0425641025641027,-0.0213296082225628,0.02101349297691235,0.042026985953824814,1.5075217205915674
20,scifact,,21.46252873668952,zscore_fusion,0.7012087912087912,0.7287155671184213,0.8871794871794871,181,test,195,,,105,0.6889792845861449,0.6469522986323201,0.6679657916092325,0.6889792845861449,0.6469522986323201,0.6620492470492471,0.6004680504680504,0.6312586487586487,0.6620492470492471,0.6004680504680504,0.8441025641025641,0.8497435897435897,0.8469230769230769,0.8497435897435897,0.8441025641025641,0.06074977550918881,0.03973628253227646,0.06995014245014253,0.039159544159544146,0.04025641025641025,0.03743589743589748,-0.03973628253227646,0.02101349297691235,0.042026985953824814,1.9454944633891862
20,scifact,,21.46252873668952,minmax_fusion,0.6943345543345543,0.7184853411343948,0.8717948717948718,181,test,195,,,105,0.6889792845861449,0.6469522986323201,0.6679657916092325,0.6889792845861449,0.6469522986323201,0.6620492470492471,0.6004680504680504,0.6312586487586487,0.6620492470492471,0.6004680504680504,0.8441025641025641,0.8497435897435897,0.8469230769230769,0.8497435897435897,0.8441025641025641,0.050519549525162244,0.029506056548249893,0.06307590557590559,0.03228530728530721,0.024871794871794917,0.02205128205128215,-0.029506056548249893,0.02101349297691235,0.042026985953824814,1.7020740573846598
20,scifact,0.8,21.46252873668952,validation_weighted_fusion,0.6728530728530729,0.7031432015158597,0.8497435897435897,181,test,195,0.6377324263038548,0.6687818904252736,105,0.6889792845861449,0.6469522986323201,0.6679657916092325,0.6889792845861449,0.6469522986323201,0.6620492470492471,0.6004680504680504,0.6312586487586487,0.6620492470492471,0.6004680504680504,0.8441025641025641,0.8497435897435897,0.8469230769230769,0.8497435897435897,0.8441025641025641,0.03517740990662721,0.01416391692971486,0.041594424094424265,0.010803825803825884,0.002820512820512766,0.0,-0.01416391692971486,0.02101349297691235,0.042026985953824814,1.3370195746437015
50,scifact,,5.8914951966774725,bm25,0.6407244607244608,0.6762632809912035,0.875897435897436,19,test,195,,,105,0.6762632809912035,0.6673698109830799,0.6718165459871417,0.6762632809912035,0.6673698109830799,0.6407244607244608,0.6284452584452584,0.6345848595848596,0.6407244607244608,0.6284452584452584,0.875897435897436,0.9076923076923076,0.8917948717948718,0.9076923076923076,0.875897435897436,0.004446735004061786,0.0,0.006139601139601214,0.0,-0.015897435897435863,-0.031794871794871615,0.0,0.004446735004061786,0.008893470008123572,1.0
50,scifact,,15.571033540012044,dense,0.6284452584452584,0.6673698109830799,0.9076923076923076,19,test,195,,,105,0.6762632809912035,0.6673698109830799,0.6718165459871417,0.6762632809912035,0.6673698109830799,0.6407244607244608,0.6284452584452584,0.6345848595848596,0.6407244607244608,0.6284452584452584,0.875897435897436,0.9076923076923076,0.8917948717948718,0.9076923076923076,0.875897435897436,-0.004446735004061786,-0.008893470008123572,-0.006139601139601103,-0.012279202279202317,0.015897435897435752,0.0,0.008893470008123572,0.004446735004061786,0.008893470008123572,0.0
50,scifact,,21.46252873668952,rrf,0.6594790394790394,0.7005333812211172,0.9487179487179488,19,test,195,,,105,0.6762632809912035,0.6673698109830799,0.6718165459871417,0.6762632809912035,0.6673698109830799,0.6407244607244608,0.6284452584452584,0.6345848595848596,0.6407244607244608,0.6284452584452584,0.875897435897436,0.9076923076923076,0.8917948717948718,0.9076923076923076,0.875897435897436,0.028716835233975502,0.024270100229913716,0.024894179894179858,0.018754578754578644,0.056923076923076965,0.04102564102564121,-0.024270100229913716,0.004446735004061786,0.008893470008123572,3.728979825393761
50,scifact,,21.46252873668952,zscore_fusion,0.6833251933251933,0.7169511764400233,0.9435897435897436,19,test,195,,,105,0.6762632809912035,0.6673698109830799,0.6718165459871417,0.6762632809912035,0.6673698109830799,0.6407244607244608,0.6284452584452584,0.6345848595848596,0.6407244607244608,0.6284452584452584,0.875897435897436,0.9076923076923076,0.8917948717948718,0.9076923076923076,0.875897435897436,0.045134630452881574,0.04068789544881979,0.04874033374033371,0.042600732600732494,0.051794871794871744,0.03589743589743599,-0.04068789544881979,0.004446735004061786,0.008893470008123572,5.575030377530278
50,scifact,,21.46252873668952,minmax_fusion,0.6815364265364265,0.7134683551081094,0.9333333333333332,19,test,195,,,105,0.6762632809912035,0.6673698109830799,0.6718165459871417,0.6762632809912035,0.6673698109830799,0.6407244607244608,0.6284452584452584,0.6345848595848596,0.6407244607244608,0.6284452584452584,0.875897435897436,0.9076923076923076,0.8917948717948718,0.9076923076923076,0.875897435897436,0.041651809120967664,0.03720507411690588,0.04695156695156699,0.04081196581196578,0.04153846153846141,0.02564102564102566,-0.03720507411690588,0.004446735004061786,0.008893470008123572,5.183414806922563
50,scifact,0.5,21.46252873668952,validation_weighted_fusion,0.6833251933251933,0.7169511764400233,0.9435897435897436,19,test,195,0.6587414965986395,0.6910505584717017,105,0.6762632809912035,0.6673698109830799,0.6718165459871417,0.6762632809912035,0.6673698109830799,0.6407244607244608,0.6284452584452584,0.6345848595848596,0.6407244607244608,0.6284452584452584,0.875897435897436,0.9076923076923076,0.8917948717948718,0.9076923076923076,0.875897435897436,0.045134630452881574,0.04068789544881979,0.04874033374033371,0.042600732600732494,0.051794871794871744,0.03589743589743599,-0.04068789544881979,0.004446735004061786,0.008893470008123572,5.575030377530278
50,scifact,,5.8914951966774725,bm25,0.6317501017501017,0.6680093338221503,0.874102564102564,31,test,195,,,105,0.6680093338221503,0.646947605594106,0.6574784697081282,0.6680093338221503,0.646947605594106,0.6317501017501017,0.6066076516076516,0.6191788766788766,0.6317501017501017,0.6066076516076516,0.874102564102564,0.9107692307692308,0.8924358974358975,0.9107692307692308,0.874102564102564,0.010530864114022154,0.0,0.0125712250712251,0.0,-0.018333333333333424,-0.036666666666666736,0.0,0.010530864114022154,0.021061728228044307,1.0
50,scifact,,15.571033540012044,dense,0.6066076516076516,0.646947605594106,0.9107692307692308,31,test,195,,,105,0.6680093338221503,0.646947605594106,0.6574784697081282,0.6680093338221503,0.646947605594106,0.6317501017501017,0.6066076516076516,0.6191788766788766,0.6317501017501017,0.6066076516076516,0.874102564102564,0.9107692307692308,0.8924358974358975,0.9107692307692308,0.874102564102564,-0.010530864114022154,-0.021061728228044307,-0.01257122507122499,-0.02514245014245009,0.018333333333333313,0.0,0.021061728228044307,0.010530864114022154,0.021061728228044307,0.0
50,scifact,,21.46252873668952,rrf,0.6528266178266178,0.6954714742279182,0.9543589743589744,31,test,195,,,105,0.6680093338221503,0.646947605594106,0.6574784697081282,0.6680093338221503,0.646947605594106,0.6317501017501017,0.6066076516076516,0.6191788766788766,0.6317501017501017,0.6066076516076516,0.874102564102564,0.9107692307692308,0.8924358974358975,0.9107692307692308,0.874102564102564,0.03799300451979004,0.027462140405767888,0.03364774114774116,0.02107651607651606,0.06192307692307697,0.04358974358974366,-0.027462140405767888,0.010530864114022154,0.021061728228044307,2.303888271105941
50,scifact,,21.46252873668952,zscore_fusion,0.6864448514448515,0.7214684542441183,0.9543589743589744,31,test,195,,,105,0.6680093338221503,0.646947605594106,0.6574784697081282,0.6680093338221503,0.646947605594106,0.6317501017501017,0.6066076516076516,0.6191788766788766,0.6317501017501017,0.6066076516076516,0.874102564102564,0.9107692307692308,0.8924358974358975,0.9107692307692308,0.874102564102564,0.06398998453599014,0.05345912042196799,0.06726597476597485,0.054694749694749745,0.06192307692307697,0.04358974358974366,-0.05345912042196799,0.010530864114022154,0.021061728228044307,3.5382114821321076
50,scifact,,21.46252873668952,minmax_fusion,0.6724277574277574,0.7065321036429627,0.938974358974359,31,test,195,,,105,0.6680093338221503,0.646947605594106,0.6574784697081282,0.6680093338221503,0.646947605594106,0.6317501017501017,0.6066076516076516,0.6191788766788766,0.6317501017501017,0.6066076516076516,0.874102564102564,0.9107692307692308,0.8924358974358975,0.9107692307692308,0.874102564102564,0.04905363393483453,0.038522769820812375,0.05324888074888079,0.04067765567765569,0.04653846153846153,0.028205128205128216,-0.038522769820812375,0.010530864114022154,0.021061728228044307,2.829041254530964
50,scifact,0.6,21.46252873668952,validation_weighted_fusion,0.6744301994301994,0.7097892900032676,0.9364102564102564,31,test,195,0.6690022675736961,0.6990495195440191,105,0.6680093338221503,0.646947605594106,0.6574784697081282,0.6680093338221503,0.646947605594106,0.6317501017501017,0.6066076516076516,0.6191788766788766,0.6317501017501017,0.6066076516076516,0.874102564102564,0.9107692307692308,0.8924358974358975,0.9107692307692308,0.874102564102564,0.05231082029513945,0.041779956181117295,0.05525132275132283,0.04268009768009773,0.043974358974358974,0.02564102564102566,-0.041779956181117295,0.010530864114022154,0.021061728228044307,2.983690784001574
50,scifact,,5.8914951966774725,bm25,0.642085877085877,0.6710462285952398,0.8664102564102564,47,test,195,,,105,0.6710462285952398,0.650618204559322,0.6608322165772809,0.6710462285952398,0.650618204559322,0.642085877085877,0.613880748880749,0.627983312983313,0.642085877085877,0.613880748880749,0.8664102564102564,0.8825641025641026,0.8744871794871795,0.8825641025641026,0.8664102564102564,0.010214012017958907,0.0,0.014102564102564052,0.0,-0.008076923076923093,-0.016153846153846185,0.0,0.010214012017958907,0.020428024035917813,1.0
50,scifact,,15.571033540012044,dense,0.613880748880749,0.650618204559322,0.8825641025641026,47,test,195,,,105,0.6710462285952398,0.650618204559322,0.6608322165772809,0.6710462285952398,0.650618204559322,0.642085877085877,0.613880748880749,0.627983312983313,0.642085877085877,0.613880748880749,0.8664102564102564,0.8825641025641026,0.8744871794871795,0.8825641025641026,0.8664102564102564,-0.010214012017958907,-0.020428024035917813,-0.014102564102564052,-0.028205128205128105,0.008076923076923093,0.0,0.020428024035917813,0.010214012017958907,0.020428024035917813,0.0
50,scifact,,21.46252873668952,rrf,0.6545787545787546,0.6932738824598952,0.944102564102564,47,test,195,,,105,0.6710462285952398,0.650618204559322,0.6608322165772809,0.6710462285952398,0.650618204559322,0.642085877085877,0.613880748880749,0.627983312983313,0.642085877085877,0.613880748880749,0.8664102564102564,0.8825641025641026,0.8744871794871795,0.8825641025641026,0.8664102564102564,0.03244166588261432,0.022227653864655417,0.026595441595441582,0.01249287749287753,0.06961538461538452,0.06153846153846143,-0.022227653864655417,0.010214012017958907,0.020428024035917813,2.0880961284152293
50,scifact,,21.46252873668952,zscore_fusion,0.6801912901912901,0.7122046609201599,0.938974358974359,47,test,195,,,105,0.6710462285952398,0.650618204559322,0.6608322165772809,0.6710462285952398,0.650618204559322,0.642085877085877,0.613880748880749,0.627983312983313,0.642085877085877,0.613880748880749,0.8664102564102564,0.8825641025641026,0.8744871794871795,0.8825641025641026,0.8664102564102564,0.05137244434287902,0.04115843232492011,0.052207977207977097,0.038105413105413044,0.06448717948717952,0.05641025641025643,-0.04115843232492011,0.010214012017958907,0.020428024035917813,3.0148024230122705
50,scifact,,21.46252873668952,minmax_fusion,0.6777269027269027,0.7080931543200476,0.9235897435897436,47,test,195,,,105,0.6710462285952398,0.650618204559322,0.6608322165772809,0.6710462285952398,0.650618204559322,0.642085877085877,0.613880748880749,0.627983312983313,0.642085877085877,0.613880748880749,0.8664102564102564,0.8825641025641026,0.8744871794871795,0.8825641025641026,0.8664102564102564,0.04726093774276674,0.03704692572480783,0.04974358974358972,0.03564102564102567,0.049102564102564084,0.04102564102564099,-0.03704692572480783,0.010214012017958907,0.020428024035917813,2.8135344691033084
50,scifact,0.5,21.46252873668952,validation_weighted_fusion,0.6801912901912901,0.7122046609201599,0.938974358974359,47,test,195,0.6645616024187453,0.6998655158657336,105,0.6710462285952398,0.650618204559322,0.6608322165772809,0.6710462285952398,0.650618204559322,0.642085877085877,0.613880748880749,0.627983312983313,0.642085877085877,0.613880748880749,0.8664102564102564,0.8825641025641026,0.8744871794871795,0.8825641025641026,0.8664102564102564,0.05137244434287902,0.04115843232492011,0.052207977207977097,0.038105413105413044,0.06448717948717952,0.05641025641025643,-0.04115843232492011,0.010214012017958907,0.020428024035917813,3.0148024230122705
50,scifact,,5.8914951966774725,bm25,0.612903947903948,0.6490266366394436,0.8635897435897436,73,test,195,,,105,0.6490266366394436,0.6146213928715087,0.6318240147554761,0.6490266366394436,0.6146213928715087,0.612903947903948,0.5745909645909646,0.5937474562474563,0.612903947903948,0.5745909645909646,0.8635897435897436,0.8748717948717949,0.8692307692307693,0.8748717948717949,0.8635897435897436,0.017202621883967484,0.0,0.019156491656491692,0.0,-0.005641025641025643,-0.011282051282051286,0.0,0.017202621883967484,0.03440524376793486,1.0
50,scifact,,15.571033540012044,dense,0.5745909645909646,0.6146213928715087,0.8748717948717949,73,test,195,,,105,0.6490266366394436,0.6146213928715087,0.6318240147554761,0.6490266366394436,0.6146213928715087,0.612903947903948,0.5745909645909646,0.5937474562474563,0.612903947903948,0.5745909645909646,0.8635897435897436,0.8748717948717949,0.8692307692307693,0.8748717948717949,0.8635897435897436,-0.017202621883967373,-0.03440524376793486,-0.019156491656491692,-0.038312983312983384,0.005641025641025643,0.0,0.03440524376793486,0.017202621883967484,0.03440524376793486,0.0
50,scifact,,21.46252873668952,rrf,0.6216157916157916,0.6691074442692334,0.9338461538461538,73,test,195,,,105,0.6490266366394436,0.6146213928715087,0.6318240147554761,0.6490266366394436,0.6146213928715087,0.612903947903948,0.5745909645909646,0.5937474562474563,0.612903947903948,0.5745909645909646,0.8635897435897436,0.8748717948717949,0.8692307692307693,0.8748717948717949,0.8635897435897436,0.037283429513757294,0.02008080762978981,0.02786833536833533,0.008711843711843636,0.06461538461538452,0.058974358974358876,-0.02008080762978981,0.017202621883967484,0.03440524376793486,1.5836554382592343
50,scifact,,21.46252873668952,zscore_fusion,0.6483251933251933,0.6895735130567867,0.9287179487179488,73,test,195,,,105,0.6490266366394436,0.6146213928715087,0.6318240147554761,0.6490266366394436,0.6146213928715087,0.612903947903948,0.5745909645909646,0.5937474562474563,0.612903947903948,0.5745909645909646,0.8635897435897436,0.8748717948717949,0.8692307692307693,0.8748717948717949,0.8635897435897436,0.0577494983013106,0.040546876417343114,0.054577737077737054,0.03542124542124536,0.05948717948717952,0.05384615384615388,-0.040546876417343114,0.017202621883967484,0.03440524376793486,2.178508621849445
50,scifact,,21.46252873668952,minmax_fusion,0.6442144892144892,0.6828101532603467,0.903076923076923,73,test,195,,,105,0.6490266366394436,0.6146213928715087,0.6318240147554761,0.6490266366394436,0.6146213928715087,0.612903947903948,0.5745909645909646,0.5937474562474563,0.612903947903948,0.5745909645909646,0.8635897435897436,0.8748717948717949,0.8692307692307693,0.8748717948717949,0.8635897435897436,0.05098613850487055,0.033783516620903065,0.05046703296703292,0.03131054131054123,0.03384615384615375,0.028205128205128105,-0.033783516620903065,0.017202621883967484,0.03440524376793486,1.9819292910340827
50,scifact,0.5,21.46252873668952,validation_weighted_fusion,0.6483251933251933,0.6895735130567867,0.9287179487179488,73,test,195,0.7237414965986395,0.741894790469141,105,0.6490266366394436,0.6146213928715087,0.6318240147554761,0.6490266366394436,0.6146213928715087,0.612903947903948,0.5745909645909646,0.5937474562474563,0.612903947903948,0.5745909645909646,0.8635897435897436,0.8748717948717949,0.8692307692307693,0.8748717948717949,0.8635897435897436,0.0577494983013106,0.040546876417343114,0.054577737077737054,0.03542124542124536,0.05948717948717952,0.05384615384615388,-0.040546876417343114,0.017202621883967484,0.03440524376793486,2.178508621849445
50,scifact,,5.8914951966774725,bm25,0.6305331705331706,0.6574570782604745,0.8575213675213675,109,test,195,,,105,0.6574570782604745,0.6367495721575601,0.6471033252090173,0.6574570782604745,0.6367495721575601,0.6305331705331706,0.5972059422059423,0.6138695563695564,0.6305331705331706,0.5972059422059423,0.8575213675213675,0.8923076923076924,0.87491452991453,0.8923076923076924,0.8575213675213675,0.010353753051457248,0.0,0.01666361416361417,0.0,-0.017393162393162465,-0.03478632478632482,0.0,0.010353753051457248,0.020707506102914386,1.0
50,scifact,,15.571033540012044,dense,0.5972059422059423,0.6367495721575601,0.8923076923076924,109,test,195,,,105,0.6574570782604745,0.6367495721575601,0.6471033252090173,0.6574570782604745,0.6367495721575601,0.6305331705331706,0.5972059422059423,0.6138695563695564,0.6305331705331706,0.5972059422059423,0.8575213675213675,0.8923076923076924,0.87491452991453,0.8923076923076924,0.8575213675213675,-0.010353753051457137,-0.020707506102914386,-0.01666361416361417,-0.03332722832722834,0.017393162393162354,0.0,0.020707506102914386,0.010353753051457248,0.020707506102914386,0.0
50,scifact,,21.46252873668952,rrf,0.6357895807895808,0.6779414997254141,0.9282051282051282,109,test,195,,,105,0.6574570782604745,0.6367495721575601,0.6471033252090173,0.6574570782604745,0.6367495721575601,0.6305331705331706,0.5972059422059423,0.6138695563695564,0.6305331705331706,0.5972059422059423,0.8575213675213675,0.8923076923076924,0.87491452991453,0.8923076923076924,0.8575213675213675,0.03083817451639681,0.02048442146493956,0.021920024420024387,0.0052564102564102155,0.053290598290598234,0.03589743589743588,-0.02048442146493956,0.010353753051457248,0.020707506102914386,1.9892268708329186
50,scifact,,21.46252873668952,zscore_fusion,0.6666096866096866,0.6967583641630137,0.9230769230769232,109,test,195,,,105,0.6574570782604745,0.6367495721575601,0.6471033252090173,0.6574570782604745,0.6367495721575601,0.6305331705331706,0.5972059422059423,0.6138695563695564,0.6305331705331706,0.5972059422059423,0.8575213675213675,0.8923076923076924,0.87491452991453,0.8923076923076924,0.8575213675213675,0.04965503895399648,0.03930128590253923,0.052740130240130134,0.03607651607651596,0.048162393162393236,0.030769230769230882,-0.03930128590253923,0.010353753051457248,0.020707506102914386,2.8979246321220664
50,scifact,,21.46252873668952,minmax_fusion,0.6613024013024013,0.6941186729085868,0.9128205128205128,109,test,195,,,105,0.6574570782604745,0.6367495721575601,0.6471033252090173,0.6574570782604745,0.6367495721575601,0.6305331705331706,0.5972059422059423,0.6138695563695564,0.6305331705331706,0.5972059422059423,0.8575213675213675,0.8923076923076924,0.87491452991453,0.8923076923076924,0.8575213675213675,0.0470153476995695,0.03666159464811225,0.04743284493284483,0.03076923076923066,0.037905982905982794,0.02051282051282044,-0.03666159464811225,0.010353753051457248,0.020707506102914386,2.7704495396938444
50,scifact,0.5,21.46252873668952,validation_weighted_fusion,0.6666096866096866,0.6967583641630137,0.9230769230769232,109,test,195,0.6897845804988663,0.7285514955575766,105,0.6574570782604745,0.6367495721575601,0.6471033252090173,0.6574570782604745,0.6367495721575601,0.6305331705331706,0.5972059422059423,0.6138695563695564,0.6305331705331706,0.5972059422059423,0.8575213675213675,0.8923076923076924,0.87491452991453,0.8923076923076924,0.8575213675213675,0.04965503895399648,0.03930128590253923,0.052740130240130134,0.03607651607651596,0.048162393162393236,0.030769230769230882,-0.03930128590253923,0.010353753051457248,0.020707506102914386,2.8979246321220664
50,scifact,,5.8914951966774725,bm25,0.6426048026048026,0.673843206476677,0.8762393162393163,149,test,195,,,105,0.673843206476677,0.6435197528003891,0.658681479638533,0.673843206476677,0.6435197528003891,0.6426048026048026,0.6071998371998373,0.6249023199023199,0.6426048026048026,0.6071998371998373,0.8762393162393163,0.8953846153846153,0.8858119658119659,0.8953846153846153,0.8762393162393163,0.015161726838143985,0.0,0.017702482702482647,0.0,-0.009572649572649583,-0.019145299145299055,0.0,0.015161726838143985,0.03032345367628786,1.0
50,scifact,,15.571033540012044,dense,0.6071998371998373,0.6435197528003891,0.8953846153846153,149,test,195,,,105,0.673843206476677,0.6435197528003891,0.658681479638533,0.673843206476677,0.6435197528003891,0.6426048026048026,0.6071998371998373,0.6249023199023199,0.6426048026048026,0.6071998371998373,0.8762393162393163,0.8953846153846153,0.8858119658119659,0.8953846153846153,0.8762393162393163,-0.015161726838143874,-0.03032345367628786,-0.017702482702482647,-0.035404965404965294,0.009572649572649472,0.0,0.03032345367628786,0.015161726838143985,0.03032345367628786,0.0
50,scifact,,21.46252873668952,rrf,0.6637098087098088,0.703391534110116,0.9312820512820512,149,test,195,,,105,0.673843206476677,0.6435197528003891,0.658681479638533,0.673843206476677,0.6435197528003891,0.6426048026048026,0.6071998371998373,0.6249023199023199,0.6426048026048026,0.6071998371998373,0.8762393162393163,0.8953846153846153,0.8858119658119659,0.8953846153846153,0.8762393162393163,0.04471005447158305,0.029548327633439064,0.038807488807488855,0.021105006105006208,0.04547008547008535,0.03589743589743588,-0.029548327633439064,0.015161726838143985,0.03032345367628786,1.9744380685945768
50,scifact,,21.46252873668952,zscore_fusion,0.696023606023606,0.7258252601046654,0.9312820512820512,149,test,195,,,105,0.673843206476677,0.6435197528003891,0.658681479638533,0.673843206476677,0.6435197528003891,0.6426048026048026,0.6071998371998373,0.6249023199023199,0.6426048026048026,0.6071998371998373,0.8762393162393163,0.8953846153846153,0.8858119658119659,0.8953846153846153,0.8762393162393163,0.06714378046613245,0.05198205362798847,0.0711212861212861,0.05341880341880345,0.04547008547008535,0.03589743589743588,-0.05198205362798847,0.015161726838143985,0.03032345367628786,2.7142524127664607
50,scifact,,21.46252873668952,minmax_fusion,0.6887525437525438,0.7182779368328335,0.9107692307692308,149,test,195,,,105,0.673843206476677,0.6435197528003891,0.658681479638533,0.673843206476677,0.6435197528003891,0.6426048026048026,0.6071998371998373,0.6249023199023199,0.6426048026048026,0.6071998371998373,0.8762393162393163,0.8953846153846153,0.8858119658119659,0.8953846153846153,0.8762393162393163,0.05959645719430051,0.04443473035615653,0.06385022385022388,0.04614774114774123,0.024957264957264913,0.015384615384615441,-0.04443473035615653,0.015161726838143985,0.03032345367628786,2.465358492159596
50,scifact,0.6,21.46252873668952,validation_weighted_fusion,0.6895706145706146,0.7217905830106308,0.9107692307692308,149,test,195,0.6408843537414967,0.676761403958916,105,0.673843206476677,0.6435197528003891,0.658681479638533,0.673843206476677,0.6435197528003891,0.6426048026048026,0.6071998371998373,0.6249023199023199,0.6426048026048026,0.6071998371998373,0.8762393162393163,0.8953846153846153,0.8858119658119659,0.8953846153846153,0.8762393162393163,0.06310910337209785,0.04794737653395387,0.06466829466829471,0.046965811965812065,0.024957264957264913,0.015384615384615441,-0.04794737653395387,0.015161726838143985,0.03032345367628786,2.581197743693933
50,scifact,,5.8914951966774725,bm25,0.6620492470492471,0.6889792845861449,0.8894871794871795,181,test,195,,,105,0.6889792845861449,0.6469522986323201,0.6679657916092325,0.6889792845861449,0.6469522986323201,0.6620492470492471,0.6004680504680504,0.6312586487586487,0.6620492470492471,0.6004680504680504,0.8894871794871795,0.8825641025641026,0.8860256410256411,0.8894871794871795,0.8825641025641026,0.02101349297691235,0.0,0.03079059829059838,0.0,0.003461538461538405,0.0,0.0,0.02101349297691235,0.042026985953824814,1.0
50,scifact,,15.571033540012044,dense,0.6004680504680504,0.6469522986323201,0.8825641025641026,181,test,195,,,105,0.6889792845861449,0.6469522986323201,0.6679657916092325,0.6889792845861449,0.6469522986323201,0.6620492470492471,0.6004680504680504,0.6312586487586487,0.6620492470492471,0.6004680504680504,0.8894871794871795,0.8825641025641026,0.8860256410256411,0.8894871794871795,0.8825641025641026,-0.021013492976912462,-0.042026985953824814,-0.03079059829059827,-0.06158119658119665,-0.003461538461538516,-0.006923076923076921,0.042026985953824814,0.02101349297691235,0.042026985953824814,0.0
50,scifact,,21.46252873668952,rrf,0.6677126577126576,0.7054709736269394,0.9415384615384615,181,test,195,,,105,0.6889792845861449,0.6469522986323201,0.6679657916092325,0.6889792845861449,0.6469522986323201,0.6620492470492471,0.6004680504680504,0.6312586487586487,0.6620492470492471,0.6004680504680504,0.8894871794871795,0.8825641025641026,0.8860256410256411,0.8894871794871795,0.8825641025641026,0.03750518201770692,0.016491689040794566,0.036454008954008965,0.005663410663410584,0.05551282051282047,0.052051282051282066,-0.016491689040794566,0.02101349297691235,0.042026985953824814,1.3924071323818947
50,scifact,,21.46252873668952,zscore_fusion,0.6985307285307285,0.7286394222483616,0.9364102564102564,181,test,195,,,105,0.6889792845861449,0.6469522986323201,0.6679657916092325,0.6889792845861449,0.6469522986323201,0.6620492470492471,0.6004680504680504,0.6312586487586487,0.6620492470492471,0.6004680504680504,0.8894871794871795,0.8825641025641026,0.8860256410256411,0.8894871794871795,0.8825641025641026,0.06067363063912912,0.039660137662216766,0.06727207977207983,0.03648148148148145,0.05038461538461536,0.046923076923076956,-0.039660137662216766,0.02101349297691235,0.042026985953824814,1.9436826544209354
50,scifact,,21.46252873668952,minmax_fusion,0.6922140822140823,0.7194181082212252,0.915897435897436,181,test,195,,,105,0.6889792845861449,0.6469522986323201,0.6679657916092325,0.6889792845861449,0.6469522986323201,0.6620492470492471,0.6004680504680504,0.6312586487586487,0.6620492470492471,0.6004680504680504,0.8894871794871795,0.8825641025641026,0.8860256410256411,0.8894871794871795,0.8825641025641026,0.05145231661199268,0.030438823635080325,0.06095543345543364,0.030164835164835258,0.02987179487179492,0.026410256410256516,-0.030438823635080325,0.02101349297691235,0.042026985953824814,1.7242685370900392
50,scifact,0.8,21.46252873668952,validation_weighted_fusion,0.6807753357753358,0.7123150837067826,0.8825641025641026,181,test,195,0.6408919123204838,0.6846070167224076,105,0.6889792845861449,0.6469522986323201,0.6679657916092325,0.6889792845861449,0.6469522986323201,0.6620492470492471,0.6004680504680504,0.6312586487586487,0.6620492470492471,0.6004680504680504,0.8894871794871795,0.8825641025641026,0.8860256410256411,0.8894871794871795,0.8825641025641026,0.04434929209755012,0.023335799120637768,0.0495166870166871,0.01872608872608872,-0.003461538461538516,-0.006923076923076921,-0.023335799120637768,0.02101349297691235,0.042026985953824814,1.555257499223877
100,scifact,,5.8914951966774725,bm25,0.6407244607244608,0.6762632809912035,0.875897435897436,19,test,195,,,105,0.6762632809912035,0.6673698109830799,0.6718165459871417,0.6762632809912035,0.6673698109830799,0.6407244607244608,0.6284452584452584,0.6345848595848596,0.6407244607244608,0.6284452584452584,0.875897435897436,0.935897435897436,0.905897435897436,0.935897435897436,0.875897435897436,0.004446735004061786,0.0,0.006139601139601214,0.0,-0.030000000000000027,-0.06000000000000005,0.0,0.004446735004061786,0.008893470008123572,1.0
100,scifact,,15.571033540012044,dense,0.6284452584452584,0.6673698109830799,0.935897435897436,19,test,195,,,105,0.6762632809912035,0.6673698109830799,0.6718165459871417,0.6762632809912035,0.6673698109830799,0.6407244607244608,0.6284452584452584,0.6345848595848596,0.6407244607244608,0.6284452584452584,0.875897435897436,0.935897435897436,0.905897435897436,0.935897435897436,0.875897435897436,-0.004446735004061786,-0.008893470008123572,-0.006139601139601103,-0.012279202279202317,0.030000000000000027,0.0,0.008893470008123572,0.004446735004061786,0.008893470008123572,0.0
100,scifact,,21.46252873668952,rrf,0.6582885632885633,0.6973211422217124,0.9615384615384616,19,test,195,,,105,0.6762632809912035,0.6673698109830799,0.6718165459871417,0.6762632809912035,0.6673698109830799,0.6407244607244608,0.6284452584452584,0.6345848595848596,0.6407244607244608,0.6284452584452584,0.875897435897436,0.935897435897436,0.905897435897436,0.935897435897436,0.875897435897436,0.025504596234570687,0.0210578612305089,0.023703703703703782,0.01756410256410257,0.05564102564102558,0.02564102564102555,-0.0210578612305089,0.004446735004061786,0.008893470008123572,3.367789086967629
100,scifact,,21.46252873668952,zscore_fusion,0.6780606430606432,0.7109021174384608,0.9615384615384616,19,test,195,,,105,0.6762632809912035,0.6673698109830799,0.6718165459871417,0.6762632809912035,0.6673698109830799,0.6407244607244608,0.6284452584452584,0.6345848595848596,0.6407244607244608,0.6284452584452584,0.875897435897436,0.935897435897436,0.905897435897436,0.935897435897436,0.875897435897436,0.03908557145131908,0.03463883644725729,0.043475783475783625,0.03733618233618241,0.05564102564102558,0.02564102564102555,-0.03463883644725729,0.004446735004061786,0.008893470008123572,4.894861782365838
100,scifact,,21.46252873668952,minmax_fusion,0.6826048026048026,0.7120085340374805,0.9512820512820512,19,test,195,,,105,0.6762632809912035,0.6673698109830799,0.6718165459871417,0.6762632809912035,0.6673698109830799,0.6407244607244608,0.6284452584452584,0.6345848595848596,0.6407244607244608,0.6284452584452584,0.875897435897436,0.935897435897436,0.905897435897436,0.935897435897436,0.875897435897436,0.040191988050338856,0.03574525304627707,0.04801994301994306,0.04188034188034184,0.045384615384615246,0.015384615384615219,-0.03574525304627707,0.004446735004061786,0.008893470008123572,5.019269532997384
100,scifact,0.5,21.46252873668952,validation_weighted_fusion,0.6780606430606432,0.7109021174384608,0.9615384615384616,19,test,195,0.6676417233560091,0.6947262297343662,105,0.6762632809912035,0.6673698109830799,0.6718165459871417,0.6762632809912035,0.6673698109830799,0.6407244607244608,0.6284452584452584,0.6345848595848596,0.6407244607244608,0.6284452584452584,0.875897435897436,0.935897435897436,0.905897435897436,0.935897435897436,0.875897435897436,0.03908557145131908,0.03463883644725729,0.043475783475783625,0.03733618233618241,0.05564102564102558,0.02564102564102555,-0.03463883644725729,0.004446735004061786,0.008893470008123572,4.894861782365838
100,scifact,,5.8914951966774725,bm25,0.6317501017501017,0.6680093338221503,0.8774358974358974,31,test,195,,,105,0.6680093338221503,0.646947605594106,0.6574784697081282,0.6680093338221503,0.646947605594106,0.6317501017501017,0.6066076516076516,0.6191788766788766,0.6317501017501017,0.6066076516076516,0.8774358974358974,0.9384615384615383,0.9079487179487179,0.9384615384615383,0.8774358974358974,0.010530864114022154,0.0,0.0125712250712251,0.0,-0.03051282051282045,-0.0610256410256409,0.0,0.010530864114022154,0.021061728228044307,1.0
100,scifact,,15.571033540012044,dense,0.6066076516076516,0.646947605594106,0.9384615384615383,31,test,195,,,105,0.6680093338221503,0.646947605594106,0.6574784697081282,0.6680093338221503,0.646947605594106,0.6317501017501017,0.6066076516076516,0.6191788766788766,0.6317501017501017,0.6066076516076516,0.8774358974358974,0.9384615384615383,0.9079487179487179,0.9384615384615383,0.8774358974358974,-0.010530864114022154,-0.021061728228044307,-0.01257122507122499,-0.02514245014245009,0.03051282051282045,0.0,0.021061728228044307,0.010530864114022154,0.021061728228044307,0.0
100,scifact,,21.46252873668952,rrf,0.6503886853886854,0.692661341479989,0.9630769230769232,31,test,195,,,105,0.6680093338221503,0.646947605594106,0.6574784697081282,0.6680093338221503,0.646947605594106,0.6317501017501017,0.6066076516076516,0.6191788766788766,0.6317501017501017,0.6066076516076516,0.8774358974358974,0.9384615384615383,0.9079487179487179,0.9384615384615383,0.8774358974358974,0.03518287177186086,0.024652007657838704,0.03120980870980883,0.018638583638583728,0.055128205128205265,0.024615384615384817,-0.024652007657838704,0.010530864114022154,0.021061728228044307,2.170464616717152
100,scifact,,21.46252873668952,zscore_fusion,0.6816931216931217,0.7158863999464887,0.964102564102564,31,test,195,,,105,0.6680093338221503,0.646947605594106,0.6574784697081282,0.6680093338221503,0.646947605594106,0.6317501017501017,0.6066076516076516,0.6191788766788766,0.6317501017501017,0.6066076516076516,0.8774358974358974,0.9384615384615383,0.9079487179487179,0.9384615384615383,0.8774358974358974,0.05840793023836055,0.0478770661243384,0.06251424501424507,0.04994301994301997,0.05615384615384611,0.02564102564102566,-0.0478770661243384,0.010530864114022154,0.021061728228044307,3.27317842135047
100,scifact,,21.46252873668952,minmax_fusion,0.674051689051689,0.7090921147373445,0.953846153846154,31,test,195,,,105,0.6680093338221503,0.646947605594106,0.6574784697081282,0.6680093338221503,0.646947605594106,0.6317501017501017,0.6066076516076516,0.6191788766788766,0.6317501017501017,0.6066076516076516,0.8774358974358974,0.9384615384615383,0.9079487179487179,0.9384615384615383,0.8774358974358974,0.05161364502921628,0.04108278091519413,0.054872812372812385,0.042301587301587285,0.04589743589743611,0.015384615384615663,-0.04108278091519413,0.010530864114022154,0.021061728228044307,2.9505892617345237
100,scifact,0.8,21.46252873668952,validation_weighted_fusion,0.6717989417989417,0.7104719540493929,0.9384615384615383,31,test,195,0.6759901738473166,0.7078568002198083,105,0.6680093338221503,0.646947605594106,0.6574784697081282,0.6680093338221503,0.646947605594106,0.6317501017501017,0.6066076516076516,0.6191788766788766,0.6317501017501017,0.6066076516076516,0.8774358974358974,0.9384615384615383,0.9079487179487179,0.9384615384615383,0.8774358974358974,0.05299348434126472,0.042462620227242565,0.05262006512006512,0.04004884004884002,0.03051282051282045,0.0,-0.042462620227242565,0.010530864114022154,0.021061728228044307,3.016103321032428
100,scifact,,5.8914951966774725,bm25,0.642085877085877,0.6710462285952398,0.8851282051282051,47,test,195,,,105,0.6710462285952398,0.650618204559322,0.6608322165772809,0.6710462285952398,0.650618204559322,0.642085877085877,0.613880748880749,0.627983312983313,0.642085877085877,0.613880748880749,0.8851282051282051,0.917948717948718,0.9015384615384616,0.917948717948718,0.8851282051282051,0.010214012017958907,0.0,0.014102564102564052,0.0,-0.016410256410256507,-0.032820512820512904,0.0,0.010214012017958907,0.020428024035917813,1.0
100,scifact,,15.571033540012044,dense,0.613880748880749,0.650618204559322,0.917948717948718,47,test,195,,,105,0.6710462285952398,0.650618204559322,0.6608322165772809,0.6710462285952398,0.650618204559322,0.642085877085877,0.613880748880749,0.627983312983313,0.642085877085877,0.613880748880749,0.8851282051282051,0.917948717948718,0.9015384615384616,0.917948717948718,0.8851282051282051,-0.010214012017958907,-0.020428024035917813,-0.014102564102564052,-0.028205128205128105,0.016410256410256396,0.0,0.020428024035917813,0.010214012017958907,0.020428024035917813,0.0
100,scifact,,21.46252873668952,rrf,0.6515059015059015,0.6895253510230032,0.9528205128205128,47,test,195,,,105,0.6710462285952398,0.650618204559322,0.6608322165772809,0.6710462285952398,0.650618204559322,0.642085877085877,0.613880748880749,0.627983312983313,0.642085877085877,0.613880748880749,0.8851282051282051,0.917948717948718,0.9015384615384616,0.917948717948718,0.8851282051282051,0.0286931344457223,0.018479122427763395,0.023522588522588483,0.009420024420024431,0.05128205128205121,0.034871794871794815,-0.018479122427763395,0.010214012017958907,0.020428024035917813,1.9045966656036952
100,scifact,,21.46252873668952,zscore_fusion,0.6800264550264551,0.711439222379912,0.953846153846154,47,test,195,,,105,0.6710462285952398,0.650618204559322,0.6608322165772809,0.6710462285952398,0.650618204559322,0.642085877085877,0.613880748880749,0.627983312983313,0.642085877085877,0.613880748880749,0.8851282051282051,0.917948717948718,0.9015384615384616,0.917948717948718,0.8851282051282051,0.05060700580263111,0.040392993784672204,0.05204314204314209,0.037940577940578035,0.05230769230769239,0.03589743589743599,-0.040392993784672204,0.010214012017958907,0.020428024035917813,2.9773323995336383
100,scifact,,21.46252873668952,minmax_fusion,0.6789153439153439,0.7082905884907871,0.9435897435897436,47,test,195,,,105,0.6710462285952398,0.650618204559322,0.6608322165772809,0.6710462285952398,0.650618204559322,0.642085877085877,0.613880748880749,0.627983312983313,0.642085877085877,0.613880748880749,0.8851282051282051,0.917948717948718,0.9015384615384616,0.917948717948718,0.8851282051282051,0.047458371913506214,0.03724435989554731,0.050932030932030914,0.03682946682946686,0.042051282051281946,0.02564102564102555,-0.03724435989554731,0.010214012017958907,0.020428024035917813,2.8231993378342404
100,scifact,0.5,21.46252873668952,validation_weighted_fusion,0.6800264550264551,0.711439222379912,0.953846153846154,47,test,195,0.6639909297052153,0.6937287491288139,105,0.6710462285952398,0.650618204559322,0.6608322165772809,0.6710462285952398,0.650618204559322,0.642085877085877,0.613880748880749,0.627983312983313,0.642085877085877,0.613880748880749,0.8851282051282051,0.917948717948718,0.9015384615384616,0.917948717948718,0.8851282051282051,0.05060700580263111,0.040392993784672204,0.05204314204314209,0.037940577940578035,0.05230769230769239,0.03589743589743599,-0.040392993784672204,0.010214012017958907,0.020428024035917813,2.9773323995336383
100,scifact,,5.8914951966774725,bm25,0.612903947903948,0.6490266366394436,0.8810256410256411,73,test,195,,,105,0.6490266366394436,0.6146213928715087,0.6318240147554761,0.6490266366394436,0.6146213928715087,0.612903947903948,0.5745909645909646,0.5937474562474563,0.612903947903948,0.5745909645909646,0.8810256410256411,0.9076923076923076,0.8943589743589744,0.9076923076923076,0.8810256410256411,0.017202621883967484,0.0,0.019156491656491692,0.0,-0.013333333333333308,-0.026666666666666505,0.0,0.017202621883967484,0.03440524376793486,1.0
100,scifact,,15.571033540012044,dense,0.5745909645909646,0.6146213928715087,0.9076923076923076,73,test,195,,,105,0.6490266366394436,0.6146213928715087,0.6318240147554761,0.6490266366394436,0.6146213928715087,0.612903947903948,0.5745909645909646,0.5937474562474563,0.612903947903948,0.5745909645909646,0.8810256410256411,0.9076923076923076,0.8943589743589744,0.9076923076923076,0.8810256410256411,-0.017202621883967373,-0.03440524376793486,-0.019156491656491692,-0.038312983312983384,0.013333333333333197,0.0,0.03440524376793486,0.017202621883967484,0.03440524376793486,0.0
100,scifact,,21.46252873668952,rrf,0.6193671143671143,0.6644315326638498,0.9476923076923076,73,test,195,,,105,0.6490266366394436,0.6146213928715087,0.6318240147554761,0.6490266366394436,0.6146213928715087,0.612903947903948,0.5745909645909646,0.5937474562474563,0.612903947903948,0.5745909645909646,0.8810256410256411,0.9076923076923076,0.8943589743589744,0.9076923076923076,0.8810256410256411,0.032607517908373684,0.0154048960244062,0.02561965811965805,0.006463166463166359,0.05333333333333323,0.040000000000000036,-0.0154048960244062,0.017202621883967484,0.03440524376793486,1.447748492302889
100,scifact,,21.46252873668952,zscore_fusion,0.6501973951973952,0.6875193375096269,0.9487179487179488,73,test,195,,,105,0.6490266366394436,0.6146213928715087,0.6318240147554761,0.6490266366394436,0.6146213928715087,0.612903947903948,0.5745909645909646,0.5937474562474563,0.612903947903948,0.5745909645909646,0.8810256410256411,0.9076923076923076,0.8943589743589744,0.9076923076923076,0.8810256410256411,0.05569532275415079,0.038492700870183305,0.05644993894993888,0.03729344729344719,0.05435897435897441,0.04102564102564121,-0.038492700870183305,0.017202621883967484,0.03440524376793486,2.1188033175936365
100,scifact,,21.46252873668952,minmax_fusion,0.6468355718355718,0.681491506145194,0.9282051282051282,73,test,195,,,105,0.6490266366394436,0.6146213928715087,0.6318240147554761,0.6490266366394436,0.6146213928715087,0.612903947903948,0.5745909645909646,0.5937474562474563,0.612903947903948,0.5745909645909646,0.8810256410256411,0.9076923076923076,0.8943589743589744,0.9076923076923076,0.8810256410256411,0.04966749138971793,0.03246486950575045,0.05308811558811555,0.033931623931623855,0.03384615384615386,0.020512820512820662,-0.03246486950575045,0.017202621883967484,0.03440524376793486,1.9436023684275474
100,scifact,0.8,21.46252873668952,validation_weighted_fusion,0.6522832722832723,0.6915034385326783,0.9076923076923076,73,test,195,0.7122335600907029,0.7430840433222783,105,0.6490266366394436,0.6146213928715087,0.6318240147554761,0.6490266366394436,0.6146213928715087,0.612903947903948,0.5745909645909646,0.5937474562474563,0.612903947903948,0.5745909645909646,0.8810256410256411,0.9076923076923076,0.8943589743589744,0.9076923076923076,0.8810256410256411,0.059679423777202145,0.04247680189323466,0.058535816035816035,0.03937932437932434,0.013333333333333197,0.0,-0.04247680189323466,0.017202621883967484,0.03440524376793486,2.2346025559284763
100,scifact,,5.8914951966774725,bm25,0.6305331705331706,0.6574570782604745,0.8741880341880341,109,test,195,,,105,0.6574570782604745,0.6367495721575601,0.6471033252090173,0.6574570782604745,0.6367495721575601,0.6305331705331706,0.5972059422059423,0.6138695563695564,0.6305331705331706,0.5972059422059423,0.8741880341880341,0.9230769230769232,0.8986324786324786,0.9230769230769232,0.8741880341880341,0.010353753051457248,0.0,0.01666361416361417,0.0,-0.02444444444444449,-0.04888888888888909,0.0,0.010353753051457248,0.020707506102914386,1.0
100,scifact,,15.571033540012044,dense,0.5972059422059423,0.6367495721575601,0.9230769230769232,109,test,195,,,105,0.6574570782604745,0.6367495721575601,0.6471033252090173,0.6574570782604745,0.6367495721575601,0.6305331705331706,0.5972059422059423,0.6138695563695564,0.6305331705331706,0.5972059422059423,0.8741880341880341,0.9230769230769232,0.8986324786324786,0.9230769230769232,0.8741880341880341,-0.010353753051457137,-0.020707506102914386,-0.01666361416361417,-0.03332722832722834,0.024444444444444602,0.0,0.020707506102914386,0.010353753051457248,0.020707506102914386,0.0
100,scifact,,21.46252873668952,rrf,0.6341290191290191,0.6722908254981367,0.9435897435897436,109,test,195,,,105,0.6574570782604745,0.6367495721575601,0.6471033252090173,0.6574570782604745,0.6367495721575601,0.6305331705331706,0.5972059422059423,0.6138695563695564,0.6305331705331706,0.5972059422059423,0.8741880341880341,0.9230769230769232,0.8986324786324786,0.9230769230769232,0.8741880341880341,0.025187500289119424,0.014833747237662176,0.020259462759462665,0.0035958485958484943,0.04495726495726493,0.02051282051282033,-0.014833747237662176,0.010353753051457248,0.020707506102914386,1.7163463897554745
100,scifact,,21.46252873668952,zscore_fusion,0.6686874236874237,0.6967647858862412,0.9435897435897436,109,test,195,,,105,0.6574570782604745,0.6367495721575601,0.6471033252090173,0.6574570782604745,0.6367495721575601,0.6305331705331706,0.5972059422059423,0.6138695563695564,0.6305331705331706,0.5972059422059423,0.8741880341880341,0.9230769230769232,0.8986324786324786,0.9230769230769232,0.8741880341880341,0.04966146067722399,0.03930770762576674,0.05481786731786731,0.03815425315425314,0.04495726495726493,0.02051282051282033,-0.03930770762576674,0.010353753051457248,0.020707506102914386,2.898234747845109
100,scifact,,21.46252873668952,minmax_fusion,0.6625844525844525,0.6913396455232019,0.9333333333333332,109,test,195,,,105,0.6574570782604745,0.6367495721575601,0.6471033252090173,0.6574570782604745,0.6367495721575601,0.6305331705331706,0.5972059422059423,0.6138695563695564,0.6305331705331706,0.5972059422059423,0.8741880341880341,0.9230769230769232,0.8986324786324786,0.9230769230769232,0.8741880341880341,0.044236320314184674,0.033882567262727425,0.04871489621489611,0.03205128205128194,0.0347008547008546,0.010256410256409998,-0.033882567262727425,0.010353753051457248,0.020707506102914386,2.636245673155145
100,scifact,0.8,21.46252873668952,validation_weighted_fusion,0.6638949938949938,0.6994749551606547,0.9230769230769232,109,test,195,0.6906689342403628,0.7282797981560364,105,0.6574570782604745,0.6367495721575601,0.6471033252090173,0.6574570782604745,0.6367495721575601,0.6305331705331706,0.5972059422059423,0.6138695563695564,0.6305331705331706,0.5972059422059423,0.8741880341880341,0.9230769230769232,0.8986324786324786,0.9230769230769232,0.8741880341880341,0.052371629951637466,0.04201787690018022,0.05002543752543742,0.03336182336182325,0.024444444444444602,0.0,-0.04201787690018022,0.010353753051457248,0.020707506102914386,3.02911334138236
100,scifact,,5.8914951966774725,bm25,0.6426048026048026,0.673843206476677,0.8885470085470086,149,test,195,,,105,0.673843206476677,0.6435197528003891,0.658681479638533,0.673843206476677,0.6435197528003891,0.6426048026048026,0.6071998371998373,0.6249023199023199,0.6426048026048026,0.6071998371998373,0.8885470085470086,0.9153846153846154,0.901965811965812,0.9153846153846154,0.8885470085470086,0.015161726838143985,0.0,0.017702482702482647,0.0,-0.013418803418803416,-0.02683760683760672,0.0,0.015161726838143985,0.03032345367628786,1.0
100,scifact,,15.571033540012044,dense,0.6071998371998373,0.6435197528003891,0.9153846153846154,149,test,195,,,105,0.673843206476677,0.6435197528003891,0.658681479638533,0.673843206476677,0.6435197528003891,0.6426048026048026,0.6071998371998373,0.6249023199023199,0.6426048026048026,0.6071998371998373,0.8885470085470086,0.9153846153846154,0.901965811965812,0.9153846153846154,0.8885470085470086,-0.015161726838143874,-0.03032345367628786,-0.017702482702482647,-0.035404965404965294,0.013418803418803305,0.0,0.03032345367628786,0.015161726838143985,0.03032345367628786,0.0
100,scifact,,21.46252873668952,rrf,0.6600691900691901,0.6980726749301474,0.9451282051282052,149,test,195,,,105,0.673843206476677,0.6435197528003891,0.658681479638533,0.673843206476677,0.6435197528003891,0.6426048026048026,0.6071998371998373,0.6249023199023199,0.6426048026048026,0.6071998371998373,0.8885470085470086,0.9153846153846154,0.901965811965812,0.9153846153846154,0.8885470085470086,0.03939119529161439,0.024229468453470404,0.035166870166870146,0.0174643874643875,0.04316239316239312,0.029743589743589816,-0.024229468453470404,0.015161726838143985,0.03032345367628786,1.7990339330119647
100,scifact,,21.46252873668952,zscore_fusion,0.6897395197395197,0.7171316061231553,0.946153846153846,149,test,195,,,105,0.673843206476677,0.6435197528003891,0.658681479638533,0.673843206476677,0.6435197528003891,0.6426048026048026,0.6071998371998373,0.6249023199023199,0.6426048026048026,0.6071998371998373,0.8885470085470086,0.9153846153846154,0.901965811965812,0.9153846153846154,0.8885470085470086,0.05845012648462233,0.04328839964647835,0.06483719983719982,0.047134717134717175,0.044188034188033964,0.03076923076923066,-0.04328839964647835,0.015161726838143985,0.03032345367628786,2.427555057171101
100,scifact,,21.46252873668952,minmax_fusion,0.6862372812372812,0.713307792315947,0.935897435897436,149,test,195,,,105,0.673843206476677,0.6435197528003891,0.658681479638533,0.673843206476677,0.6435197528003891,0.6426048026048026,0.6071998371998373,0.6249023199023199,0.6426048026048026,0.6071998371998373,0.8885470085470086,0.9153846153846154,0.901965811965812,0.9153846153846154,0.8885470085470086,0.054626312677414024,0.03946458583927004,0.0613349613349613,0.043632478632478655,0.033931623931623967,0.020512820512820662,-0.03946458583927004,0.015161726838143985,0.03032345367628786,2.3014541899008787
100,scifact,0.4,21.46252873668952,validation_weighted_fusion,0.6851119251119252,0.7134514231690223,0.9338461538461538,149,test,195,0.6518367346938775,0.6861577808503755,105,0.673843206476677,0.6435197528003891,0.658681479638533,0.673843206476677,0.6435197528003891,0.6426048026048026,0.6071998371998373,0.6249023199023199,0.6426048026048026,0.6071998371998373,0.8885470085470086,0.9153846153846154,0.901965811965812,0.9153846153846154,0.8885470085470086,0.05476994353048936,0.03960821669234538,0.06020960520960528,0.04250712250712263,0.03188034188034172,0.018461538461538418,-0.03960821669234538,0.015161726838143985,0.03032345367628786,2.306190815702433
100,scifact,,5.8914951966774725,bm25,0.6620492470492471,0.6889792845861449,0.9082051282051282,181,test,195,,,105,0.6889792845861449,0.6469522986323201,0.6679657916092325,0.6889792845861449,0.6469522986323201,0.6620492470492471,0.6004680504680504,0.6312586487586487,0.6620492470492471,0.6004680504680504,0.9082051282051282,0.9282051282051282,0.9182051282051282,0.9282051282051282,0.9082051282051282,0.02101349297691235,0.0,0.03079059829059838,0.0,-0.010000000000000009,-0.020000000000000018,0.0,0.02101349297691235,0.042026985953824814,1.0
100,scifact,,15.571033540012044,dense,0.6004680504680504,0.6469522986323201,0.9282051282051282,181,test,195,,,105,0.6889792845861449,0.6469522986323201,0.6679657916092325,0.6889792845861449,0.6469522986323201,0.6620492470492471,0.6004680504680504,0.6312586487586487,0.6620492470492471,0.6004680504680504,0.9082051282051282,0.9282051282051282,0.9182051282051282,0.9282051282051282,0.9082051282051282,-0.021013492976912462,-0.042026985953824814,-0.03079059829059827,-0.06158119658119665,0.010000000000000009,0.0,0.042026985953824814,0.02101349297691235,0.042026985953824814,0.0
100,scifact,,21.46252873668952,rrf,0.6684574684574685,0.7054128487179606,0.957948717948718,181,test,195,,,105,0.6889792845861449,0.6469522986323201,0.6679657916092325,0.6889792845861449,0.6469522986323201,0.6620492470492471,0.6004680504680504,0.6312586487586487,0.6620492470492471,0.6004680504680504,0.9082051282051282,0.9282051282051282,0.9182051282051282,0.9282051282051282,0.9082051282051282,0.03744705710872809,0.016433564131815737,0.037198819698819774,0.006408221408221393,0.039743589743589824,0.029743589743589816,-0.016433564131815737,0.02101349297691235,0.042026985953824814,1.3910240946108139
100,scifact,,21.46252873668952,zscore_fusion,0.7006654456654456,0.7276867869360247,0.958974358974359,181,test,195,,,105,0.6889792845861449,0.6469522986323201,0.6679657916092325,0.6889792845861449,0.6469522986323201,0.6620492470492471,0.6004680504680504,0.6312586487586487,0.6620492470492471,0.6004680504680504,0.9082051282051282,0.9282051282051282,0.9182051282051282,0.9282051282051282,0.9082051282051282,0.0597209953267922,0.03870750234987985,0.06940679690679696,0.03861619861619858,0.04076923076923078,0.03076923076923077,-0.03870750234987985,0.02101349297691235,0.042026985953824814,1.9210154254794267
100,scifact,,21.46252873668952,minmax_fusion,0.6986731786731788,0.7241894077316176,0.9435897435897436,181,test,195,,,105,0.6889792845861449,0.6469522986323201,0.6679657916092325,0.6889792845861449,0.6469522986323201,0.6620492470492471,0.6004680504680504,0.6312586487586487,0.6620492470492471,0.6004680504680504,0.9082051282051282,0.9282051282051282,0.9182051282051282,0.9282051282051282,0.9082051282051282,0.05622361612238502,0.03521012314547267,0.06741452991453012,0.03662393162393174,0.02538461538461534,0.01538461538461533,-0.03521012314547267,0.02101349297691235,0.042026985953824814,1.837797961151869
100,scifact,0.8,21.46252873668952,validation_weighted_fusion,0.6903825803825804,0.7250799137849464,0.9282051282051282,181,test,195,0.641477702191988,0.6807277321394947,105,0.6889792845861449,0.6469522986323201,0.6679657916092325,0.6889792845861449,0.6469522986323201,0.6620492470492471,0.6004680504680504,0.6312586487586487,0.6620492470492471,0.6004680504680504,0.9082051282051282,0.9282051282051282,0.9182051282051282,0.9282051282051282,0.9082051282051282,0.05711412217571388,0.036100629198801526,0.0591239316239317,0.02833333333333332,0.010000000000000009,0.0,-0.036100629198801526,0.02101349297691235,0.042026985953824814,1.8589868718747855
200,scifact,,5.8914951966774725,bm25,0.6407244607244608,0.6762632809912035,0.875897435897436,19,test,195,,,105,0.6762632809912035,0.6673698109830799,0.6718165459871417,0.6762632809912035,0.6673698109830799,0.6407244607244608,0.6284452584452584,0.6345848595848596,0.6407244607244608,0.6284452584452584,0.875897435897436,0.935897435897436,0.905897435897436,0.935897435897436,0.875897435897436,0.004446735004061786,0.0,0.006139601139601214,0.0,-0.030000000000000027,-0.06000000000000005,0.0,0.004446735004061786,0.008893470008123572,1.0
200,scifact,,15.571033540012044,dense,0.6284452584452584,0.6673698109830799,0.935897435897436,19,test,195,,,105,0.6762632809912035,0.6673698109830799,0.6718165459871417,0.6762632809912035,0.6673698109830799,0.6407244607244608,0.6284452584452584,0.6345848595848596,0.6407244607244608,0.6284452584452584,0.875897435897436,0.935897435897436,0.905897435897436,0.935897435897436,0.875897435897436,-0.004446735004061786,-0.008893470008123572,-0.006139601139601103,-0.012279202279202317,0.030000000000000027,0.0,0.008893470008123572,0.004446735004061786,0.008893470008123572,0.0
200,scifact,,21.46252873668952,rrf,0.6600691900691901,0.7009994584915361,0.9615384615384616,19,test,195,,,105,0.6762632809912035,0.6673698109830799,0.6718165459871417,0.6762632809912035,0.6673698109830799,0.6407244607244608,0.6284452584452584,0.6345848595848596,0.6407244607244608,0.6284452584452584,0.875897435897436,0.935897435897436,0.905897435897436,0.935897435897436,0.875897435897436,0.02918291250439442,0.024736177500332635,0.02548433048433052,0.019344729344729306,0.05564102564102558,0.02564102564102555,-0.024736177500332635,0.004446735004061786,0.008893470008123572,3.781386509173342
200,scifact,,21.46252873668952,zscore_fusion,0.6803378103378104,0.7151116730141783,0.9615384615384616,19,test,195,,,105,0.6762632809912035,0.6673698109830799,0.6718165459871417,0.6762632809912035,0.6673698109830799,0.6407244607244608,0.6284452584452584,0.6345848595848596,0.6407244607244608,0.6284452584452584,0.875897435897436,0.935897435897436,0.905897435897436,0.935897435897436,0.875897435897436,0.04329512702703664,0.038848392022974854,0.04575295075295083,0.03961334961334961,0.05564102564102558,0.02564102564102555,-0.038848392022974854,0.004446735004061786,0.008893470008123572,5.368192841207034
200,scifact,,21.46252873668952,minmax_fusion,0.6855962555962556,0.7181962495981452,0.9564102564102565,19,test,195,,,105,0.6762632809912035,0.6673698109830799,0.6718165459871417,0.6762632809912035,0.6673698109830799,0.6407244607244608,0.6284452584452584,0.6345848595848596,0.6407244607244608,0.6284452584452584,0.875897435897436,0.935897435897436,0.905897435897436,0.935897435897436,0.875897435897436,0.04637970361100352,0.041932968606941734,0.05101139601139604,0.04487179487179482,0.05051282051282047,0.02051282051282044,-0.041932968606941734,0.004446735004061786,0.008893470008123572,5.715028955923712
200,scifact,0.5,21.46252873668952,validation_weighted_fusion,0.6803378103378104,0.7151116730141783,0.9615384615384616,19,test,195,0.6692290249433106,0.6999893722252997,105,0.6762632809912035,0.6673698109830799,0.6718165459871417,0.6762632809912035,0.6673698109830799,0.6407244607244608,0.6284452584452584,0.6345848595848596,0.6407244607244608,0.6284452584452584,0.875897435897436,0.935897435897436,0.905897435897436,0.935897435897436,0.875897435897436,0.04329512702703664,0.038848392022974854,0.04575295075295083,0.03961334961334961,0.05564102564102558,0.02564102564102555,-0.038848392022974854,0.004446735004061786,0.008893470008123572,5.368192841207034
200,scifact,,5.8914951966774725,bm25,0.6317501017501017,0.6680093338221503,0.8774358974358974,31,test,195,,,105,0.6680093338221503,0.646947605594106,0.6574784697081282,0.6680093338221503,0.646947605594106,0.6317501017501017,0.6066076516076516,0.6191788766788766,0.6317501017501017,0.6066076516076516,0.8774358974358974,0.9384615384615383,0.9079487179487179,0.9384615384615383,0.8774358974358974,0.010530864114022154,0.0,0.0125712250712251,0.0,-0.03051282051282045,-0.0610256410256409,0.0,0.010530864114022154,0.021061728228044307,1.0
200,scifact,,15.571033540012044,dense,0.6066076516076516,0.646947605594106,0.9384615384615383,31,test,195,,,105,0.6680093338221503,0.646947605594106,0.6574784697081282,0.6680093338221503,0.646947605594106,0.6317501017501017,0.6066076516076516,0.6191788766788766,0.6317501017501017,0.6066076516076516,0.8774358974358974,0.9384615384615383,0.9079487179487179,0.9384615384615383,0.8774358974358974,-0.010530864114022154,-0.021061728228044307,-0.01257122507122499,-0.02514245014245009,0.03051282051282045,0.0,0.021061728228044307,0.010530864114022154,0.021061728228044307,0.0
200,scifact,,21.46252873668952,rrf,0.6515079365079365,0.6947042810718046,0.964102564102564,31,test,195,,,105,0.6680093338221503,0.646947605594106,0.6574784697081282,0.6680093338221503,0.646947605594106,0.6317501017501017,0.6066076516076516,0.6191788766788766,0.6317501017501017,0.6066076516076516,0.8774358974358974,0.9384615384615383,0.9079487179487179,0.9384615384615383,0.8774358974358974,0.03722581136367642,0.026694947249654266,0.03232905982905987,0.01975783475783477,0.05615384615384611,0.02564102564102566,-0.026694947249654266,0.010530864114022154,0.021061728228044307,2.2674623355033687
200,scifact,,21.46252873668952,zscore_fusion,0.6832804232804234,0.7183385784793236,0.953846153846154,31,test,195,,,105,0.6680093338221503,0.646947605594106,0.6574784697081282,0.6680093338221503,0.646947605594106,0.6317501017501017,0.6066076516076516,0.6191788766788766,0.6317501017501017,0.6066076516076516,0.8774358974358974,0.9384615384615383,0.9079487179487179,0.9384615384615383,0.8774358974358974,0.06086010877119541,0.050329244657173255,0.06410154660154677,0.051530321530321666,0.04589743589743611,0.015384615384615663,-0.050329244657173255,0.010530864114022154,0.021061728228044307,3.3896065941140763
200,scifact,,21.46252873668952,minmax_fusion,0.6756613756613756,0.7105461458424581,0.9487179487179488,31,test,195,,,105,0.6680093338221503,0.646947605594106,0.6574784697081282,0.6680093338221503,0.646947605594106,0.6317501017501017,0.6066076516076516,0.6191788766788766,0.6317501017501017,0.6066076516076516,0.8774358974358974,0.9384615384615383,0.9079487179487179,0.9384615384615383,0.8774358974358974,0.053067676134329944,0.04253681202030779,0.05648249898249902,0.04391127391127392,0.04076923076923089,0.010256410256410442,-0.04253681202030779,0.010530864114022154,0.021061728228044307,3.0196259091250064
200,scifact,0.8,21.46252873668952,validation_weighted_fusion,0.674037444037444,0.7146857124401808,0.9487179487179488,31,test,195,0.6767422524565381,0.7104097473787941,105,0.6680093338221503,0.646947605594106,0.6574784697081282,0.6680093338221503,0.646947605594106,0.6317501017501017,0.6066076516076516,0.6191788766788766,0.6317501017501017,0.6066076516076516,0.8774358974358974,0.9384615384615383,0.9079487179487179,0.9384615384615383,0.8774358974358974,0.05720724273205258,0.04667637861803042,0.05485856735856742,0.04228734228734232,0.04076923076923089,0.010256410256410442,-0.04667637861803042,0.010530864114022154,0.021061728228044307,3.2161703974453273
200,scifact,,5.8914951966774725,bm25,0.642085877085877,0.6710462285952398,0.8851282051282051,47,test,195,,,105,0.6710462285952398,0.650618204559322,0.6608322165772809,0.6710462285952398,0.650618204559322,0.642085877085877,0.613880748880749,0.627983312983313,0.642085877085877,0.613880748880749,0.8851282051282051,0.917948717948718,0.9015384615384616,0.917948717948718,0.8851282051282051,0.010214012017958907,0.0,0.014102564102564052,0.0,-0.016410256410256507,-0.032820512820512904,0.0,0.010214012017958907,0.020428024035917813,1.0
200,scifact,,15.571033540012044,dense,0.613880748880749,0.650618204559322,0.917948717948718,47,test,195,,,105,0.6710462285952398,0.650618204559322,0.6608322165772809,0.6710462285952398,0.650618204559322,0.642085877085877,0.613880748880749,0.627983312983313,0.642085877085877,0.613880748880749,0.8851282051282051,0.917948717948718,0.9015384615384616,0.917948717948718,0.8851282051282051,-0.010214012017958907,-0.020428024035917813,-0.014102564102564052,-0.028205128205128105,0.016410256410256396,0.0,0.020428024035917813,0.010214012017958907,0.020428024035917813,0.0
200,scifact,,21.46252873668952,rrf,0.6531949531949532,0.6931120341823264,0.958974358974359,47,test,195,,,105,0.6710462285952398,0.650618204559322,0.6608322165772809,0.6710462285952398,0.650618204559322,0.642085877085877,0.613880748880749,0.627983312983313,0.642085877085877,0.613880748880749,0.8851282051282051,0.917948717948718,0.9015384615384616,0.917948717948718,0.8851282051282051,0.0322798176050455,0.022065805587086595,0.02521164021164024,0.011109076109076188,0.05743589743589739,0.04102564102564099,-0.022065805587086595,0.010214012017958907,0.020428024035917813,2.0801732731608857
200,scifact,,21.46252873668952,zscore_fusion,0.6833781033781033,0.7174565738386663,0.9487179487179488,47,test,195,,,105,0.6710462285952398,0.650618204559322,0.6608322165772809,0.6710462285952398,0.650618204559322,0.642085877085877,0.613880748880749,0.627983312983313,0.642085877085877,0.613880748880749,0.8851282051282051,0.917948717948718,0.9015384615384616,0.917948717948718,0.8851282051282051,0.05662435726138548,0.046410345243426576,0.05539479039479034,0.041292226292226286,0.04717948717948717,0.03076923076923077,-0.046410345243426576,0.010214012017958907,0.020428024035917813,3.2718959583083045
200,scifact,,21.46252873668952,minmax_fusion,0.6821204721204721,0.7132722237133291,0.9487179487179488,47,test,195,,,105,0.6710462285952398,0.650618204559322,0.6608322165772809,0.6710462285952398,0.650618204559322,0.642085877085877,0.613880748880749,0.627983312983313,0.642085877085877,0.613880748880749,0.8851282051282051,0.917948717948718,0.9015384615384616,0.917948717948718,0.8851282051282051,0.05244000713604824,0.04222599511808933,0.05413715913715911,0.040034595034595055,0.04717948717948717,0.03076923076923077,-0.04222599511808933,0.010214012017958907,0.020428024035917813,3.0670621418814163
200,scifact,0.7,21.46252873668952,validation_weighted_fusion,0.68995522995523,0.7254188100631214,0.9487179487179488,47,test,195,0.659493575207861,0.695985864194429,105,0.6710462285952398,0.650618204559322,0.6608322165772809,0.6710462285952398,0.650618204559322,0.642085877085877,0.613880748880749,0.627983312983313,0.642085877085877,0.613880748880749,0.8851282051282051,0.917948717948718,0.9015384615384616,0.917948717948718,0.8851282051282051,0.0645865934858405,0.0543725814678816,0.06197191697191695,0.0478693528693529,0.04717948717948717,0.03076923076923077,-0.0543725814678816,0.010214012017958907,0.020428024035917813,3.661666217558799
200,scifact,,5.8914951966774725,bm25,0.612903947903948,0.6490266366394436,0.8810256410256411,73,test,195,,,105,0.6490266366394436,0.6146213928715087,0.6318240147554761,0.6490266366394436,0.6146213928715087,0.612903947903948,0.5745909645909646,0.5937474562474563,0.612903947903948,0.5745909645909646,0.8810256410256411,0.9076923076923076,0.8943589743589744,0.9076923076923076,0.8810256410256411,0.017202621883967484,0.0,0.019156491656491692,0.0,-0.013333333333333308,-0.026666666666666505,0.0,0.017202621883967484,0.03440524376793486,1.0
200,scifact,,15.571033540012044,dense,0.5745909645909646,0.6146213928715087,0.9076923076923076,73,test,195,,,105,0.6490266366394436,0.6146213928715087,0.6318240147554761,0.6490266366394436,0.6146213928715087,0.612903947903948,0.5745909645909646,0.5937474562474563,0.612903947903948,0.5745909645909646,0.8810256410256411,0.9076923076923076,0.8943589743589744,0.9076923076923076,0.8810256410256411,-0.017202621883967373,-0.03440524376793486,-0.019156491656491692,-0.038312983312983384,0.013333333333333197,0.0,0.03440524376793486,0.017202621883967484,0.03440524376793486,0.0
200,scifact,,21.46252873668952,rrf,0.6204863654863655,0.6664744722556655,0.958974358974359,73,test,195,,,105,0.6490266366394436,0.6146213928715087,0.6318240147554761,0.6490266366394436,0.6146213928715087,0.612903947903948,0.5745909645909646,0.5937474562474563,0.612903947903948,0.5745909645909646,0.8810256410256411,0.9076923076923076,0.8943589743589744,0.9076923076923076,0.8810256410256411,0.03465045750018936,0.017447835616221874,0.026738909238909203,0.007582417582417511,0.06461538461538463,0.05128205128205143,-0.017447835616221874,0.017202621883967484,0.03440524376793486,1.5071272197316323
200,scifact,,21.46252873668952,zscore_fusion,0.6525111925111925,0.6916288683502086,0.958974358974359,73,test,195,,,105,0.6490266366394436,0.6146213928715087,0.6318240147554761,0.6490266366394436,0.6146213928715087,0.612903947903948,0.5745909645909646,0.5937474562474563,0.612903947903948,0.5745909645909646,0.8810256410256411,0.9076923076923076,0.8943589743589744,0.9076923076923076,0.8810256410256411,0.05980485359473253,0.04260223171076505,0.05876373626373621,0.03960724460724452,0.06461538461538463,0.05128205128205143,-0.04260223171076505,0.017202621883967484,0.03440524376793486,2.238248215827776
200,scifact,,21.46252873668952,minmax_fusion,0.6494708994708994,0.6859103046997219,0.9487179487179488,73,test,195,,,105,0.6490266366394436,0.6146213928715087,0.6318240147554761,0.6490266366394436,0.6146213928715087,0.612903947903948,0.5745909645909646,0.5937474562474563,0.612903947903948,0.5745909645909646,0.8810256410256411,0.9076923076923076,0.8943589743589744,0.9076923076923076,0.8810256410256411,0.0540862899442458,0.03688366806027832,0.055723443223443136,0.036566951566951444,0.05435897435897441,0.04102564102564121,-0.03688366806027832,0.017202621883967484,0.03440524376793486,2.0720362369486627
200,scifact,0.5,21.46252873668952,validation_weighted_fusion,0.6525111925111925,0.6916288683502086,0.958974358974359,73,test,195,0.7209070294784581,0.7436002951726716,105,0.6490266366394436,0.6146213928715087,0.6318240147554761,0.6490266366394436,0.6146213928715087,0.612903947903948,0.5745909645909646,0.5937474562474563,0.612903947903948,0.5745909645909646,0.8810256410256411,0.9076923076923076,0.8943589743589744,0.9076923076923076,0.8810256410256411,0.05980485359473253,0.04260223171076505,0.05876373626373621,0.03960724460724452,0.06461538461538463,0.05128205128205143,-0.04260223171076505,0.017202621883967484,0.03440524376793486,2.238248215827776
200,scifact,,5.8914951966774725,bm25,0.6305331705331706,0.6574570782604745,0.8741880341880341,109,test,195,,,105,0.6574570782604745,0.6367495721575601,0.6471033252090173,0.6574570782604745,0.6367495721575601,0.6305331705331706,0.5972059422059423,0.6138695563695564,0.6305331705331706,0.5972059422059423,0.8741880341880341,0.9230769230769232,0.8986324786324786,0.9230769230769232,0.8741880341880341,0.010353753051457248,0.0,0.01666361416361417,0.0,-0.02444444444444449,-0.04888888888888909,0.0,0.010353753051457248,0.020707506102914386,1.0
200,scifact,,15.571033540012044,dense,0.5972059422059423,0.6367495721575601,0.9230769230769232,109,test,195,,,105,0.6574570782604745,0.6367495721575601,0.6471033252090173,0.6574570782604745,0.6367495721575601,0.6305331705331706,0.5972059422059423,0.6138695563695564,0.6305331705331706,0.5972059422059423,0.8741880341880341,0.9230769230769232,0.8986324786324786,0.9230769230769232,0.8741880341880341,-0.010353753051457137,-0.020707506102914386,-0.01666361416361417,-0.03332722832722834,0.024444444444444602,0.0,0.020707506102914386,0.010353753051457248,0.020707506102914386,0.0
200,scifact,,21.46252873668952,rrf,0.6352686202686202,0.675378312633152,0.953846153846154,109,test,195,,,105,0.6574570782604745,0.6367495721575601,0.6471033252090173,0.6574570782604745,0.6367495721575601,0.6305331705331706,0.5972059422059423,0.6138695563695564,0.6305331705331706,0.5972059422059423,0.8741880341880341,0.9230769230769232,0.8986324786324786,0.9230769230769232,0.8741880341880341,0.0282749874241347,0.017921234372677453,0.021399063899063764,0.004735449735449593,0.05521367521367537,0.03076923076923077,-0.017921234372677453,0.010353753051457248,0.020707506102914386,1.865446291968264
200,scifact,,21.46252873668952,zscore_fusion,0.6713919413919415,0.7032325238870372,0.9435897435897436,109,test,195,,,105,0.6574570782604745,0.6367495721575601,0.6471033252090173,0.6574570782604745,0.6367495721575601,0.6305331705331706,0.5972059422059423,0.6138695563695564,0.6305331705331706,0.5972059422059423,0.8741880341880341,0.9230769230769232,0.8986324786324786,0.9230769230769232,0.8741880341880341,0.05612919867801991,0.04577544562656266,0.05752238502238505,0.040858770858770876,0.04495726495726493,0.02051282051282033,-0.04577544562656266,0.010353753051457248,0.020707506102914386,3.2105726010202744
200,scifact,,21.46252873668952,minmax_fusion,0.6648351648351648,0.6954707439640319,0.9435897435897436,109,test,195,,,105,0.6574570782604745,0.6367495721575601,0.6471033252090173,0.6574570782604745,0.6367495721575601,0.6305331705331706,0.5972059422059423,0.6138695563695564,0.6305331705331706,0.5972059422059423,0.8741880341880341,0.9230769230769232,0.8986324786324786,0.9230769230769232,0.8741880341880341,0.0483674187550146,0.03801366570355735,0.05096560846560838,0.03430199430199421,0.04495726495726493,0.02051282051282033,-0.03801366570355735,0.010353753051457248,0.020707506102914386,2.8357433055739767
200,scifact,0.7,21.46252873668952,validation_weighted_fusion,0.6687016687016687,0.7034479682428216,0.9487179487179488,109,test,195,0.6989644746787604,0.7367888561464142,105,0.6574570782604745,0.6367495721575601,0.6471033252090173,0.6574570782604745,0.6367495721575601,0.6305331705331706,0.5972059422059423,0.6138695563695564,0.6305331705331706,0.5972059422059423,0.8741880341880341,0.9230769230769232,0.8986324786324786,0.9230769230769232,0.8741880341880341,0.056344643033804376,0.04599088998234713,0.05483211233211227,0.0381684981684981,0.05008547008547015,0.02564102564102555,-0.04599088998234713,0.010353753051457248,0.020707506102914386,3.22097676822002
200,scifact,,5.8914951966774725,bm25,0.6426048026048026,0.673843206476677,0.8885470085470086,149,test,195,,,105,0.673843206476677,0.6435197528003891,0.658681479638533,0.673843206476677,0.6435197528003891,0.6426048026048026,0.6071998371998373,0.6249023199023199,0.6426048026048026,0.6071998371998373,0.8885470085470086,0.9153846153846154,0.901965811965812,0.9153846153846154,0.8885470085470086,0.015161726838143985,0.0,0.017702482702482647,0.0,-0.013418803418803416,-0.02683760683760672,0.0,0.015161726838143985,0.03032345367628786,1.0
200,scifact,,15.571033540012044,dense,0.6071998371998373,0.6435197528003891,0.9153846153846154,149,test,195,,,105,0.673843206476677,0.6435197528003891,0.658681479638533,0.673843206476677,0.6435197528003891,0.6426048026048026,0.6071998371998373,0.6249023199023199,0.6426048026048026,0.6071998371998373,0.8885470085470086,0.9153846153846154,0.901965811965812,0.9153846153846154,0.8885470085470086,-0.015161726838143874,-0.03032345367628786,-0.017702482702482647,-0.035404965404965294,0.013418803418803305,0.0,0.03032345367628786,0.015161726838143985,0.03032345367628786,0.0
200,scifact,,21.46252873668952,rrf,0.6611172161172161,0.701068528954662,0.9564102564102565,149,test,195,,,105,0.673843206476677,0.6435197528003891,0.658681479638533,0.673843206476677,0.6435197528003891,0.6426048026048026,0.6071998371998373,0.6249023199023199,0.6426048026048026,0.6071998371998373,0.8885470085470086,0.9153846153846154,0.901965811965812,0.9153846153846154,0.8885470085470086,0.04238704931612902,0.027225322477985037,0.03621489621489615,0.018512413512413506,0.054444444444444406,0.0410256410256411,-0.027225322477985037,0.015161726838143985,0.03032345367628786,1.8978305297484805
200,scifact,,21.46252873668952,zscore_fusion,0.6924379324379324,0.7237128192125729,0.9512820512820512,149,test,195,,,105,0.673843206476677,0.6435197528003891,0.658681479638533,0.673843206476677,0.6435197528003891,0.6426048026048026,0.6071998371998373,0.6249023199023199,0.6426048026048026,0.6071998371998373,0.8885470085470086,0.9153846153846154,0.901965811965812,0.9153846153846154,0.8885470085470086,0.06503133957403995,0.04986961273589596,0.06753561253561247,0.04983312983312982,0.049316239316239185,0.03589743589743588,-0.04986961273589596,0.015161726838143985,0.03032345367628786,2.64458881459445
200,scifact,,21.46252873668952,minmax_fusion,0.6873341473341472,0.7167346605955145,0.946153846153846,149,test,195,,,105,0.673843206476677,0.6435197528003891,0.658681479638533,0.673843206476677,0.6435197528003891,0.6426048026048026,0.6071998371998373,0.6249023199023199,0.6426048026048026,0.6071998371998373,0.8885470085470086,0.9153846153846154,0.901965811965812,0.9153846153846154,0.8885470085470086,0.05805318095698153,0.042891454118837546,0.06243182743182729,0.044729344729344644,0.044188034188033964,0.03076923076923066,-0.042891454118837546,0.015161726838143985,0.03032345367628786,2.4144646772995233
200,scifact,0.4,21.46252873668952,validation_weighted_fusion,0.6845624745624747,0.7179737253115823,0.935897435897436,149,test,195,0.654625850340136,0.6901123807927713,105,0.673843206476677,0.6435197528003891,0.658681479638533,0.673843206476677,0.6435197528003891,0.6426048026048026,0.6071998371998373,0.6249023199023199,0.6426048026048026,0.6071998371998373,0.8885470085470086,0.9153846153846154,0.901965811965812,0.9153846153846154,0.8885470085470086,0.05929224567304936,0.044130518834905375,0.05966015466015473,0.04195767195767208,0.033931623931623967,0.020512820512820662,-0.044130518834905375,0.015161726838143985,0.03032345367628786,2.455326273386012
200,scifact,,5.8914951966774725,bm25,0.6620492470492471,0.6889792845861449,0.9082051282051282,181,test,195,,,105,0.6889792845861449,0.6469522986323201,0.6679657916092325,0.6889792845861449,0.6469522986323201,0.6620492470492471,0.6004680504680504,0.6312586487586487,0.6620492470492471,0.6004680504680504,0.9082051282051282,0.9282051282051282,0.9182051282051282,0.9282051282051282,0.9082051282051282,0.02101349297691235,0.0,0.03079059829059838,0.0,-0.010000000000000009,-0.020000000000000018,0.0,0.02101349297691235,0.042026985953824814,1.0
200,scifact,,15.571033540012044,dense,0.6004680504680504,0.6469522986323201,0.9282051282051282,181,test,195,,,105,0.6889792845861449,0.6469522986323201,0.6679657916092325,0.6889792845861449,0.6469522986323201,0.6620492470492471,0.6004680504680504,0.6312586487586487,0.6620492470492471,0.6004680504680504,0.9082051282051282,0.9282051282051282,0.9182051282051282,0.9282051282051282,0.9082051282051282,-0.021013492976912462,-0.042026985953824814,-0.03079059829059827,-0.06158119658119665,0.010000000000000009,0.0,0.042026985953824814,0.02101349297691235,0.042026985953824814,0.0
200,scifact,,21.46252873668952,rrf,0.6696682946682947,0.7075474214202767,0.964102564102564,181,test,195,,,105,0.6889792845861449,0.6469522986323201,0.6679657916092325,0.6889792845861449,0.6469522986323201,0.6620492470492471,0.6004680504680504,0.6312586487586487,0.6620492470492471,0.6004680504680504,0.9082051282051282,0.9282051282051282,0.9182051282051282,0.9282051282051282,0.9082051282051282,0.03958162981104418,0.018568136834131832,0.03840964590964602,0.007619047619047636,0.04589743589743578,0.03589743589743577,-0.018568136834131832,0.02101349297691235,0.042026985953824814,1.441814620123668
200,scifact,,21.46252873668952,zscore_fusion,0.7035775335775335,0.7322804287615718,0.953846153846154,181,test,195,,,105,0.6889792845861449,0.6469522986323201,0.6679657916092325,0.6889792845861449,0.6469522986323201,0.6620492470492471,0.6004680504680504,0.6312586487586487,0.6620492470492471,0.6004680504680504,0.9082051282051282,0.9282051282051282,0.9182051282051282,0.9282051282051282,0.9082051282051282,0.06431463715233932,0.043301144175426964,0.07231888481888482,0.04152828652828644,0.03564102564102578,0.025641025641025772,-0.043301144175426964,0.02101349297691235,0.042026985953824814,2.0303176207544857
200,scifact,,21.46252873668952,minmax_fusion,0.701949531949532,0.7302259748850467,0.9435897435897436,181,test,195,,,105,0.6889792845861449,0.6469522986323201,0.6679657916092325,0.6889792845861449,0.6469522986323201,0.6620492470492471,0.6004680504680504,0.6312586487586487,0.6620492470492471,0.6004680504680504,0.9082051282051282,0.9282051282051282,0.9182051282051282,0.9282051282051282,0.9082051282051282,0.062260183275814174,0.04124669029890182,0.07069088319088335,0.039900284900284966,0.02538461538461534,0.01538461538461533,-0.04124669029890182,0.02101349297691235,0.042026985953824814,1.9814334614483107
200,scifact,0.8,21.46252873668952,validation_weighted_fusion,0.6925132275132276,0.7291135303615806,0.9435897435897436,181,test,195,0.6424300831443689,0.6836152283819087,105,0.6889792845861449,0.6469522986323201,0.6679657916092325,0.6889792845861449,0.6469522986323201,0.6620492470492471,0.6004680504680504,0.6312586487586487,0.6620492470492471,0.6004680504680504,0.9082051282051282,0.9282051282051282,0.9182051282051282,0.9282051282051282,0.9082051282051282,0.061147738752348024,0.04013424577543567,0.06125457875457896,0.030463980463980578,0.02538461538461534,0.01538461538461533,-0.04013424577543567,0.02101349297691235,0.042026985953824814,1.9549636945064606
20,nfcorpus,,0.7949502941196851,bm25,0.5429875283446712,0.3265169059796161,0.1910248376592698,19,test,210,,,113,0.3265169059796161,0.3377838657080766,0.3321503858438464,0.3377838657080766,0.3265169059796161,0.5429875283446712,0.538879440665155,0.5409334845049132,0.5429875283446712,0.538879440665155,0.1910248376592698,0.2092611412174154,0.2001429894383426,0.2092611412174154,0.1910248376592698,-0.005633479864230295,-0.011266959728460535,0.0020540438397580463,0.0,-0.009118151779072797,-0.018236303558145595,0.011266959728460535,0.00563347986423024,0.011266959728460535,0.0
20,nfcorpus,,9.58392150155319,dense,0.538879440665155,0.3377838657080766,0.2092611412174154,19,test,210,,,113,0.3265169059796161,0.3377838657080766,0.3321503858438464,0.3377838657080766,0.3265169059796161,0.5429875283446712,0.538879440665155,0.5409334845049132,0.5429875283446712,0.538879440665155,0.1910248376592698,0.2092611412174154,0.2001429894383426,0.2092611412174154,0.1910248376592698,0.00563347986423024,0.0,-0.0020540438397581573,-0.004108087679516204,0.009118151779072797,0.0,0.0,0.00563347986423024,0.011266959728460535,1.0
20,nfcorpus,,10.378871795672875,rrf,0.5709580498866214,0.3606201230948134,0.2271320137483969,19,test,210,,,113,0.3265169059796161,0.3377838657080766,0.3321503858438464,0.3377838657080766,0.3265169059796161,0.5429875283446712,0.538879440665155,0.5409334845049132,0.5429875283446712,0.538879440665155,0.1910248376592698,0.2092611412174154,0.2001429894383426,0.2092611412174154,0.1910248376592698,0.02846973725096702,0.02283625738673678,0.030024565381708168,0.027970521541950122,0.026989024310054288,0.01787087253098149,-0.02283625738673678,0.00563347986423024,0.011266959728460535,3.026834029507712
20,nfcorpus,,10.378871795672875,zscore_fusion,0.5720408163265306,0.3599216751430492,0.2212279543209994,19,test,210,,,113,0.3265169059796161,0.3377838657080766,0.3321503858438464,0.3377838657080766,0.3265169059796161,0.5429875283446712,0.538879440665155,0.5409334845049132,0.5429875283446712,0.538879440665155,0.1910248376592698,0.2092611412174154,0.2001429894383426,0.2092611412174154,0.1910248376592698,0.027771289299202806,0.022137809434972566,0.0311073318216174,0.029053287981859355,0.021084964882656793,0.011966813103583995,-0.022137809434972566,0.00563347986423024,0.011266959728460535,2.9648432202213413
20,nfcorpus,,10.378871795672875,minmax_fusion,0.572108843537415,0.3639091206953504,0.2206268409209401,19,test,210,,,113,0.3265169059796161,0.3377838657080766,0.3321503858438464,0.3377838657080766,0.3265169059796161,0.5429875283446712,0.538879440665155,0.5409334845049132,0.5429875283446712,0.538879440665155,0.1910248376592698,0.2092611412174154,0.2001429894383426,0.2092611412174154,0.1910248376592698,0.031758734851504045,0.026125254987273805,0.031175359032501793,0.029121315192743746,0.020483851482597487,0.01136569970352469,-0.026125254987273805,0.00563347986423024,0.011266959728460535,3.3187493003352944
20,nfcorpus,0.3,10.378871795672875,validation_weighted_fusion,0.5692309145880574,0.3543334331451298,0.2089215487617203,19,test,210,0.5227981458069954,0.3086193937486947,113,0.3265169059796161,0.3377838657080766,0.3321503858438464,0.3377838657080766,0.3265169059796161,0.5429875283446712,0.538879440665155,0.5409334845049132,0.5429875283446712,0.538879440665155,0.1910248376592698,0.2092611412174154,0.2001429894383426,0.2092611412174154,0.1910248376592698,0.0221830473012834,0.01654956743705316,0.028297430083144226,0.02624338624338618,0.008778559323377705,-0.00033959245569509244,-0.01654956743705316,0.00563347986423024,0.011266959728460535,2.4688583110178928
20,nfcorpus,,0.7949502941196851,bm25,0.5109504913076341,0.2963630164878454,0.1753434814146614,31,test,210,,,113,0.2963630164878454,0.3063851536894775,0.3013740850886615,0.3063851536894775,0.2963630164878454,0.5109504913076341,0.5078004535147392,0.5093754724111867,0.5109504913076341,0.5078004535147392,0.1753434814146614,0.1849301166863851,0.18013679905052327,0.1849301166863851,0.1753434814146614,-0.005011068600816071,-0.010022137201632086,0.0015750188964474,0.0,-0.0047933176358618546,-0.009586635271723681,0.010022137201632086,0.0050110686008160155,0.010022137201632086,0.0
20,nfcorpus,,9.58392150155319,dense,0.5078004535147392,0.3063851536894775,0.1849301166863851,31,test,210,,,113,0.2963630164878454,0.3063851536894775,0.3013740850886615,0.3063851536894775,0.2963630164878454,0.5109504913076341,0.5078004535147392,0.5093754724111867,0.5109504913076341,0.5078004535147392,0.1753434814146614,0.1849301166863851,0.18013679905052327,0.1849301166863851,0.1753434814146614,0.0050110686008160155,0.0,-0.001575018896447511,-0.003150037792894911,0.004793317635861827,0.0,0.0,0.0050110686008160155,0.010022137201632086,1.0
20,nfcorpus,,10.378871795672875,rrf,0.5392441421012849,0.3277647730733211,0.2104459266504631,31,test,210,,,113,0.2963630164878454,0.3063851536894775,0.3013740850886615,0.3063851536894775,0.2963630164878454,0.5109504913076341,0.5078004535147392,0.5093754724111867,0.5109504913076341,0.5078004535147392,0.1753434814146614,0.1849301166863851,0.18013679905052327,0.1849301166863851,0.1753434814146614,0.0263906879846596,0.021379619383843584,0.02986866969009816,0.02829365079365076,0.03030912759993984,0.025515809964078012,-0.021379619383843584,0.0050110686008160155,0.010022137201632086,3.133239542995076
20,nfcorpus,,10.378871795672875,zscore_fusion,0.5373828420256992,0.3247611660223208,0.2069076582059133,31,test,210,,,113,0.2963630164878454,0.3063851536894775,0.3013740850886615,0.3063851536894775,0.2963630164878454,0.5109504913076341,0.5078004535147392,0.5093754724111867,0.5109504913076341,0.5078004535147392,0.1753434814146614,0.1849301166863851,0.18013679905052327,0.1849301166863851,0.1753434814146614,0.02338708093365932,0.018376012332843306,0.028007369614512445,0.026432350718065045,0.026770859155390042,0.021977541519528215,-0.018376012332843306,0.0050110686008160155,0.010022137201632086,2.833542283760674
20,nfcorpus,,10.378871795672875,minmax_fusion,0.538034769463341,0.3283539358457,0.2042367395277911,31,test,210,,,113,0.2963630164878454,0.3063851536894775,0.3013740850886615,0.3063851536894775,0.2963630164878454,0.5109504913076341,0.5078004535147392,0.5093754724111867,0.5109504913076341,0.5078004535147392,0.1753434814146614,0.1849301166863851,0.18013679905052327,0.1849301166863851,0.1753434814146614,0.026979850757038515,0.0219687821562225,0.028659297052154198,0.027084278155706798,0.024099940477267823,0.019306622841405996,-0.0219687821562225,0.0050110686008160155,0.010022137201632086,3.1920256841669383
20,nfcorpus,0.5,10.378871795672875,validation_weighted_fusion,0.5373828420256992,0.3247611660223208,0.2069076582059133,31,test,210,0.5485812614131198,0.3662194791110429,113,0.2963630164878454,0.3063851536894775,0.3013740850886615,0.3063851536894775,0.2963630164878454,0.5109504913076341,0.5078004535147392,0.5093754724111867,0.5109504913076341,0.5078004535147392,0.1753434814146614,0.1849301166863851,0.18013679905052327,0.1849301166863851,0.1753434814146614,0.02338708093365932,0.018376012332843306,0.028007369614512445,0.026432350718065045,0.026770859155390042,0.021977541519528215,-0.018376012332843306,0.0050110686008160155,0.010022137201632086,2.833542283760674
20,nfcorpus,,0.7949502941196851,bm25,0.5076832955404383,0.3005374981830505,0.1730063437981727,47,test,210,,,113,0.3005374981830505,0.3090701962053194,0.30480384719418496,0.3090701962053194,0.3005374981830505,0.5076832955404383,0.5100302343159486,0.5088567649281934,0.5100302343159486,0.5076832955404383,0.1730063437981727,0.1904240211475253,0.181715182472849,0.1904240211475253,0.1730063437981727,-0.004266349011134485,-0.008532698022268914,-0.0011734693877550884,-0.0023469387755102877,-0.008708838674676311,-0.017417677349352595,0.008532698022268914,0.004266349011134429,0.008532698022268914,0.0
20,nfcorpus,,9.58392150155319,dense,0.5100302343159486,0.3090701962053194,0.1904240211475253,47,test,210,,,113,0.3005374981830505,0.3090701962053194,0.30480384719418496,0.3090701962053194,0.3005374981830505,0.5076832955404383,0.5100302343159486,0.5088567649281934,0.5100302343159486,0.5076832955404383,0.1730063437981727,0.1904240211475253,0.181715182472849,0.1904240211475253,0.1730063437981727,0.004266349011134429,0.0,0.0011734693877551994,0.0,0.008708838674676284,0.0,0.0,0.004266349011134429,0.008532698022268914,1.0
20,nfcorpus,,10.378871795672875,rrf,0.5496749811035525,0.3309599515593912,0.2106110035508243,47,test,210,,,113,0.3005374981830505,0.3090701962053194,0.30480384719418496,0.3090701962053194,0.3005374981830505,0.5076832955404383,0.5100302343159486,0.5088567649281934,0.5100302343159486,0.5076832955404383,0.1730063437981727,0.1904240211475253,0.181715182472849,0.1904240211475253,0.1730063437981727,0.026156104365206212,0.021889755354071783,0.04081821617535908,0.03964474678760388,0.02889582107797528,0.020186982403298998,-0.021889755354071783,0.004266349011134429,0.008532698022268914,3.565396700661758
20,nfcorpus,,10.378871795672875,zscore_fusion,0.5328136810279668,0.3298667431783568,0.2066828083552788,47,test,210,,,113,0.3005374981830505,0.3090701962053194,0.30480384719418496,0.3090701962053194,0.3005374981830505,0.5076832955404383,0.5100302343159486,0.5088567649281934,0.5100302343159486,0.5076832955404383,0.1730063437981727,0.1904240211475253,0.181715182472849,0.1904240211475253,0.1730063437981727,0.02506289598417183,0.0207965469730374,0.02395691609977335,0.02278344671201815,0.02496762588242979,0.016258787207753506,-0.0207965469730374,0.004266349011134429,0.008532698022268914,3.4372768049170253
20,nfcorpus,,10.378871795672875,minmax_fusion,0.5476568405139833,0.3388981242493358,0.2056233475233793,47,test,210,,,113,0.3005374981830505,0.3090701962053194,0.30480384719418496,0.3090701962053194,0.3005374981830505,0.5076832955404383,0.5100302343159486,0.5088567649281934,0.5100302343159486,0.5076832955404383,0.1730063437981727,0.1904240211475253,0.181715182472849,0.1904240211475253,0.1730063437981727,0.034094277055150835,0.029827928044016405,0.038800075585789906,0.03762660619803471,0.023908165050530283,0.015199326375854,-0.029827928044016405,0.004266349011134429,0.008532698022268914,4.4957205758566054
20,nfcorpus,0.2,10.378871795672875,validation_weighted_fusion,0.5386035525321239,0.3221430613515083,0.1882254681351459,47,test,210,0.5597555836493889,0.3607688769501868,113,0.3005374981830505,0.3090701962053194,0.30480384719418496,0.3090701962053194,0.3005374981830505,0.5076832955404383,0.5100302343159486,0.5088567649281934,0.5100302343159486,0.5076832955404383,0.1730063437981727,0.1904240211475253,0.181715182472849,0.1904240211475253,0.1730063437981727,0.017339214157323313,0.013072865146188883,0.029746787603930458,0.02857331821617526,0.0065102856622968885,-0.002198553012379395,-0.013072865146188883,0.004266349011134429,0.008532698022268914,2.5320904492425367
20,nfcorpus,,0.7949502941196851,bm25,0.5038340891912321,0.2977828505189236,0.177339680493635,73,test,210,,,113,0.2977828505189236,0.3098509009099439,0.3038168757144337,0.3098509009099439,0.2977828505189236,0.5038340891912321,0.5035733182161753,0.5037037037037038,0.5038340891912321,0.5035733182161753,0.177339680493635,0.1822702578251019,0.17980496915936844,0.1822702578251019,0.177339680493635,-0.0060340251955101065,-0.012068050391020269,0.00013038548752830614,0.0,-0.0024652886657334505,-0.004930577331466901,0.012068050391020269,0.006034025195510162,0.012068050391020269,0.0
20,nfcorpus,,9.58392150155319,dense,0.5035733182161753,0.3098509009099439,0.1822702578251019,73,test,210,,,113,0.2977828505189236,0.3098509009099439,0.3038168757144337,0.3098509009099439,0.2977828505189236,0.5038340891912321,0.5035733182161753,0.5037037037037038,0.5038340891912321,0.5035733182161753,0.177339680493635,0.1822702578251019,0.17980496915936844,0.1822702578251019,0.177339680493635,0.006034025195510162,0.0,-0.00013038548752841717,-0.0002607709750567233,0.0024652886657334505,0.0,0.0,0.006034025195510162,0.012068050391020269,1.0
20,nfcorpus,,10.378871795672875,rrf,0.5439399092970522,0.3307041503886836,0.2091621035380081,73,test,210,,,113,0.2977828505189236,0.3098509009099439,0.3038168757144337,0.3098509009099439,0.2977828505189236,0.5038340891912321,0.5035733182161753,0.5037037037037038,0.5038340891912321,0.5035733182161753,0.177339680493635,0.1822702578251019,0.17980496915936844,0.1822702578251019,0.177339680493635,0.026887274674249895,0.020853249478739733,0.040236205593348395,0.04010582010582009,0.029357134378639654,0.026891845712906204,-0.020853249478739733,0.006034025195510162,0.012068050391020269,2.727971694106983
20,nfcorpus,,10.378871795672875,zscore_fusion,0.5361054421768707,0.326827574441708,0.2034145634657357,73,test,210,,,113,0.2977828505189236,0.3098509009099439,0.3038168757144337,0.3098509009099439,0.2977828505189236,0.5038340891912321,0.5035733182161753,0.5037037037037038,0.5038340891912321,0.5035733182161753,0.177339680493635,0.1822702578251019,0.17980496915936844,0.1822702578251019,0.177339680493635,0.023010698727274292,0.01697667353176413,0.03240173847316696,0.03227135298563866,0.02360959430636725,0.021144305640633798,-0.01697667353176413,0.006034025195510162,0.012068050391020269,2.4067453301650388
20,nfcorpus,,10.378871795672875,minmax_fusion,0.5453949357520786,0.3327679930864036,0.1986968753876389,73,test,210,,,113,0.2977828505189236,0.3098509009099439,0.3038168757144337,0.3098509009099439,0.2977828505189236,0.5038340891912321,0.5035733182161753,0.5037037037037038,0.5038340891912321,0.5035733182161753,0.177339680493635,0.1822702578251019,0.17980496915936844,0.1822702578251019,0.177339680493635,0.02895111737196987,0.022917092176459708,0.04169123204837488,0.041560846560846576,0.018891906228270444,0.016426617562536994,-0.022917092176459708,0.006034025195510162,0.012068050391020269,2.8989887706726942
20,nfcorpus,0.5,10.378871795672875,validation_weighted_fusion,0.5361054421768707,0.326827574441708,0.2034145634657357,73,test,210,0.5509551903357213,0.3623792510750136,113,0.2977828505189236,0.3098509009099439,0.3038168757144337,0.3098509009099439,0.2977828505189236,0.5038340891912321,0.5035733182161753,0.5037037037037038,0.5038340891912321,0.5035733182161753,0.177339680493635,0.1822702578251019,0.17980496915936844,0.1822702578251019,0.177339680493635,0.023010698727274292,0.01697667353176413,0.03240173847316696,0.03227135298563866,0.02360959430636725,0.021144305640633798,-0.01697667353176413,0.006034025195510162,0.012068050391020269,2.4067453301650388
20,nfcorpus,,0.7949502941196851,bm25,0.525587679516251,0.3124397032108829,0.1860408288999355,109,test,210,,,113,0.3124397032108829,0.3210178163852404,0.31672875979806164,0.3210178163852404,0.3124397032108829,0.525587679516251,0.5208578987150415,0.5232227891156462,0.525587679516251,0.5208578987150415,0.1860408288999355,0.1957178327913223,0.19087933084562891,0.1957178327913223,0.1860408288999355,-0.004289056587178763,-0.008578113174357527,0.0023648904006047244,0.0,-0.0048385019456934075,-0.009677003891386787,0.008578113174357527,0.004289056587178763,0.008578113174357527,0.0
20,nfcorpus,,9.58392150155319,dense,0.5208578987150415,0.3210178163852404,0.1957178327913223,109,test,210,,,113,0.3124397032108829,0.3210178163852404,0.31672875979806164,0.3210178163852404,0.3124397032108829,0.525587679516251,0.5208578987150415,0.5232227891156462,0.525587679516251,0.5208578987150415,0.1860408288999355,0.1957178327913223,0.19087933084562891,0.1957178327913223,0.1860408288999355,0.004289056587178763,0.0,-0.0023648904006047244,-0.004729780801209449,0.00483850194569338,0.0,0.0,0.004289056587178763,0.008578113174357527,1.0
20,nfcorpus,,10.378871795672875,rrf,0.556201814058957,0.3463269476219963,0.2163112710489453,109,test,210,,,113,0.3124397032108829,0.3210178163852404,0.31672875979806164,0.3210178163852404,0.3124397032108829,0.525587679516251,0.5208578987150415,0.5232227891156462,0.525587679516251,0.5208578987150415,0.1860408288999355,0.1957178327913223,0.19087933084562891,0.1957178327913223,0.1860408288999355,0.02959818782393464,0.025309131236755877,0.03297902494331073,0.030614134542706006,0.025431940203316378,0.020593438257622998,-0.025309131236755877,0.004289056587178763,0.008578113174357527,3.950431023970659
20,nfcorpus,,10.378871795672875,zscore_fusion,0.5467063492063492,0.3446837071615716,0.2108312731724666,109,test,210,,,113,0.3124397032108829,0.3210178163852404,0.31672875979806164,0.3210178163852404,0.3124397032108829,0.525587679516251,0.5208578987150415,0.5232227891156462,0.525587679516251,0.5208578987150415,0.1860408288999355,0.1957178327913223,0.19087933084562891,0.1957178327913223,0.1860408288999355,0.027954947363509952,0.02366589077633119,0.02348356009070296,0.021118669690098235,0.019951942326837696,0.015113440381144316,-0.02366589077633119,0.004289056587178763,0.008578113174357527,3.7588690304384667
20,nfcorpus,,10.378871795672875,minmax_fusion,0.5562150415721844,0.3503090535539713,0.2098269338161581,109,test,210,,,113,0.3124397032108829,0.3210178163852404,0.31672875979806164,0.3210178163852404,0.3124397032108829,0.525587679516251,0.5208578987150415,0.5232227891156462,0.525587679516251,0.5208578987150415,0.1860408288999355,0.1957178327913223,0.19087933084562891,0.1957178327913223,0.1860408288999355,0.03358029375590965,0.029291237168730888,0.03299225245653814,0.030627362055933416,0.018947602970529193,0.014109101024835813,-0.029291237168730888,0.004289056587178763,0.008578113174357527,4.414648020300188
20,nfcorpus,0.3,10.378871795672875,validation_weighted_fusion,0.5628099017384732,0.3406243228850147,0.1985097642191626,109,test,210,0.5347310015451608,0.3340965013117403,113,0.3124397032108829,0.3210178163852404,0.31672875979806164,0.3210178163852404,0.3124397032108829,0.525587679516251,0.5208578987150415,0.5232227891156462,0.525587679516251,0.5208578987150415,0.1860408288999355,0.1957178327913223,0.19087933084562891,0.1957178327913223,0.1860408288999355,0.023895563086953064,0.0196065064997743,0.03958711262282699,0.03722222222222227,0.007630433373533696,0.0027919314278403162,-0.0196065064997743,0.004289056587178763,0.008578113174357527,3.285643252922315
20,nfcorpus,,0.7949502941196851,bm25,0.5218310657596372,0.3119822566791321,0.1718146509327074,149,test,210,,,113,0.3119822566791321,0.3257221095640513,0.3188521831215917,0.3257221095640513,0.3119822566791321,0.5218310657596372,0.5190759637188208,0.5204535147392291,0.5218310657596372,0.5190759637188208,0.1718146509327074,0.1892992259931311,0.18055693846291926,0.1892992259931311,0.1718146509327074,-0.006869926442459595,-0.01373985288491919,0.001377551020408152,0.0,-0.008742287530211862,-0.017484575060423696,0.01373985288491919,0.006869926442459595,0.01373985288491919,0.0
20,nfcorpus,,9.58392150155319,dense,0.5190759637188208,0.3257221095640513,0.1892992259931311,149,test,210,,,113,0.3119822566791321,0.3257221095640513,0.3188521831215917,0.3257221095640513,0.3119822566791321,0.5218310657596372,0.5190759637188208,0.5204535147392291,0.5218310657596372,0.5190759637188208,0.1718146509327074,0.1892992259931311,0.18055693846291926,0.1892992259931311,0.1718146509327074,0.006869926442459595,0.0,-0.001377551020408263,-0.002755102040816415,0.008742287530211834,0.0,0.0,0.006869926442459595,0.01373985288491919,1.0
20,nfcorpus,,10.378871795672875,rrf,0.5483314436885866,0.347544114289594,0.2077159569259574,149,test,210,,,113,0.3119822566791321,0.3257221095640513,0.3188521831215917,0.3257221095640513,0.3119822566791321,0.5218310657596372,0.5190759637188208,0.5204535147392291,0.5218310657596372,0.5190759637188208,0.1718146509327074,0.1892992259931311,0.18055693846291926,0.1892992259931311,0.1718146509327074,0.028691931168002283,0.021822004725542687,0.027877928949357478,0.026500377928949326,0.027159018463038143,0.01841673093282631,-0.021822004725542687,0.006869926442459595,0.01373985288491919,2.588226956163005
20,nfcorpus,,10.378871795672875,zscore_fusion,0.5488586545729404,0.3450728940516238,0.2022505593708654,149,test,210,,,113,0.3119822566791321,0.3257221095640513,0.3188521831215917,0.3257221095640513,0.3119822566791321,0.5218310657596372,0.5190759637188208,0.5204535147392291,0.5218310657596372,0.5190759637188208,0.1718146509327074,0.1892992259931311,0.18055693846291926,0.1892992259931311,0.1718146509327074,0.026220710930032087,0.019350784487572492,0.02840513983371129,0.02702758881330314,0.021693620907946132,0.012951333377734298,-0.019350784487572492,0.006869926442459595,0.01373985288491919,2.4083691178973132
20,nfcorpus,,10.378871795672875,minmax_fusion,0.5477702191987905,0.3499366877205611,0.2045882283380576,149,test,210,,,113,0.3119822566791321,0.3257221095640513,0.3188521831215917,0.3257221095640513,0.3119822566791321,0.5218310657596372,0.5190759637188208,0.5204535147392291,0.5218310657596372,0.5190759637188208,0.1718146509327074,0.1892992259931311,0.18055693846291926,0.1892992259931311,0.1718146509327074,0.031084504598969387,0.02421457815650979,0.02731670445956147,0.025939153439153317,0.024031289875138334,0.0152890023449265,-0.02421457815650979,0.006869926442459595,0.01373985288491919,2.762360802500849
20,nfcorpus,0.4,10.378871795672875,validation_weighted_fusion,0.5546995464852608,0.3379022516109647,0.1919010025733978,149,test,210,0.5461862621154657,0.3371878511665173,113,0.3119822566791321,0.3257221095640513,0.3188521831215917,0.3257221095640513,0.3119822566791321,0.5218310657596372,0.5190759637188208,0.5204535147392291,0.5218310657596372,0.5190759637188208,0.1718146509327074,0.1892992259931311,0.18055693846291926,0.1892992259931311,0.1718146509327074,0.019050068489373018,0.012180142046913423,0.03424603174603169,0.03286848072562354,0.01134406411047853,0.002601776580266696,-0.012180142046913423,0.006869926442459595,0.01373985288491919,1.886482711927891
20,nfcorpus,,0.7949502941196851,bm25,0.5214928193499622,0.310165023781125,0.161228566239743,181,test,210,,,113,0.310165023781125,0.3051375522558083,0.30765128801846664,0.310165023781125,0.3051375522558083,0.5214928193499622,0.4950755857898715,0.5082842025699168,0.5214928193499622,0.4950755857898715,0.161228566239743,0.1726420648401135,0.16693531553992824,0.1726420648401135,0.161228566239743,0.0025137357626583423,0.0,0.013208616780045368,0.0,-0.005706749300185249,-0.011413498600370497,0.0,0.0025137357626583423,0.005027471525316685,1.0
20,nfcorpus,,9.58392150155319,dense,0.4950755857898715,0.3051375522558083,0.1726420648401135,181,test,210,,,113,0.310165023781125,0.3051375522558083,0.30765128801846664,0.310165023781125,0.3051375522558083,0.5214928193499622,0.4950755857898715,0.5082842025699168,0.5214928193499622,0.4950755857898715,0.161228566239743,0.1726420648401135,0.16693531553992824,0.1726420648401135,0.161228566239743,-0.0025137357626583423,-0.005027471525316685,-0.013208616780045312,-0.02641723356009068,0.005706749300185249,0.0,0.005027471525316685,0.0025137357626583423,0.005027471525316685,0.0
20,nfcorpus,,10.378871795672875,rrf,0.5459372637944067,0.3380771322539588,0.1974630078163558,181,test,210,,,113,0.310165023781125,0.3051375522558083,0.30765128801846664,0.310165023781125,0.3051375522558083,0.5214928193499622,0.4950755857898715,0.5082842025699168,0.5214928193499622,0.4950755857898715,0.161228566239743,0.1726420648401135,0.16693531553992824,0.1726420648401135,0.161228566239743,0.03042584423549216,0.02791210847283382,0.03765306122448986,0.02444444444444449,0.03052769227642757,0.02482094297624232,-0.02791210847283382,0.0025137357626583423,0.005027471525316685,6.551917764681046
20,nfcorpus,,10.378871795672875,zscore_fusion,0.5371636432350718,0.3335377213879822,0.1928931384833547,181,test,210,,,113,0.310165023781125,0.3051375522558083,0.30765128801846664,0.310165023781125,0.3051375522558083,0.5214928193499622,0.4950755857898715,0.5082842025699168,0.5214928193499622,0.4950755857898715,0.161228566239743,0.1726420648401135,0.16693531553992824,0.1726420648401135,0.161228566239743,0.02588643336951557,0.02337269760685723,0.02887944066515502,0.015670823885109653,0.025957822943426467,0.02025107364324122,-0.02337269760685723,0.0025137357626583423,0.005027471525316685,5.648996516272653
20,nfcorpus,,10.378871795672875,minmax_fusion,0.5451379440665155,0.3396975835693406,0.190297824270607,181,test,210,,,113,0.310165023781125,0.3051375522558083,0.30765128801846664,0.310165023781125,0.3051375522558083,0.5214928193499622,0.4950755857898715,0.5082842025699168,0.5214928193499622,0.4950755857898715,0.161228566239743,0.1726420648401135,0.16693531553992824,0.1726420648401135,0.161228566239743,0.03204629555087396,0.029532559788215618,0.0368537414965987,0.023645124716553334,0.02336250873067877,0.017655759430493523,-0.029532559788215618,0.0025137357626583423,0.005027471525316685,6.874237106963094
20,nfcorpus,0.5,10.378871795672875,validation_weighted_fusion,0.5371636432350718,0.3335377213879822,0.1928931384833547,181,test,210,0.5489886219974716,0.3499090664845926,113,0.310165023781125,0.3051375522558083,0.30765128801846664,0.310165023781125,0.3051375522558083,0.5214928193499622,0.4950755857898715,0.5082842025699168,0.5214928193499622,0.4950755857898715,0.161228566239743,0.1726420648401135,0.16693531553992824,0.1726420648401135,0.161228566239743,0.02588643336951557,0.02337269760685723,0.02887944066515502,0.015670823885109653,0.025957822943426467,0.02025107364324122,-0.02337269760685723,0.0025137357626583423,0.005027471525316685,5.648996516272653
50,nfcorpus,,0.7949502941196851,bm25,0.5429875283446712,0.3265169059796161,0.2250633760901879,19,test,210,,,113,0.3265169059796161,0.3377838657080766,0.3321503858438464,0.3377838657080766,0.3265169059796161,0.5429875283446712,0.538879440665155,0.5409334845049132,0.5429875283446712,0.538879440665155,0.2250633760901879,0.2747695536935973,0.2499164648918926,0.2747695536935973,0.2250633760901879,-0.005633479864230295,-0.011266959728460535,0.0020540438397580463,0.0,-0.024853088801704698,-0.049706177603409396,0.011266959728460535,0.00563347986423024,0.011266959728460535,0.0
50,nfcorpus,,9.58392150155319,dense,0.538879440665155,0.3377838657080766,0.2747695536935973,19,test,210,,,113,0.3265169059796161,0.3377838657080766,0.3321503858438464,0.3377838657080766,0.3265169059796161,0.5429875283446712,0.538879440665155,0.5409334845049132,0.5429875283446712,0.538879440665155,0.2250633760901879,0.2747695536935973,0.2499164648918926,0.2747695536935973,0.2250633760901879,0.00563347986423024,0.0,-0.0020540438397581573,-0.004108087679516204,0.024853088801704698,0.0,0.0,0.00563347986423024,0.011266959728460535,1.0
50,nfcorpus,,10.378871795672875,rrf,0.5742649281934996,0.3646526136303817,0.2813614267838994,19,test,210,,,113,0.3265169059796161,0.3377838657080766,0.3321503858438464,0.3377838657080766,0.3265169059796161,0.5429875283446712,0.538879440665155,0.5409334845049132,0.5429875283446712,0.538879440665155,0.2250633760901879,0.2747695536935973,0.2499164648918926,0.2747695536935973,0.2250633760901879,0.03250222778653533,0.026868747922305092,0.033331443688586426,0.03127739984882838,0.03144496189200682,0.006591873090302125,-0.026868747922305092,0.00563347986423024,0.011266959728460535,3.3847380810667294
50,nfcorpus,,10.378871795672875,zscore_fusion,0.5720086923658353,0.3624566024279983,0.2836810909667019,19,test,210,,,113,0.3265169059796161,0.3377838657080766,0.3321503858438464,0.3377838657080766,0.3265169059796161,0.5429875283446712,0.538879440665155,0.5409334845049132,0.5429875283446712,0.538879440665155,0.2250633760901879,0.2747695536935973,0.2499164648918926,0.2747695536935973,0.2250633760901879,0.030306216584151946,0.024672736719921706,0.031075207860922105,0.02902116402116406,0.03376462607480932,0.00891153727310462,-0.024672736719921706,0.00563347986423024,0.011266959728460535,3.1898309139774366
50,nfcorpus,,10.378871795672875,minmax_fusion,0.575239984882842,0.3657193557477241,0.2805328926292715,19,test,210,,,113,0.3265169059796161,0.3377838657080766,0.3321503858438464,0.3377838657080766,0.3265169059796161,0.5429875283446712,0.538879440665155,0.5409334845049132,0.5429875283446712,0.538879440665155,0.2250633760901879,0.2747695536935973,0.2499164648918926,0.2747695536935973,0.2250633760901879,0.0335689699038777,0.02793549003964746,0.03430650037792882,0.03225245653817077,0.03061642773737891,0.0057633389356742115,-0.02793549003964746,0.00563347986423024,0.011266959728460535,3.479416871357224
50,nfcorpus,0.4,10.378871795672875,validation_weighted_fusion,0.5767762660619804,0.3606015956969313,0.268523933501441,19,test,210,0.5090462143559489,0.3109568992290084,113,0.3265169059796161,0.3377838657080766,0.3321503858438464,0.3377838657080766,0.3265169059796161,0.5429875283446712,0.538879440665155,0.5409334845049132,0.5429875283446712,0.538879440665155,0.2250633760901879,0.2747695536935973,0.2499164648918926,0.2747695536935973,0.2250633760901879,0.028451209853084913,0.022817729988854674,0.035842781557067216,0.03378873771730917,0.0186074686095484,-0.006245620192156298,-0.022817729988854674,0.00563347986423024,0.011266959728460535,3.0251896286818787
50,nfcorpus,,0.7949502941196851,bm25,0.5109504913076341,0.2963630164878454,0.2080666115781862,31,test,210,,,113,0.2963630164878454,0.3063851536894775,0.3013740850886615,0.3063851536894775,0.2963630164878454,0.5109504913076341,0.5078004535147392,0.5093754724111867,0.5109504913076341,0.5078004535147392,0.2080666115781862,0.2357627887664803,0.22191470017233325,0.2357627887664803,0.2080666115781862,-0.005011068600816071,-0.010022137201632086,0.0015750188964474,0.0,-0.013848088594147046,-0.02769617718829409,0.010022137201632086,0.0050110686008160155,0.010022137201632086,0.0
50,nfcorpus,,9.58392150155319,dense,0.5078004535147392,0.3063851536894775,0.2357627887664803,31,test,210,,,113,0.2963630164878454,0.3063851536894775,0.3013740850886615,0.3063851536894775,0.2963630164878454,0.5109504913076341,0.5078004535147392,0.5093754724111867,0.5109504913076341,0.5078004535147392,0.2080666115781862,0.2357627887664803,0.22191470017233325,0.2357627887664803,0.2080666115781862,0.0050110686008160155,0.0,-0.001575018896447511,-0.003150037792894911,0.013848088594147046,0.0,0.0,0.0050110686008160155,0.010022137201632086,1.0
50,nfcorpus,,10.378871795672875,rrf,0.5397940287226002,0.3282970922203307,0.2600579337990956,31,test,210,,,113,0.2963630164878454,0.3063851536894775,0.3013740850886615,0.3063851536894775,0.2963630164878454,0.5109504913076341,0.5078004535147392,0.5093754724111867,0.5109504913076341,0.5078004535147392,0.2080666115781862,0.2357627887664803,0.22191470017233325,0.2357627887664803,0.2080666115781862,0.02692300713166923,0.021911938530853214,0.030418556311413436,0.028843537414966036,0.038143233626762335,0.02429514503261529,-0.021911938530853214,0.0050110686008160155,0.010022137201632086,3.186353877422961
50,nfcorpus,,10.378871795672875,zscore_fusion,0.5364720332577475,0.3273656317189851,0.2545303350192248,31,test,210,,,113,0.2963630164878454,0.3063851536894775,0.3013740850886615,0.3063851536894775,0.2963630164878454,0.5109504913076341,0.5078004535147392,0.5093754724111867,0.5109504913076341,0.5078004535147392,0.2080666115781862,0.2357627887664803,0.22191470017233325,0.2357627887664803,0.2080666115781862,0.025991546630323603,0.020980478029507588,0.027096560846560758,0.025521541950113358,0.032615634846891534,0.018767546252744488,-0.020980478029507588,0.0050110686008160155,0.010022137201632086,3.093413571118439
50,nfcorpus,,10.378871795672875,minmax_fusion,0.5380045351473922,0.3272898896813189,0.2518132066267229,31,test,210,,,113,0.2963630164878454,0.3063851536894775,0.3013740850886615,0.3063851536894775,0.2963630164878454,0.5109504913076341,0.5078004535147392,0.5093754724111867,0.5109504913076341,0.5078004535147392,0.2080666115781862,0.2357627887664803,0.22191470017233325,0.2357627887664803,0.2080666115781862,0.02591580459265741,0.020904735991841394,0.02862906273620547,0.02705404383975807,0.029898506454389656,0.01605041786024261,-0.020904735991841394,0.0050110686008160155,0.010022137201632086,3.0858560974835885
50,nfcorpus,0.4,10.378871795672875,validation_weighted_fusion,0.5480536659108087,0.3287876498676641,0.2464024519654827,31,test,210,0.562424497822728,0.3700801613895935,113,0.2963630164878454,0.3063851536894775,0.3013740850886615,0.3063851536894775,0.2963630164878454,0.5109504913076341,0.5078004535147392,0.5093754724111867,0.5109504913076341,0.5078004535147392,0.2080666115781862,0.2357627887664803,0.22191470017233325,0.2357627887664803,0.2080666115781862,0.02741356477900264,0.022402496178186626,0.03867819349962198,0.03710317460317458,0.024487751793149437,0.010639663199002392,-0.022402496178186626,0.0050110686008160155,0.010022137201632086,3.2353012862903556
50,nfcorpus,,0.7949502941196851,bm25,0.5076832955404383,0.3005374981830505,0.2055249651190041,47,test,210,,,113,0.3005374981830505,0.3090701962053194,0.30480384719418496,0.3090701962053194,0.3005374981830505,0.5076832955404383,0.5100302343159486,0.5088567649281934,0.5100302343159486,0.5076832955404383,0.2055249651190041,0.2465018901512592,0.22601342763513166,0.2465018901512592,0.2055249651190041,-0.004266349011134485,-0.008532698022268914,-0.0011734693877550884,-0.0023469387755102877,-0.02048846251612757,-0.04097692503225511,0.008532698022268914,0.004266349011134429,0.008532698022268914,0.0
50,nfcorpus,,9.58392150155319,dense,0.5100302343159486,0.3090701962053194,0.2465018901512592,47,test,210,,,113,0.3005374981830505,0.3090701962053194,0.30480384719418496,0.3090701962053194,0.3005374981830505,0.5076832955404383,0.5100302343159486,0.5088567649281934,0.5100302343159486,0.5076832955404383,0.2055249651190041,0.2465018901512592,0.22601342763513166,0.2465018901512592,0.2055249651190041,0.004266349011134429,0.0,0.0011734693877551994,0.0,0.020488462516127542,0.0,0.0,0.004266349011134429,0.008532698022268914,1.0
50,nfcorpus,,10.378871795672875,rrf,0.5498998488284202,0.33199794378177,0.2576956464980308,47,test,210,,,113,0.3005374981830505,0.3090701962053194,0.30480384719418496,0.3090701962053194,0.3005374981830505,0.5076832955404383,0.5100302343159486,0.5088567649281934,0.5100302343159486,0.5076832955404383,0.2055249651190041,0.2465018901512592,0.22601342763513166,0.2465018901512592,0.2055249651190041,0.027194096587585037,0.022927747576450608,0.04104308390022682,0.03986961451247162,0.031682218862899125,0.011193756346771583,-0.022927747576450608,0.004266349011134429,0.008532698022268914,3.6870454710354243
50,nfcorpus,,10.378871795672875,zscore_fusion,0.5330007558578986,0.330139912324965,0.2605845247859019,47,test,210,,,113,0.3005374981830505,0.3090701962053194,0.30480384719418496,0.3090701962053194,0.3005374981830505,0.5076832955404383,0.5100302343159486,0.5088567649281934,0.5100302343159486,0.5076832955404383,0.2055249651190041,0.2465018901512592,0.22601342763513166,0.2465018901512592,0.2055249651190041,0.025336065130780017,0.021069716119645587,0.024143990929705206,0.022970521541950006,0.034571097150770225,0.014082634634642682,-0.021069716119645587,0.004266349011134429,0.008532698022268914,3.4692911977732193
50,nfcorpus,,10.378871795672875,minmax_fusion,0.5421182917611489,0.3336944137138245,0.2600295718937343,47,test,210,,,113,0.3005374981830505,0.3090701962053194,0.30480384719418496,0.3090701962053194,0.3005374981830505,0.5076832955404383,0.5100302343159486,0.5088567649281934,0.5100302343159486,0.5076832955404383,0.2055249651190041,0.2465018901512592,0.22601342763513166,0.2465018901512592,0.2055249651190041,0.02889056651963956,0.02462421750850513,0.03326152683295547,0.03208805744520027,0.034016144258602665,0.013527681742475123,-0.02462421750850513,0.004266349011134429,0.008532698022268914,3.8858653434400283
50,nfcorpus,0.4,10.378871795672875,validation_weighted_fusion,0.5471428571428572,0.3324230046695474,0.2471570306379074,47,test,210,0.5641171512852928,0.3633241922887485,113,0.3005374981830505,0.3090701962053194,0.30480384719418496,0.3090701962053194,0.3005374981830505,0.5076832955404383,0.5100302343159486,0.5088567649281934,0.5100302343159486,0.5076832955404383,0.2055249651190041,0.2465018901512592,0.22601342763513166,0.2465018901512592,0.2055249651190041,0.02761915747536242,0.023352808464227992,0.038286092214663725,0.037112622826908526,0.021143603002775735,0.0006551404866481925,-0.023352808464227992,0.004266349011134429,0.008532698022268914,3.7368610026138356
50,nfcorpus,,0.7949502941196851,bm25,0.5038340891912321,0.2977828505189236,0.209896768712538,73,test,210,,,113,0.2977828505189236,0.3098509009099439,0.3038168757144337,0.3098509009099439,0.2977828505189236,0.5038340891912321,0.5035733182161753,0.5037037037037038,0.5038340891912321,0.5035733182161753,0.209896768712538,0.2449187779703589,0.22740777334144846,0.2449187779703589,0.209896768712538,-0.0060340251955101065,-0.012068050391020269,0.00013038548752830614,0.0,-0.017511004628910448,-0.035022009257820896,0.012068050391020269,0.006034025195510162,0.012068050391020269,0.0
50,nfcorpus,,9.58392150155319,dense,0.5035733182161753,0.3098509009099439,0.2449187779703589,73,test,210,,,113,0.2977828505189236,0.3098509009099439,0.3038168757144337,0.3098509009099439,0.2977828505189236,0.5038340891912321,0.5035733182161753,0.5037037037037038,0.5038340891912321,0.5035733182161753,0.209896768712538,0.2449187779703589,0.22740777334144846,0.2449187779703589,0.209896768712538,0.006034025195510162,0.0,-0.00013038548752841717,-0.0002607709750567233,0.017511004628910448,0.0,0.0,0.006034025195510162,0.012068050391020269,1.0
50,nfcorpus,,10.378871795672875,rrf,0.5474244142101284,0.3336701166008671,0.2618453206808039,73,test,210,,,113,0.2977828505189236,0.3098509009099439,0.3038168757144337,0.3098509009099439,0.2977828505189236,0.5038340891912321,0.5035733182161753,0.5037037037037038,0.5038340891912321,0.5035733182161753,0.209896768712538,0.2449187779703589,0.22740777334144846,0.2449187779703589,0.209896768712538,0.029853240886433374,0.023819215690923212,0.043720710506424676,0.04359032501889637,0.034437547339355445,0.016926542710444997,-0.023819215690923212,0.006034025195510162,0.012068050391020269,2.973741815715891
50,nfcorpus,,10.378871795672875,zscore_fusion,0.5404327286470144,0.3315130855644436,0.2611047214020288,73,test,210,,,113,0.2977828505189236,0.3098509009099439,0.3038168757144337,0.3098509009099439,0.2977828505189236,0.5038340891912321,0.5035733182161753,0.5037037037037038,0.5038340891912321,0.5035733182161753,0.209896768712538,0.2449187779703589,0.22740777334144846,0.2449187779703589,0.209896768712538,0.027696209850009867,0.021662184654499705,0.03672902494331065,0.036598639455782345,0.03369694806058032,0.016185943431669875,-0.021662184654499705,0.006034025195510162,0.012068050391020269,2.795002834146131
50,nfcorpus,,10.378871795672875,minmax_fusion,0.5451398337112623,0.3325659650892215,0.2621201056536947,73,test,210,,,113,0.2977828505189236,0.3098509009099439,0.3038168757144337,0.3098509009099439,0.2977828505189236,0.5038340891912321,0.5035733182161753,0.5037037037037038,0.5038340891912321,0.5035733182161753,0.209896768712538,0.2449187779703589,0.22740777334144846,0.2449187779703589,0.209896768712538,0.028749089374787762,0.0227150641792776,0.041436130007558525,0.04130574452003022,0.03471233231224624,0.017201327683335793,-0.0227150641792776,0.006034025195510162,0.012068050391020269,2.882248038687316
50,nfcorpus,0.4,10.378871795672875,validation_weighted_fusion,0.5495616024187453,0.3328307597611339,0.2430231808623541,73,test,210,0.559622137940722,0.3625664173397824,113,0.2977828505189236,0.3098509009099439,0.3038168757144337,0.3098509009099439,0.2977828505189236,0.5038340891912321,0.5035733182161753,0.5037037037037038,0.5038340891912321,0.5035733182161753,0.209896768712538,0.2449187779703589,0.22740777334144846,0.2449187779703589,0.209896768712538,0.02901388404670019,0.022979858851190027,0.045857898715041534,0.04572751322751323,0.01561540752090565,-0.0018955971080047984,-0.022979858851190027,0.006034025195510162,0.012068050391020269,2.9041898323766646
50,nfcorpus,,0.7949502941196851,bm25,0.525587679516251,0.3124397032108829,0.2216899182817455,109,test,210,,,113,0.3124397032108829,0.3210178163852404,0.31672875979806164,0.3210178163852404,0.3124397032108829,0.525587679516251,0.5208578987150415,0.5232227891156462,0.525587679516251,0.5208578987150415,0.2216899182817455,0.2482405948989566,0.23496525659035106,0.2482405948989566,0.2216899182817455,-0.004289056587178763,-0.008578113174357527,0.0023648904006047244,0.0,-0.013275338308605555,-0.02655067661721111,0.008578113174357527,0.004289056587178763,0.008578113174357527,0.0
50,nfcorpus,,9.58392150155319,dense,0.5208578987150415,0.3210178163852404,0.2482405948989566,109,test,210,,,113,0.3124397032108829,0.3210178163852404,0.31672875979806164,0.3210178163852404,0.3124397032108829,0.525587679516251,0.5208578987150415,0.5232227891156462,0.525587679516251,0.5208578987150415,0.2216899182817455,0.2482405948989566,0.23496525659035106,0.2482405948989566,0.2216899182817455,0.004289056587178763,0.0,-0.0023648904006047244,-0.004729780801209449,0.013275338308605555,0.0,0.0,0.004289056587178763,0.008578113174357527,1.0
50,nfcorpus,,10.378871795672875,rrf,0.5555139833711262,0.342788818610141,0.2673526090508767,109,test,210,,,113,0.3124397032108829,0.3210178163852404,0.31672875979806164,0.3210178163852404,0.3124397032108829,0.525587679516251,0.5208578987150415,0.5232227891156462,0.525587679516251,0.5208578987150415,0.2216899182817455,0.2482405948989566,0.23496525659035106,0.2482405948989566,0.2216899182817455,0.026060058812079345,0.021771002224900582,0.032291194255479994,0.02992630385487527,0.032387352460525654,0.019112014151920098,-0.021771002224900582,0.004289056587178763,0.008578113174357527,3.5379709712831064
50,nfcorpus,,10.378871795672875,zscore_fusion,0.5523450491307634,0.3405034301552592,0.2611496592477256,109,test,210,,,113,0.3124397032108829,0.3210178163852404,0.31672875979806164,0.3210178163852404,0.3124397032108829,0.525587679516251,0.5208578987150415,0.5232227891156462,0.525587679516251,0.5208578987150415,0.2216899182817455,0.2482405948989566,0.23496525659035106,0.2482405948989566,0.2216899182817455,0.023774670357197547,0.019485613770018784,0.029122260015117196,0.026757369614512472,0.02618440265737454,0.012909064348768984,-0.019485613770018784,0.004289056587178763,0.008578113174357527,3.2715500919557634
50,nfcorpus,,10.378871795672875,minmax_fusion,0.5532086167800454,0.3430130088648721,0.2607926427235448,109,test,210,,,113,0.3124397032108829,0.3210178163852404,0.31672875979806164,0.3210178163852404,0.3124397032108829,0.525587679516251,0.5208578987150415,0.5232227891156462,0.525587679516251,0.5208578987150415,0.2216899182817455,0.2482405948989566,0.23496525659035106,0.2482405948989566,0.2216899182817455,0.026284249066810483,0.02199519247963172,0.029985827664399167,0.027620937263794443,0.02582738613319374,0.012552047824588186,-0.02199519247963172,0.004289056587178763,0.008578113174357527,3.564106118975178
50,nfcorpus,0.5,10.378871795672875,validation_weighted_fusion,0.5523450491307634,0.3405034301552592,0.2611496592477256,109,test,210,0.5257725804185981,0.3433275894146558,113,0.3124397032108829,0.3210178163852404,0.31672875979806164,0.3210178163852404,0.3124397032108829,0.525587679516251,0.5208578987150415,0.5232227891156462,0.525587679516251,0.5208578987150415,0.2216899182817455,0.2482405948989566,0.23496525659035106,0.2482405948989566,0.2216899182817455,0.023774670357197547,0.019485613770018784,0.029122260015117196,0.026757369614512472,0.02618440265737454,0.012909064348768984,-0.019485613770018784,0.004289056587178763,0.008578113174357527,3.2715500919557634
50,nfcorpus,,0.7949502941196851,bm25,0.5218310657596372,0.3119822566791321,0.2050860484444082,149,test,210,,,113,0.3119822566791321,0.3257221095640513,0.3188521831215917,0.3257221095640513,0.3119822566791321,0.5218310657596372,0.5190759637188208,0.5204535147392291,0.5218310657596372,0.5190759637188208,0.2050860484444082,0.2490679590837687,0.22707700376408846,0.2490679590837687,0.2050860484444082,-0.006869926442459595,-0.01373985288491919,0.001377551020408152,0.0,-0.02199095531968026,-0.043981910639360494,0.01373985288491919,0.006869926442459595,0.01373985288491919,0.0
50,nfcorpus,,9.58392150155319,dense,0.5190759637188208,0.3257221095640513,0.2490679590837687,149,test,210,,,113,0.3119822566791321,0.3257221095640513,0.3188521831215917,0.3257221095640513,0.3119822566791321,0.5218310657596372,0.5190759637188208,0.5204535147392291,0.5218310657596372,0.5190759637188208,0.2050860484444082,0.2490679590837687,0.22707700376408846,0.2490679590837687,0.2050860484444082,0.006869926442459595,0.0,-0.001377551020408263,-0.002755102040816415,0.021990955319680233,0.0,0.0,0.006869926442459595,0.01373985288491919,1.0
50,nfcorpus,,10.378871795672875,rrf,0.5535638699924414,0.3506350354424444,0.2595441166679519,149,test,210,,,113,0.3119822566791321,0.3257221095640513,0.3188521831215917,0.3257221095640513,0.3119822566791321,0.5218310657596372,0.5190759637188208,0.5204535147392291,0.5218310657596372,0.5190759637188208,0.2050860484444082,0.2490679590837687,0.22707700376408846,0.2490679590837687,0.2050860484444082,0.031782852320852706,0.02491292587839311,0.033110355253212376,0.031732804232804224,0.03246711290386345,0.010476157584183216,-0.02491292587839311,0.006869926442459595,0.01373985288491919,2.813187236213966
50,nfcorpus,,10.378871795672875,zscore_fusion,0.5489928193499621,0.3433331786368965,0.255017878874087,149,test,210,,,113,0.3119822566791321,0.3257221095640513,0.3188521831215917,0.3257221095640513,0.3119822566791321,0.5218310657596372,0.5190759637188208,0.5204535147392291,0.5218310657596372,0.5190759637188208,0.2050860484444082,0.2490679590837687,0.22707700376408846,0.2490679590837687,0.2050860484444082,0.024480995515304804,0.01761106907284521,0.028539304610733063,0.02716175359032491,0.027940875109998542,0.005949919790318309,-0.01761106907284521,0.006869926442459595,0.01373985288491919,2.2817509197769543
50,nfcorpus,,10.378871795672875,minmax_fusion,0.551734693877551,0.3485667247817081,0.2593552194190927,149,test,210,,,113,0.3119822566791321,0.3257221095640513,0.3188521831215917,0.3257221095640513,0.3119822566791321,0.5218310657596372,0.5190759637188208,0.5204535147392291,0.5218310657596372,0.5190759637188208,0.2050860484444082,0.2490679590837687,0.22707700376408846,0.2490679590837687,0.2050860484444082,0.02971454166011639,0.022844615217656794,0.03128117913832196,0.029903628117913805,0.032278215655004217,0.010287260335323983,-0.022844615217656794,0.006869926442459595,0.01373985288491919,2.662653553061762
50,nfcorpus,0.4,10.378871795672875,validation_weighted_fusion,0.5582123960695389,0.3442560750924659,0.2476817727552013,149,test,210,0.5435454417755302,0.3413335304408467,113,0.3119822566791321,0.3257221095640513,0.3188521831215917,0.3257221095640513,0.3119822566791321,0.5218310657596372,0.5190759637188208,0.5204535147392291,0.5218310657596372,0.5190759637188208,0.2050860484444082,0.2490679590837687,0.22707700376408846,0.2490679590837687,0.2050860484444082,0.025403891970874226,0.01853396552841463,0.0377588813303098,0.03638133030990165,0.020604768991112854,-0.0013861863285673792,-0.01853396552841463,0.006869926442459595,0.01373985288491919,2.3489202310715744
50,nfcorpus,,0.7949502941196851,bm25,0.5214928193499622,0.310165023781125,0.1936250961056464,181,test,210,,,113,0.310165023781125,0.3051375522558083,0.30765128801846664,0.310165023781125,0.3051375522558083,0.5214928193499622,0.4950755857898715,0.5082842025699168,0.5214928193499622,0.4950755857898715,0.1936250961056464,0.2383298809452884,0.2159774885254674,0.2383298809452884,0.1936250961056464,0.0025137357626583423,0.0,0.013208616780045368,0.0,-0.022352392419820982,-0.04470478483964199,0.0,0.0025137357626583423,0.005027471525316685,1.0
50,nfcorpus,,9.58392150155319,dense,0.4950755857898715,0.3051375522558083,0.2383298809452884,181,test,210,,,113,0.310165023781125,0.3051375522558083,0.30765128801846664,0.310165023781125,0.3051375522558083,0.5214928193499622,0.4950755857898715,0.5082842025699168,0.5214928193499622,0.4950755857898715,0.1936250961056464,0.2383298809452884,0.2159774885254674,0.2383298809452884,0.1936250961056464,-0.0025137357626583423,-0.005027471525316685,-0.013208616780045312,-0.02641723356009068,0.02235239241982101,0.0,0.005027471525316685,0.0025137357626583423,0.005027471525316685,0.0
50,nfcorpus,,10.378871795672875,rrf,0.5434845049130763,0.3360508920548061,0.2551637894521035,181,test,210,,,113,0.310165023781125,0.3051375522558083,0.30765128801846664,0.310165023781125,0.3051375522558083,0.5214928193499622,0.4950755857898715,0.5082842025699168,0.5214928193499622,0.4950755857898715,0.1936250961056464,0.2383298809452884,0.2159774885254674,0.2383298809452884,0.1936250961056464,0.028399604036339454,0.025885868273681112,0.03520030234315952,0.02199168556311415,0.03918630092663611,0.0168339085068151,-0.025885868273681112,0.0025137357626583423,0.005027471525316685,6.1488841146744315
50,nfcorpus,,10.378871795672875,zscore_fusion,0.5337679516250945,0.3334020596602539,0.2511552267288532,181,test,210,,,113,0.310165023781125,0.3051375522558083,0.30765128801846664,0.310165023781125,0.3051375522558083,0.5214928193499622,0.4950755857898715,0.5082842025699168,0.5214928193499622,0.4950755857898715,0.1936250961056464,0.2383298809452884,0.2159774885254674,0.2383298809452884,0.1936250961056464,0.02575077164178724,0.023237035879128898,0.025483749055177696,0.012275132275132328,0.03517773820338582,0.012825345783564812,-0.023237035879128898,0.0025137357626583423,0.005027471525316685,5.622012429531399
50,nfcorpus,,10.378871795672875,minmax_fusion,0.5427664399092971,0.3366353435396031,0.2551249365579118,181,test,210,,,113,0.310165023781125,0.3051375522558083,0.30765128801846664,0.310165023781125,0.3051375522558083,0.5214928193499622,0.4950755857898715,0.5082842025699168,0.5214928193499622,0.4950755857898715,0.1936250961056464,0.2383298809452884,0.2159774885254674,0.2383298809452884,0.1936250961056464,0.028984055521136476,0.026470319758478134,0.03448223733938027,0.021273620559334905,0.03914744803244441,0.0167950556126234,-0.026470319758478134,0.0025137357626583423,0.005027471525316685,6.265135690014822
50,nfcorpus,0.5,10.378871795672875,validation_weighted_fusion,0.5337679516250945,0.3334020596602539,0.2511552267288532,181,test,210,0.5602963899424076,0.3565248266177629,113,0.310165023781125,0.3051375522558083,0.30765128801846664,0.310165023781125,0.3051375522558083,0.5214928193499622,0.4950755857898715,0.5082842025699168,0.5214928193499622,0.4950755857898715,0.1936250961056464,0.2383298809452884,0.2159774885254674,0.2383298809452884,0.1936250961056464,0.02575077164178724,0.023237035879128898,0.025483749055177696,0.012275132275132328,0.03517773820338582,0.012825345783564812,-0.023237035879128898,0.0025137357626583423,0.005027471525316685,5.622012429531399
100,nfcorpus,,0.7949502941196851,bm25,0.5429875283446712,0.3265169059796161,0.2487332963995865,19,test,210,,,113,0.3265169059796161,0.3377838657080766,0.3321503858438464,0.3377838657080766,0.3265169059796161,0.5429875283446712,0.538879440665155,0.5409334845049132,0.5429875283446712,0.538879440665155,0.2487332963995865,0.3326986892672146,0.29071599283340055,0.3326986892672146,0.2487332963995865,-0.005633479864230295,-0.011266959728460535,0.0020540438397580463,0.0,-0.041982696433814054,-0.08396539286762808,0.011266959728460535,0.00563347986423024,0.011266959728460535,0.0
100,nfcorpus,,9.58392150155319,dense,0.538879440665155,0.3377838657080766,0.3326986892672146,19,test,210,,,113,0.3265169059796161,0.3377838657080766,0.3321503858438464,0.3377838657080766,0.3265169059796161,0.5429875283446712,0.538879440665155,0.5409334845049132,0.5429875283446712,0.538879440665155,0.2487332963995865,0.3326986892672146,0.29071599283340055,0.3326986892672146,0.2487332963995865,0.00563347986423024,0.0,-0.0020540438397581573,-0.004108087679516204,0.041982696433814026,0.0,0.0,0.00563347986423024,0.011266959728460535,1.0
100,nfcorpus,,10.378871795672875,rrf,0.5715117157974301,0.3669031556600129,0.3371295976504548,19,test,210,,,113,0.3265169059796161,0.3377838657080766,0.3321503858438464,0.3377838657080766,0.3265169059796161,0.5429875283446712,0.538879440665155,0.5409334845049132,0.5429875283446712,0.538879440665155,0.2487332963995865,0.3326986892672146,0.29071599283340055,0.3326986892672146,0.2487332963995865,0.03475276981616654,0.0291192899519363,0.03057823129251691,0.028524187452758865,0.046413604817054255,0.0044309083832402285,-0.0291192899519363,0.00563347986423024,0.011266959728460535,3.584485136516506
100,nfcorpus,,10.378871795672875,zscore_fusion,0.5695653817082388,0.3642261446214136,0.3372107288757568,19,test,210,,,113,0.3265169059796161,0.3377838657080766,0.3321503858438464,0.3377838657080766,0.3265169059796161,0.5429875283446712,0.538879440665155,0.5409334845049132,0.5429875283446712,0.538879440665155,0.2487332963995865,0.3326986892672146,0.29071599283340055,0.3326986892672146,0.2487332963995865,0.03207575877756724,0.026442278913337003,0.028631897203325596,0.02657785336356755,0.046494736042356266,0.00451203960854224,-0.026442278913337003,0.00563347986423024,0.011266959728460535,3.3468867867294625
100,nfcorpus,,10.378871795672875,minmax_fusion,0.5726114890400604,0.3681814723106672,0.339786682768006,19,test,210,,,113,0.3265169059796161,0.3377838657080766,0.3321503858438464,0.3377838657080766,0.3265169059796161,0.5429875283446712,0.538879440665155,0.5409334845049132,0.5429875283446712,0.538879440665155,0.2487332963995865,0.3326986892672146,0.29071599283340055,0.3326986892672146,0.2487332963995865,0.03603108646682085,0.03039760660259061,0.03167800453514724,0.029623960695389195,0.04907068993460545,0.007087993500791423,-0.03039760660259061,0.00563347986423024,0.011266959728460535,3.6979422430885
100,nfcorpus,0.5,10.378871795672875,validation_weighted_fusion,0.5695653817082388,0.3642261446214136,0.3372107288757568,19,test,210,0.5178430959404411,0.3121439128489049,113,0.3265169059796161,0.3377838657080766,0.3321503858438464,0.3377838657080766,0.3265169059796161,0.5429875283446712,0.538879440665155,0.5409334845049132,0.5429875283446712,0.538879440665155,0.2487332963995865,0.3326986892672146,0.29071599283340055,0.3326986892672146,0.2487332963995865,0.03207575877756724,0.026442278913337003,0.028631897203325596,0.02657785336356755,0.046494736042356266,0.00451203960854224,-0.026442278913337003,0.00563347986423024,0.011266959728460535,3.3468867867294625
100,nfcorpus,,0.7949502941196851,bm25,0.5109504913076341,0.2963630164878454,0.2314631419170946,31,test,210,,,113,0.2963630164878454,0.3063851536894775,0.3013740850886615,0.3063851536894775,0.2963630164878454,0.5109504913076341,0.5078004535147392,0.5093754724111867,0.5109504913076341,0.5078004535147392,0.2314631419170946,0.2988972489809237,0.26518019544900917,0.2988972489809237,0.2314631419170946,-0.005011068600816071,-0.010022137201632086,0.0015750188964474,0.0,-0.033717053531914565,-0.06743410706382907,0.010022137201632086,0.0050110686008160155,0.010022137201632086,0.0
100,nfcorpus,,9.58392150155319,dense,0.5078004535147392,0.3063851536894775,0.2988972489809237,31,test,210,,,113,0.2963630164878454,0.3063851536894775,0.3013740850886615,0.3063851536894775,0.2963630164878454,0.5109504913076341,0.5078004535147392,0.5093754724111867,0.5109504913076341,0.5078004535147392,0.2314631419170946,0.2988972489809237,0.26518019544900917,0.2988972489809237,0.2314631419170946,0.0050110686008160155,0.0,-0.001575018896447511,-0.003150037792894911,0.03371705353191451,0.0,0.0,0.0050110686008160155,0.010022137201632086,1.0
100,nfcorpus,,10.378871795672875,rrf,0.5376228269085411,0.3296717951659157,0.3136388388163892,31,test,210,,,113,0.2963630164878454,0.3063851536894775,0.3013740850886615,0.3063851536894775,0.2963630164878454,0.5109504913076341,0.5078004535147392,0.5093754724111867,0.5109504913076341,0.5078004535147392,0.2314631419170946,0.2988972489809237,0.26518019544900917,0.2988972489809237,0.2314631419170946,0.028297710077254234,0.02328664147643822,0.028247354497354382,0.026672335600906982,0.04845864336738004,0.01474158983546553,-0.02328664147643822,0.0050110686008160155,0.010022137201632086,3.3235205234115166
100,nfcorpus,,10.378871795672875,zscore_fusion,0.5472713529856387,0.332313462050962,0.3121069240156409,31,test,210,,,113,0.2963630164878454,0.3063851536894775,0.3013740850886615,0.3063851536894775,0.2963630164878454,0.5109504913076341,0.5078004535147392,0.5093754724111867,0.5109504913076341,0.5078004535147392,0.2314631419170946,0.2988972489809237,0.26518019544900917,0.2988972489809237,0.2314631419170946,0.030939376962300535,0.02592830836148452,0.03789588057445192,0.036320861678004523,0.046926728566631715,0.013209675034717205,-0.02592830836148452,0.0050110686008160155,0.010022137201632086,3.587103712495788
100,nfcorpus,,10.378871795672875,minmax_fusion,0.5437679516250945,0.3316040820075715,0.3138029567898663,31,test,210,,,113,0.2963630164878454,0.3063851536894775,0.3013740850886615,0.3063851536894775,0.2963630164878454,0.5109504913076341,0.5078004535147392,0.5093754724111867,0.5109504913076341,0.5078004535147392,0.2314631419170946,0.2988972489809237,0.26518019544900917,0.2988972489809237,0.2314631419170946,0.03022999691891004,0.025218928318094025,0.034392479213907756,0.032817460317460356,0.048622761340857135,0.014905707808942625,-0.025218928318094025,0.0050110686008160155,0.010022137201632086,3.5163223981794194
100,nfcorpus,0.5,10.378871795672875,validation_weighted_fusion,0.5472713529856387,0.332313462050962,0.3121069240156409,31,test,210,0.5592744767523529,0.3714506680683284,113,0.2963630164878454,0.3063851536894775,0.3013740850886615,0.3063851536894775,0.2963630164878454,0.5109504913076341,0.5078004535147392,0.5093754724111867,0.5109504913076341,0.5078004535147392,0.2314631419170946,0.2988972489809237,0.26518019544900917,0.2988972489809237,0.2314631419170946,0.030939376962300535,0.02592830836148452,0.03789588057445192,0.036320861678004523,0.046926728566631715,0.013209675034717205,-0.02592830836148452,0.0050110686008160155,0.010022137201632086,3.587103712495788
100,nfcorpus,,0.7949502941196851,bm25,0.5076832955404383,0.3005374981830505,0.2338283108808757,47,test,210,,,113,0.3005374981830505,0.3090701962053194,0.30480384719418496,0.3090701962053194,0.3005374981830505,0.5076832955404383,0.5100302343159486,0.5088567649281934,0.5100302343159486,0.5076832955404383,0.2338283108808757,0.3097039817488488,0.27176614631486223,0.3097039817488488,0.2338283108808757,-0.004266349011134485,-0.008532698022268914,-0.0011734693877550884,-0.0023469387755102877,-0.037937835433986544,-0.07587567086797309,0.008532698022268914,0.004266349011134429,0.008532698022268914,0.0
100,nfcorpus,,9.58392150155319,dense,0.5100302343159486,0.3090701962053194,0.3097039817488488,47,test,210,,,113,0.3005374981830505,0.3090701962053194,0.30480384719418496,0.3090701962053194,0.3005374981830505,0.5076832955404383,0.5100302343159486,0.5088567649281934,0.5100302343159486,0.5076832955404383,0.2338283108808757,0.3097039817488488,0.27176614631486223,0.3097039817488488,0.2338283108808757,0.004266349011134429,0.0,0.0011734693877551994,0.0,0.037937835433986544,0.0,0.0,0.004266349011134429,0.008532698022268914,1.0
100,nfcorpus,,10.378871795672875,rrf,0.549858276643991,0.3352193423825184,0.3164596381950375,47,test,210,,,113,0.3005374981830505,0.3090701962053194,0.30480384719418496,0.3090701962053194,0.3005374981830505,0.5076832955404383,0.5100302343159486,0.5088567649281934,0.5100302343159486,0.5076832955404383,0.2338283108808757,0.3097039817488488,0.27176614631486223,0.3097039817488488,0.2338283108808757,0.03041549518833342,0.02614914617719899,0.04100151171579758,0.03982804232804238,0.04469349188017524,0.006755656446188696,-0.02614914617719899,0.004266349011134429,0.008532698022268914,4.064581227292246
100,nfcorpus,,10.378871795672875,zscore_fusion,0.5406783824640967,0.3350988708576144,0.3169907492530544,47,test,210,,,113,0.3005374981830505,0.3090701962053194,0.30480384719418496,0.3090701962053194,0.3005374981830505,0.5076832955404383,0.5100302343159486,0.5088567649281934,0.5100302343159486,0.5076832955404383,0.2338283108808757,0.3097039817488488,0.27176614631486223,0.3097039817488488,0.2338283108808757,0.030295023663429455,0.026028674652295025,0.03182161753590329,0.03064814814814809,0.04522460293819219,0.007286767504205649,-0.026028674652295025,0.004266349011134429,0.008532698022268914,4.050462419315033
100,nfcorpus,,10.378871795672875,minmax_fusion,0.5471145124716553,0.3383855389541213,0.3206280141745211,47,test,210,,,113,0.3005374981830505,0.3090701962053194,0.30480384719418496,0.3090701962053194,0.3005374981830505,0.5076832955404383,0.5100302343159486,0.5088567649281934,0.5100302343159486,0.5076832955404383,0.2338283108808757,0.3097039817488488,0.27176614631486223,0.3097039817488488,0.2338283108808757,0.03358169175993636,0.02931534274880193,0.038257747543461895,0.037084278155706696,0.04886186785965885,0.010924032425672303,-0.02931534274880193,0.004266349011134429,0.008532698022268914,4.435647514103252
100,nfcorpus,0.5,10.378871795672875,validation_weighted_fusion,0.5406783824640967,0.3350988708576144,0.3169907492530544,47,test,210,0.571526899845484,0.3662742446223372,113,0.3005374981830505,0.3090701962053194,0.30480384719418496,0.3090701962053194,0.3005374981830505,0.5076832955404383,0.5100302343159486,0.5088567649281934,0.5100302343159486,0.5076832955404383,0.2338283108808757,0.3097039817488488,0.27176614631486223,0.3097039817488488,0.2338283108808757,0.030295023663429455,0.026028674652295025,0.03182161753590329,0.03064814814814809,0.04522460293819219,0.007286767504205649,-0.026028674652295025,0.004266349011134429,0.008532698022268914,4.050462419315033
100,nfcorpus,,0.7949502941196851,bm25,0.5038340891912321,0.2977828505189236,0.2358564607941297,73,test,210,,,113,0.2977828505189236,0.3098509009099439,0.3038168757144337,0.3098509009099439,0.2977828505189236,0.5038340891912321,0.5035733182161753,0.5037037037037038,0.5038340891912321,0.5035733182161753,0.2358564607941297,0.3060434811534102,0.27094997097376994,0.3060434811534102,0.2358564607941297,-0.0060340251955101065,-0.012068050391020269,0.00013038548752830614,0.0,-0.03509351017964024,-0.07018702035928048,0.012068050391020269,0.006034025195510162,0.012068050391020269,0.0
100,nfcorpus,,9.58392150155319,dense,0.5035733182161753,0.3098509009099439,0.3060434811534102,73,test,210,,,113,0.2977828505189236,0.3098509009099439,0.3038168757144337,0.3098509009099439,0.2977828505189236,0.5038340891912321,0.5035733182161753,0.5037037037037038,0.5038340891912321,0.5035733182161753,0.2358564607941297,0.3060434811534102,0.27094997097376994,0.3060434811534102,0.2358564607941297,0.006034025195510162,0.0,-0.00013038548752841717,-0.0002607709750567233,0.03509351017964024,0.0,0.0,0.006034025195510162,0.012068050391020269,1.0
100,nfcorpus,,10.378871795672875,rrf,0.5456708238851096,0.3365800525778974,0.3211672740573928,73,test,210,,,113,0.2977828505189236,0.3098509009099439,0.3038168757144337,0.3098509009099439,0.2977828505189236,0.5038340891912321,0.5035733182161753,0.5037037037037038,0.5038340891912321,0.5035733182161753,0.2358564607941297,0.3060434811534102,0.27094997097376994,0.3060434811534102,0.2358564607941297,0.032763176863463694,0.026729151667953532,0.041967120181405804,0.0418367346938775,0.05021730308362288,0.015123792903982636,-0.026729151667953532,0.006034025195510162,0.012068050391020269,3.214869080082932
100,nfcorpus,,10.378871795672875,zscore_fusion,0.5417932728647015,0.3364844644347038,0.3169282116320471,73,test,210,,,113,0.2977828505189236,0.3098509009099439,0.3038168757144337,0.3098509009099439,0.2977828505189236,0.5038340891912321,0.5035733182161753,0.5037037037037038,0.5038340891912321,0.5035733182161753,0.2358564607941297,0.3060434811534102,0.27094997097376994,0.3060434811534102,0.2358564607941297,0.03266758872027009,0.02663356352475993,0.038089569160997705,0.0379591836734694,0.04597824065827716,0.010884730478636917,-0.02663356352475993,0.006034025195510162,0.012068050391020269,3.2069483190572132
100,nfcorpus,,10.378871795672875,minmax_fusion,0.548212396069539,0.3375150793215587,0.3198709794976622,73,test,210,,,113,0.2977828505189236,0.3098509009099439,0.3038168757144337,0.3098509009099439,0.2977828505189236,0.5038340891912321,0.5035733182161753,0.5037037037037038,0.5038340891912321,0.5035733182161753,0.2358564607941297,0.3060434811534102,0.27094997097376994,0.3060434811534102,0.2358564607941297,0.033698203607125,0.027664178411614837,0.04450869236583521,0.044378306878306906,0.04892100852389225,0.01382749834425201,-0.027664178411614837,0.006034025195510162,0.012068050391020269,3.2923485994224477
100,nfcorpus,0.5,10.378871795672875,validation_weighted_fusion,0.5417932728647015,0.3364844644347038,0.3169282116320471,73,test,210,0.5694549796319708,0.3636992477091623,113,0.2977828505189236,0.3098509009099439,0.3038168757144337,0.3098509009099439,0.2977828505189236,0.5038340891912321,0.5035733182161753,0.5037037037037038,0.5038340891912321,0.5035733182161753,0.2358564607941297,0.3060434811534102,0.27094997097376994,0.3060434811534102,0.2358564607941297,0.03266758872027009,0.02663356352475993,0.038089569160997705,0.0379591836734694,0.04597824065827716,0.010884730478636917,-0.02663356352475993,0.006034025195510162,0.012068050391020269,3.2069483190572132
100,nfcorpus,,0.7949502941196851,bm25,0.525587679516251,0.3124397032108829,0.24913110365082,109,test,210,,,113,0.3124397032108829,0.3210178163852404,0.31672875979806164,0.3210178163852404,0.3124397032108829,0.525587679516251,0.5208578987150415,0.5232227891156462,0.525587679516251,0.5208578987150415,0.24913110365082,0.3055163368067756,0.2773237202287978,0.3055163368067756,0.24913110365082,-0.004289056587178763,-0.008578113174357527,0.0023648904006047244,0.0,-0.028192616577977808,-0.05638523315595559,0.008578113174357527,0.004289056587178763,0.008578113174357527,0.0
100,nfcorpus,,9.58392150155319,dense,0.5208578987150415,0.3210178163852404,0.3055163368067756,109,test,210,,,113,0.3124397032108829,0.3210178163852404,0.31672875979806164,0.3210178163852404,0.3124397032108829,0.525587679516251,0.5208578987150415,0.5232227891156462,0.525587679516251,0.5208578987150415,0.24913110365082,0.3055163368067756,0.2773237202287978,0.3055163368067756,0.24913110365082,0.004289056587178763,0.0,-0.0023648904006047244,-0.004729780801209449,0.02819261657797778,0.0,0.0,0.004289056587178763,0.008578113174357527,1.0
100,nfcorpus,,10.378871795672875,rrf,0.554911186696901,0.3468943108594919,0.3168080752041953,109,test,210,,,113,0.3124397032108829,0.3210178163852404,0.31672875979806164,0.3210178163852404,0.3124397032108829,0.525587679516251,0.5208578987150415,0.5232227891156462,0.525587679516251,0.5208578987150415,0.24913110365082,0.3055163368067756,0.2773237202287978,0.3055163368067756,0.24913110365082,0.030165551061430262,0.0258764944742515,0.031688397581254746,0.02932350718065002,0.039484354975397484,0.011291738397419704,-0.0258764944742515,0.004289056587178763,0.008578113174357527,4.016571820432944
100,nfcorpus,,10.378871795672875,zscore_fusion,0.565232426303855,0.3485998939357898,0.3136255967362609,109,test,210,,,113,0.3124397032108829,0.3210178163852404,0.31672875979806164,0.3210178163852404,0.3124397032108829,0.525587679516251,0.5208578987150415,0.5232227891156462,0.525587679516251,0.5208578987150415,0.24913110365082,0.3055163368067756,0.2773237202287978,0.3055163368067756,0.24913110365082,0.03187113413772813,0.027582077550549366,0.042009637188208715,0.03964474678760399,0.03630187650746308,0.008109259929485302,-0.027582077550549366,0.004289056587178763,0.008578113174357527,4.2154014513355005
100,nfcorpus,,10.378871795672875,minmax_fusion,0.5578420256991685,0.3503564450309595,0.3141131531032971,109,test,210,,,113,0.3124397032108829,0.3210178163852404,0.31672875979806164,0.3210178163852404,0.3124397032108829,0.525587679516251,0.5208578987150415,0.5232227891156462,0.525587679516251,0.5208578987150415,0.24913110365082,0.3055163368067756,0.2773237202287978,0.3055163368067756,0.24913110365082,0.03362768523289783,0.029338628645719067,0.034619236583522284,0.03225434618291756,0.03678943287449932,0.008596816296521537,-0.029338628645719067,0.004289056587178763,0.008578113174357527,4.4201727174013925
100,nfcorpus,0.5,10.378871795672875,validation_weighted_fusion,0.565232426303855,0.3485998939357898,0.3136255967362609,109,test,210,0.5258954909397388,0.3411838477513919,113,0.3124397032108829,0.3210178163852404,0.31672875979806164,0.3210178163852404,0.3124397032108829,0.525587679516251,0.5208578987150415,0.5232227891156462,0.525587679516251,0.5208578987150415,0.24913110365082,0.3055163368067756,0.2773237202287978,0.3055163368067756,0.24913110365082,0.03187113413772813,0.027582077550549366,0.042009637188208715,0.03964474678760399,0.03630187650746308,0.008109259929485302,-0.027582077550549366,0.004289056587178763,0.008578113174357527,4.2154014513355005
100,nfcorpus,,0.7949502941196851,bm25,0.5218310657596372,0.3119822566791321,0.2313333477042159,149,test,210,,,113,0.3119822566791321,0.3257221095640513,0.3188521831215917,0.3257221095640513,0.3119822566791321,0.5218310657596372,0.5190759637188208,0.5204535147392291,0.5218310657596372,0.5190759637188208,0.2313333477042159,0.3083110052505328,0.26982217647737433,0.3083110052505328,0.2313333477042159,-0.006869926442459595,-0.01373985288491919,0.001377551020408152,0.0,-0.03848882877315843,-0.07697765754631689,0.01373985288491919,0.006869926442459595,0.01373985288491919,0.0
100,nfcorpus,,9.58392150155319,dense,0.5190759637188208,0.3257221095640513,0.3083110052505328,149,test,210,,,113,0.3119822566791321,0.3257221095640513,0.3188521831215917,0.3257221095640513,0.3119822566791321,0.5218310657596372,0.5190759637188208,0.5204535147392291,0.5218310657596372,0.5190759637188208,0.2313333477042159,0.3083110052505328,0.26982217647737433,0.3083110052505328,0.2313333477042159,0.006869926442459595,0.0,-0.001377551020408263,-0.002755102040816415,0.03848882877315846,0.0,0.0,0.006869926442459595,0.01373985288491919,1.0
100,nfcorpus,,10.378871795672875,rrf,0.5501832955404383,0.3495765134245989,0.3140357396699036,149,test,210,,,113,0.3119822566791321,0.3257221095640513,0.3188521831215917,0.3257221095640513,0.3119822566791321,0.5218310657596372,0.5190759637188208,0.5204535147392291,0.5218310657596372,0.5190759637188208,0.2313333477042159,0.3083110052505328,0.26982217647737433,0.3083110052505328,0.2313333477042159,0.030724330303007197,0.0238544038605476,0.02972978080120925,0.028352229780801097,0.04421356319252928,0.005724734419370825,-0.0238544038605476,0.006869926442459595,0.01373985288491919,2.7361469631694604
100,nfcorpus,,10.378871795672875,zscore_fusion,0.5571919879062737,0.3457404535716737,0.3115220755376798,149,test,210,,,113,0.3119822566791321,0.3257221095640513,0.3188521831215917,0.3257221095640513,0.3119822566791321,0.5218310657596372,0.5190759637188208,0.5204535147392291,0.5218310657596372,0.5190759637188208,0.2313333477042159,0.3083110052505328,0.26982217647737433,0.3083110052505328,0.2313333477042159,0.02688827045008202,0.020018344007622424,0.036738473167044594,0.03536092214663644,0.04169989906030547,0.003211070287147011,-0.020018344007622424,0.006869926442459595,0.01373985288491919,2.4569547560144898
100,nfcorpus,,10.378871795672875,minmax_fusion,0.5558711262282691,0.3491717779498434,0.3124594832460176,149,test,210,,,113,0.3119822566791321,0.3257221095640513,0.3188521831215917,0.3257221095640513,0.3119822566791321,0.5218310657596372,0.5190759637188208,0.5204535147392291,0.5218310657596372,0.5190759637188208,0.2313333477042159,0.3083110052505328,0.26982217647737433,0.3083110052505328,0.2313333477042159,0.030319594828251695,0.0234496683857921,0.03541761148903999,0.03404006046863184,0.042637306768643246,0.0041484779954847895,-0.0234496683857921,0.006869926442459595,0.01373985288491919,2.70668991743939
100,nfcorpus,0.5,10.378871795672875,validation_weighted_fusion,0.5571919879062737,0.3457404535716737,0.3115220755376798,149,test,210,0.5408378985812614,0.3464978519678908,113,0.3119822566791321,0.3257221095640513,0.3188521831215917,0.3257221095640513,0.3119822566791321,0.5218310657596372,0.5190759637188208,0.5204535147392291,0.5218310657596372,0.5190759637188208,0.2313333477042159,0.3083110052505328,0.26982217647737433,0.3083110052505328,0.2313333477042159,0.02688827045008202,0.020018344007622424,0.036738473167044594,0.03536092214663644,0.04169989906030547,0.003211070287147011,-0.020018344007622424,0.006869926442459595,0.01373985288491919,2.4569547560144898
100,nfcorpus,,0.7949502941196851,bm25,0.5214928193499622,0.310165023781125,0.2121896142945663,181,test,210,,,113,0.310165023781125,0.3051375522558083,0.30765128801846664,0.310165023781125,0.3051375522558083,0.5214928193499622,0.4950755857898715,0.5082842025699168,0.5214928193499622,0.4950755857898715,0.2121896142945663,0.3013992303029663,0.25679442229876626,0.3013992303029663,0.2121896142945663,0.0025137357626583423,0.0,0.013208616780045368,0.0,-0.04460480800419997,-0.0892096160084,0.0,0.0025137357626583423,0.005027471525316685,1.0
100,nfcorpus,,9.58392150155319,dense,0.4950755857898715,0.3051375522558083,0.3013992303029663,181,test,210,,,113,0.310165023781125,0.3051375522558083,0.30765128801846664,0.310165023781125,0.3051375522558083,0.5214928193499622,0.4950755857898715,0.5082842025699168,0.5214928193499622,0.4950755857898715,0.2121896142945663,0.3013992303029663,0.25679442229876626,0.3013992303029663,0.2121896142945663,-0.0025137357626583423,-0.005027471525316685,-0.013208616780045312,-0.02641723356009068,0.044604808004200025,0.0,0.005027471525316685,0.0025137357626583423,0.005027471525316685,0.0
100,nfcorpus,,10.378871795672875,rrf,0.5412868480725623,0.3375690091756657,0.3115928175162339,181,test,210,,,113,0.310165023781125,0.3051375522558083,0.30765128801846664,0.310165023781125,0.3051375522558083,0.5214928193499622,0.4950755857898715,0.5082842025699168,0.5214928193499622,0.4950755857898715,0.2121896142945663,0.3013992303029663,0.25679442229876626,0.3013992303029663,0.2121896142945663,0.02991772115719904,0.027403985394540697,0.03300264550264553,0.019794028722600165,0.054798395217467655,0.01019358721326763,-0.027403985394540697,0.0025137357626583423,0.005027471525316685,6.450848454644305
100,nfcorpus,,10.378871795672875,zscore_fusion,0.5454327286470144,0.3386769985208445,0.3079286703170829,181,test,210,,,113,0.310165023781125,0.3051375522558083,0.30765128801846664,0.310165023781125,0.3051375522558083,0.5214928193499622,0.4950755857898715,0.5082842025699168,0.5214928193499622,0.4950755857898715,0.2121896142945663,0.3013992303029663,0.25679442229876626,0.3013992303029663,0.2121896142945663,0.031025710502377846,0.028511974739719503,0.03714852607709762,0.023939909297052253,0.05113424801831662,0.006529440014116594,-0.028511974739719503,0.0025137357626583423,0.005027471525316685,6.671235450293975
100,nfcorpus,,10.378871795672875,minmax_fusion,0.5453099017384732,0.3410035824038037,0.3138069076597132,181,test,210,,,113,0.310165023781125,0.3051375522558083,0.30765128801846664,0.310165023781125,0.3051375522558083,0.5214928193499622,0.4950755857898715,0.5082842025699168,0.5214928193499622,0.4950755857898715,0.2121896142945663,0.3013992303029663,0.25679442229876626,0.3013992303029663,0.2121896142945663,0.033352294385337045,0.030838558622678702,0.03702569916855636,0.02381708238851099,0.05701248536094694,0.012407677356746916,-0.030838558622678702,0.0025137357626583423,0.005027471525316685,7.134009604507139
100,nfcorpus,0.5,10.378871795672875,validation_weighted_fusion,0.5454327286470144,0.3386769985208445,0.3079286703170829,181,test,210,0.5626913892400618,0.359624626841113,113,0.310165023781125,0.3051375522558083,0.30765128801846664,0.310165023781125,0.3051375522558083,0.5214928193499622,0.4950755857898715,0.5082842025699168,0.5214928193499622,0.4950755857898715,0.2121896142945663,0.3013992303029663,0.25679442229876626,0.3013992303029663,0.2121896142945663,0.031025710502377846,0.028511974739719503,0.03714852607709762,0.023939909297052253,0.05113424801831662,0.006529440014116594,-0.028511974739719503,0.0025137357626583423,0.005027471525316685,6.671235450293975
200,nfcorpus,,0.7949502941196851,bm25,0.5429875283446712,0.3265169059796161,0.2487332963995865,19,test,210,,,113,0.3265169059796161,0.3377838657080766,0.3321503858438464,0.3377838657080766,0.3265169059796161,0.5429875283446712,0.538879440665155,0.5409334845049132,0.5429875283446712,0.538879440665155,0.2487332963995865,0.3326986892672146,0.29071599283340055,0.3326986892672146,0.2487332963995865,-0.005633479864230295,-0.011266959728460535,0.0020540438397580463,0.0,-0.041982696433814054,-0.08396539286762808,0.011266959728460535,0.00563347986423024,0.011266959728460535,0.0
200,nfcorpus,,9.58392150155319,dense,0.538879440665155,0.3377838657080766,0.3326986892672146,19,test,210,,,113,0.3265169059796161,0.3377838657080766,0.3321503858438464,0.3377838657080766,0.3265169059796161,0.5429875283446712,0.538879440665155,0.5409334845049132,0.5429875283446712,0.538879440665155,0.2487332963995865,0.3326986892672146,0.29071599283340055,0.3326986892672146,0.2487332963995865,0.00563347986423024,0.0,-0.0020540438397581573,-0.004108087679516204,0.041982696433814026,0.0,0.0,0.00563347986423024,0.011266959728460535,1.0
200,nfcorpus,,10.378871795672875,rrf,0.5705952380952382,0.3667410290401824,0.3369492552112006,19,test,210,,,113,0.3265169059796161,0.3377838657080766,0.3321503858438464,0.3377838657080766,0.3265169059796161,0.5429875283446712,0.538879440665155,0.5409334845049132,0.5429875283446712,0.538879440665155,0.2487332963995865,0.3326986892672146,0.29071599283340055,0.3326986892672146,0.2487332963995865,0.034590643196336035,0.028957163332105795,0.02966175359032497,0.027607709750566922,0.046233262377800066,0.00425056594398604,-0.028957163332105795,0.00563347986423024,0.011266959728460535,3.5700955741378486
200,nfcorpus,,10.378871795672875,zscore_fusion,0.5655234315948602,0.3609411625128862,0.3382581990193475,19,test,210,,,113,0.3265169059796161,0.3377838657080766,0.3321503858438464,0.3377838657080766,0.3265169059796161,0.5429875283446712,0.538879440665155,0.5409334845049132,0.5429875283446712,0.538879440665155,0.2487332963995865,0.3326986892672146,0.29071599283340055,0.3326986892672146,0.2487332963995865,0.02879077666903984,0.0231572968048096,0.024589947089946995,0.02253590325018895,0.047542206185946956,0.0055595097521329295,-0.0231572968048096,0.00563347986423024,0.011266959728460535,3.055327911247776
200,nfcorpus,,10.378871795672875,minmax_fusion,0.571130007558579,0.3655425494640834,0.341840336735676,19,test,210,,,113,0.3265169059796161,0.3377838657080766,0.3321503858438464,0.3377838657080766,0.3265169059796161,0.5429875283446712,0.538879440665155,0.5409334845049132,0.5429875283446712,0.538879440665155,0.2487332963995865,0.3326986892672146,0.29071599283340055,0.3326986892672146,0.2487332963995865,0.033392163620237,0.027758683756006763,0.030196523053665825,0.02814247921390778,0.05112434390227544,0.009141647468461411,-0.027758683756006763,0.00563347986423024,0.011266959728460535,3.4637244141281385
200,nfcorpus,0.5,10.378871795672875,validation_weighted_fusion,0.5655234315948602,0.3609411625128862,0.3382581990193475,19,test,210,0.5128283466779042,0.3123450401209774,113,0.3265169059796161,0.3377838657080766,0.3321503858438464,0.3377838657080766,0.3265169059796161,0.5429875283446712,0.538879440665155,0.5409334845049132,0.5429875283446712,0.538879440665155,0.2487332963995865,0.3326986892672146,0.29071599283340055,0.3326986892672146,0.2487332963995865,0.02879077666903984,0.0231572968048096,0.024589947089946995,0.02253590325018895,0.047542206185946956,0.0055595097521329295,-0.0231572968048096,0.00563347986423024,0.011266959728460535,3.055327911247776
200,nfcorpus,,0.7949502941196851,bm25,0.5109504913076341,0.2963630164878454,0.2314631419170946,31,test,210,,,113,0.2963630164878454,0.3063851536894775,0.3013740850886615,0.3063851536894775,0.2963630164878454,0.5109504913076341,0.5078004535147392,0.5093754724111867,0.5109504913076341,0.5078004535147392,0.2314631419170946,0.2988972489809237,0.26518019544900917,0.2988972489809237,0.2314631419170946,-0.005011068600816071,-0.010022137201632086,0.0015750188964474,0.0,-0.033717053531914565,-0.06743410706382907,0.010022137201632086,0.0050110686008160155,0.010022137201632086,0.0
200,nfcorpus,,9.58392150155319,dense,0.5078004535147392,0.3063851536894775,0.2988972489809237,31,test,210,,,113,0.2963630164878454,0.3063851536894775,0.3013740850886615,0.3063851536894775,0.2963630164878454,0.5109504913076341,0.5078004535147392,0.5093754724111867,0.5109504913076341,0.5078004535147392,0.2314631419170946,0.2988972489809237,0.26518019544900917,0.2988972489809237,0.2314631419170946,0.0050110686008160155,0.0,-0.001575018896447511,-0.003150037792894911,0.03371705353191451,0.0,0.0,0.0050110686008160155,0.010022137201632086,1.0
200,nfcorpus,,10.378871795672875,rrf,0.5389550264550265,0.3307811985114312,0.310818431470057,31,test,210,,,113,0.2963630164878454,0.3063851536894775,0.3013740850886615,0.3063851536894775,0.2963630164878454,0.5109504913076341,0.5078004535147392,0.5093754724111867,0.5109504913076341,0.5078004535147392,0.2314631419170946,0.2988972489809237,0.26518019544900917,0.2988972489809237,0.2314631419170946,0.029407113422769693,0.024396044821953677,0.029579554043839718,0.028004535147392318,0.04563823602104783,0.01192118248913332,-0.024396044821953677,0.0050110686008160155,0.010022137201632086,3.434215809576108
200,nfcorpus,,10.378871795672875,zscore_fusion,0.5414040060468632,0.329633208387934,0.3135313854713935,31,test,210,,,113,0.2963630164878454,0.3063851536894775,0.3013740850886615,0.3063851536894775,0.2963630164878454,0.5109504913076341,0.5078004535147392,0.5093754724111867,0.5109504913076341,0.5078004535147392,0.2314631419170946,0.2988972489809237,0.26518019544900917,0.2988972489809237,0.2314631419170946,0.028259123299272493,0.023248054698456477,0.03202853363567648,0.03045351473922908,0.048351190022384305,0.014634136490469796,-0.023248054698456477,0.0050110686008160155,0.010022137201632086,3.3196703687782856
200,nfcorpus,,10.378871795672875,minmax_fusion,0.5421806500377929,0.3291367105591171,0.3150248436109242,31,test,210,,,113,0.2963630164878454,0.3063851536894775,0.3013740850886615,0.3063851536894775,0.2963630164878454,0.5109504913076341,0.5078004535147392,0.5093754724111867,0.5109504913076341,0.5078004535147392,0.2314631419170946,0.2988972489809237,0.26518019544900917,0.2988972489809237,0.2314631419170946,0.027762625470455604,0.02275155686963959,0.032805177626606175,0.031230158730158775,0.04984464816191503,0.01612759463000052,-0.02275155686963959,0.0050110686008160155,0.010022137201632086,3.270130253847906
200,nfcorpus,0.5,10.378871795672875,validation_weighted_fusion,0.5414040060468632,0.329633208387934,0.3135313854713935,31,test,210,0.5576520578732969,0.3705279637160214,113,0.2963630164878454,0.3063851536894775,0.3013740850886615,0.3063851536894775,0.2963630164878454,0.5109504913076341,0.5078004535147392,0.5093754724111867,0.5109504913076341,0.5078004535147392,0.2314631419170946,0.2988972489809237,0.26518019544900917,0.2988972489809237,0.2314631419170946,0.028259123299272493,0.023248054698456477,0.03202853363567648,0.03045351473922908,0.048351190022384305,0.014634136490469796,-0.023248054698456477,0.0050110686008160155,0.010022137201632086,3.3196703687782856
200,nfcorpus,,0.7949502941196851,bm25,0.5076832955404383,0.3005374981830505,0.2338283108808757,47,test,210,,,113,0.3005374981830505,0.3090701962053194,0.30480384719418496,0.3090701962053194,0.3005374981830505,0.5076832955404383,0.5100302343159486,0.5088567649281934,0.5100302343159486,0.5076832955404383,0.2338283108808757,0.3097039817488488,0.27176614631486223,0.3097039817488488,0.2338283108808757,-0.004266349011134485,-0.008532698022268914,-0.0011734693877550884,-0.0023469387755102877,-0.037937835433986544,-0.07587567086797309,0.008532698022268914,0.004266349011134429,0.008532698022268914,0.0
200,nfcorpus,,9.58392150155319,dense,0.5100302343159486,0.3090701962053194,0.3097039817488488,47,test,210,,,113,0.3005374981830505,0.3090701962053194,0.30480384719418496,0.3090701962053194,0.3005374981830505,0.5076832955404383,0.5100302343159486,0.5088567649281934,0.5100302343159486,0.5076832955404383,0.2338283108808757,0.3097039817488488,0.27176614631486223,0.3097039817488488,0.2338283108808757,0.004266349011134429,0.0,0.0011734693877551994,0.0,0.037937835433986544,0.0,0.0,0.004266349011134429,0.008532698022268914,1.0
200,nfcorpus,,10.378871795672875,rrf,0.5506802721088435,0.3363770195055411,0.3158988232959211,47,test,210,,,113,0.3005374981830505,0.3090701962053194,0.30480384719418496,0.3090701962053194,0.3005374981830505,0.5076832955404383,0.5100302343159486,0.5088567649281934,0.5100302343159486,0.5076832955404383,0.2338283108808757,0.3097039817488488,0.27176614631486223,0.3097039817488488,0.2338283108808757,0.031573172311356146,0.027306823300221716,0.04182350718065009,0.04065003779289489,0.04413267698105888,0.006194841547072338,-0.027306823300221716,0.004266349011134429,0.008532698022268914,4.200256616249102
200,nfcorpus,,10.378871795672875,zscore_fusion,0.5365457294028723,0.3318030244800891,0.3168102020445358,47,test,210,,,113,0.3005374981830505,0.3090701962053194,0.30480384719418496,0.3090701962053194,0.3005374981830505,0.5076832955404383,0.5100302343159486,0.5088567649281934,0.5100302343159486,0.5076832955404383,0.2338283108808757,0.3097039817488488,0.27176614631486223,0.3097039817488488,0.2338283108808757,0.02699917728590412,0.02273282827476969,0.027688964474678834,0.026515495086923635,0.04504405572967357,0.007106220295687027,-0.02273282827476969,0.004266349011134429,0.008532698022268914,3.6642016646365323
200,nfcorpus,,10.378871795672875,minmax_fusion,0.5457520786092215,0.3368929653217761,0.3190329357211786,47,test,210,,,113,0.3005374981830505,0.3090701962053194,0.30480384719418496,0.3090701962053194,0.3005374981830505,0.5076832955404383,0.5100302343159486,0.5088567649281934,0.5100302343159486,0.5076832955404383,0.2338283108808757,0.3097039817488488,0.27176614631486223,0.3097039817488488,0.2338283108808757,0.03208911812759113,0.027822769116456703,0.03689531368102805,0.03572184429327285,0.047266789406316345,0.009328953972329801,-0.027822769116456703,0.004266349011134429,0.008532698022268914,4.260723518381165
200,nfcorpus,0.5,10.378871795672875,validation_weighted_fusion,0.5365457294028723,0.3318030244800891,0.3168102020445358,47,test,210,0.5666807135833685,0.3664955621288304,113,0.3005374981830505,0.3090701962053194,0.30480384719418496,0.3090701962053194,0.3005374981830505,0.5076832955404383,0.5100302343159486,0.5088567649281934,0.5100302343159486,0.5076832955404383,0.2338283108808757,0.3097039817488488,0.27176614631486223,0.3097039817488488,0.2338283108808757,0.02699917728590412,0.02273282827476969,0.027688964474678834,0.026515495086923635,0.04504405572967357,0.007106220295687027,-0.02273282827476969,0.004266349011134429,0.008532698022268914,3.6642016646365323
200,nfcorpus,,0.7949502941196851,bm25,0.5038340891912321,0.2977828505189236,0.2358564607941297,73,test,210,,,113,0.2977828505189236,0.3098509009099439,0.3038168757144337,0.3098509009099439,0.2977828505189236,0.5038340891912321,0.5035733182161753,0.5037037037037038,0.5038340891912321,0.5035733182161753,0.2358564607941297,0.3060434811534102,0.27094997097376994,0.3060434811534102,0.2358564607941297,-0.0060340251955101065,-0.012068050391020269,0.00013038548752830614,0.0,-0.03509351017964024,-0.07018702035928048,0.012068050391020269,0.006034025195510162,0.012068050391020269,0.0
200,nfcorpus,,9.58392150155319,dense,0.5035733182161753,0.3098509009099439,0.3060434811534102,73,test,210,,,113,0.2977828505189236,0.3098509009099439,0.3038168757144337,0.3098509009099439,0.2977828505189236,0.5038340891912321,0.5035733182161753,0.5037037037037038,0.5038340891912321,0.5035733182161753,0.2358564607941297,0.3060434811534102,0.27094997097376994,0.3060434811534102,0.2358564607941297,0.006034025195510162,0.0,-0.00013038548752841717,-0.0002607709750567233,0.03509351017964024,0.0,0.0,0.006034025195510162,0.012068050391020269,1.0
200,nfcorpus,,10.378871795672875,rrf,0.547286470143613,0.337520842920087,0.3175984358441071,73,test,210,,,113,0.2977828505189236,0.3098509009099439,0.3038168757144337,0.3098509009099439,0.2977828505189236,0.5038340891912321,0.5035733182161753,0.5037037037037038,0.5038340891912321,0.5035733182161753,0.2358564607941297,0.3060434811534102,0.27094997097376994,0.3060434811534102,0.2358564607941297,0.033703967205653274,0.02766994201014311,0.043582766439909215,0.04345238095238091,0.046648464870337136,0.011554954690696895,-0.02766994201014311,0.006034025195510162,0.012068050391020269,3.292826190942331
200,nfcorpus,,10.378871795672875,zscore_fusion,0.5382804232804232,0.3330173902375098,0.3124070678652901,73,test,210,,,113,0.2977828505189236,0.3098509009099439,0.3038168757144337,0.3098509009099439,0.2977828505189236,0.5038340891912321,0.5035733182161753,0.5037037037037038,0.5038340891912321,0.5035733182161753,0.2358564607941297,0.3060434811534102,0.27094997097376994,0.3060434811534102,0.2358564607941297,0.029200514523076093,0.02316648932756593,0.034576719576719483,0.03444633408919118,0.04145709689152016,0.0063635867118799205,-0.02316648932756593,0.006034025195510162,0.012068050391020269,2.919654673036824
200,nfcorpus,,10.378871795672875,minmax_fusion,0.546744142101285,0.3371872891764171,0.3157801563884508,73,test,210,,,113,0.2977828505189236,0.3098509009099439,0.3038168757144337,0.3098509009099439,0.2977828505189236,0.5038340891912321,0.5035733182161753,0.5037037037037038,0.5038340891912321,0.5035733182161753,0.2358564607941297,0.3060434811534102,0.27094997097376994,0.3060434811534102,0.2358564607941297,0.033370413461983384,0.02733638826647322,0.043040438397581204,0.0429100529100529,0.04483018541468087,0.009736675235040626,-0.02733638826647322,0.006034025195510162,0.012068050391020269,3.2651867850016596
200,nfcorpus,0.5,10.378871795672875,validation_weighted_fusion,0.5382804232804232,0.3330173902375098,0.3124070678652901,73,test,210,0.563456946200309,0.36423877620796,113,0.2977828505189236,0.3098509009099439,0.3038168757144337,0.3098509009099439,0.2977828505189236,0.5038340891912321,0.5035733182161753,0.5037037037037038,0.5038340891912321,0.5035733182161753,0.2358564607941297,0.3060434811534102,0.27094997097376994,0.3060434811534102,0.2358564607941297,0.029200514523076093,0.02316648932756593,0.034576719576719483,0.03444633408919118,0.04145709689152016,0.0063635867118799205,-0.02316648932756593,0.006034025195510162,0.012068050391020269,2.919654673036824
200,nfcorpus,,0.7949502941196851,bm25,0.525587679516251,0.3124397032108829,0.24913110365082,109,test,210,,,113,0.3124397032108829,0.3210178163852404,0.31672875979806164,0.3210178163852404,0.3124397032108829,0.525587679516251,0.5208578987150415,0.5232227891156462,0.525587679516251,0.5208578987150415,0.24913110365082,0.3055163368067756,0.2773237202287978,0.3055163368067756,0.24913110365082,-0.004289056587178763,-0.008578113174357527,0.0023648904006047244,0.0,-0.028192616577977808,-0.05638523315595559,0.008578113174357527,0.004289056587178763,0.008578113174357527,0.0
200,nfcorpus,,9.58392150155319,dense,0.5208578987150415,0.3210178163852404,0.3055163368067756,109,test,210,,,113,0.3124397032108829,0.3210178163852404,0.31672875979806164,0.3210178163852404,0.3124397032108829,0.525587679516251,0.5208578987150415,0.5232227891156462,0.525587679516251,0.5208578987150415,0.24913110365082,0.3055163368067756,0.2773237202287978,0.3055163368067756,0.24913110365082,0.004289056587178763,0.0,-0.0023648904006047244,-0.004729780801209449,0.02819261657797778,0.0,0.0,0.004289056587178763,0.008578113174357527,1.0
200,nfcorpus,,10.378871795672875,rrf,0.5540325018896447,0.3462969007436202,0.3136833318544492,109,test,210,,,113,0.3124397032108829,0.3210178163852404,0.31672875979806164,0.3210178163852404,0.3124397032108829,0.525587679516251,0.5208578987150415,0.5232227891156462,0.525587679516251,0.5208578987150415,0.24913110365082,0.3055163368067756,0.2773237202287978,0.3055163368067756,0.24913110365082,0.02956814094555854,0.025279084358379778,0.030809712773998466,0.02844482237339374,0.03635961162565138,0.008166995047673598,-0.025279084358379778,0.004289056587178763,0.008578113174357527,3.9469282865078426
200,nfcorpus,,10.378871795672875,zscore_fusion,0.5587773998488283,0.3450404826093164,0.3121743098623416,109,test,210,,,113,0.3124397032108829,0.3210178163852404,0.31672875979806164,0.3210178163852404,0.3124397032108829,0.525587679516251,0.5208578987150415,0.5232227891156462,0.525587679516251,0.5208578987150415,0.24913110365082,0.3055163368067756,0.2773237202287978,0.3055163368067756,0.24913110365082,0.02831172281125477,0.024022666224076006,0.03555461073318211,0.03318972033257739,0.034850589633543816,0.0066579730555660355,-0.024022666224076006,0.004289056587178763,0.008578113174357527,3.8004603968022637
200,nfcorpus,,10.378871795672875,minmax_fusion,0.5539928193499623,0.346677849632908,0.3124592120901578,109,test,210,,,113,0.3124397032108829,0.3210178163852404,0.31672875979806164,0.3210178163852404,0.3124397032108829,0.525587679516251,0.5208578987150415,0.5232227891156462,0.525587679516251,0.5208578987150415,0.24913110365082,0.3055163368067756,0.2773237202287978,0.3055163368067756,0.24913110365082,0.029949089834846343,0.02566003324766758,0.030770030234316015,0.02840513983371129,0.03513549186136,0.006942875283382222,-0.02566003324766758,0.004289056587178763,0.008578113174357527,3.9913376900147317
200,nfcorpus,0.5,10.378871795672875,validation_weighted_fusion,0.5587773998488283,0.3450404826093164,0.3121743098623416,109,test,210,0.5253652198342463,0.3418949762249567,113,0.3124397032108829,0.3210178163852404,0.31672875979806164,0.3210178163852404,0.3124397032108829,0.525587679516251,0.5208578987150415,0.5232227891156462,0.525587679516251,0.5208578987150415,0.24913110365082,0.3055163368067756,0.2773237202287978,0.3055163368067756,0.24913110365082,0.02831172281125477,0.024022666224076006,0.03555461073318211,0.03318972033257739,0.034850589633543816,0.0066579730555660355,-0.024022666224076006,0.004289056587178763,0.008578113174357527,3.8004603968022637
200,nfcorpus,,0.7949502941196851,bm25,0.5218310657596372,0.3119822566791321,0.2313333477042159,149,test,210,,,113,0.3119822566791321,0.3257221095640513,0.3188521831215917,0.3257221095640513,0.3119822566791321,0.5218310657596372,0.5190759637188208,0.5204535147392291,0.5218310657596372,0.5190759637188208,0.2313333477042159,0.3083110052505328,0.26982217647737433,0.3083110052505328,0.2313333477042159,-0.006869926442459595,-0.01373985288491919,0.001377551020408152,0.0,-0.03848882877315843,-0.07697765754631689,0.01373985288491919,0.006869926442459595,0.01373985288491919,0.0
200,nfcorpus,,9.58392150155319,dense,0.5190759637188208,0.3257221095640513,0.3083110052505328,149,test,210,,,113,0.3119822566791321,0.3257221095640513,0.3188521831215917,0.3257221095640513,0.3119822566791321,0.5218310657596372,0.5190759637188208,0.5204535147392291,0.5218310657596372,0.5190759637188208,0.2313333477042159,0.3083110052505328,0.26982217647737433,0.3083110052505328,0.2313333477042159,0.006869926442459595,0.0,-0.001377551020408263,-0.002755102040816415,0.03848882877315846,0.0,0.0,0.006869926442459595,0.01373985288491919,1.0
200,nfcorpus,,10.378871795672875,rrf,0.5492195767195767,0.3493931857387073,0.3116816339771402,149,test,210,,,113,0.3119822566791321,0.3257221095640513,0.3188521831215917,0.3257221095640513,0.3119822566791321,0.5218310657596372,0.5190759637188208,0.5204535147392291,0.5218310657596372,0.5190759637188208,0.2313333477042159,0.3083110052505328,0.26982217647737433,0.3083110052505328,0.2313333477042159,0.03054100261711562,0.023671076174656025,0.02876606198034759,0.02738851095993944,0.041859457499765884,0.0033706287266074275,-0.023671076174656025,0.006869926442459595,0.01373985288491919,2.7228041939690133
200,nfcorpus,,10.378871795672875,zscore_fusion,0.5498507180650037,0.3440285439803372,0.3101136126845355,149,test,210,,,113,0.3119822566791321,0.3257221095640513,0.3188521831215917,0.3257221095640513,0.3119822566791321,0.5218310657596372,0.5190759637188208,0.5204535147392291,0.5218310657596372,0.5190759637188208,0.2313333477042159,0.3083110052505328,0.26982217647737433,0.3083110052505328,0.2313333477042159,0.025176360858745528,0.018306434416285933,0.029397203325774668,0.028019652305366516,0.04029143620716119,0.0018026074340027343,-0.018306434416285933,0.006869926442459595,0.01373985288491919,2.3323602930551757
200,nfcorpus,,10.378871795672875,minmax_fusion,0.5521806500377929,0.3476933116930444,0.3111004917475514,149,test,210,,,113,0.3119822566791321,0.3257221095640513,0.3188521831215917,0.3257221095640513,0.3119822566791321,0.5218310657596372,0.5190759637188208,0.5204535147392291,0.5218310657596372,0.5190759637188208,0.2313333477042159,0.3083110052505328,0.26982217647737433,0.3083110052505328,0.2313333477042159,0.028841128571452712,0.021971202128993117,0.03172713529856386,0.030349584278155706,0.04127831527017706,0.0027894864970186006,-0.021971202128993117,0.006869926442459595,0.01373985288491919,2.5990856898554293
200,nfcorpus,0.5,10.378871795672875,validation_weighted_fusion,0.5498507180650037,0.3440285439803372,0.3101136126845355,149,test,210,0.5419546284590532,0.3437755701372189,113,0.3119822566791321,0.3257221095640513,0.3188521831215917,0.3257221095640513,0.3119822566791321,0.5218310657596372,0.5190759637188208,0.5204535147392291,0.5218310657596372,0.5190759637188208,0.2313333477042159,0.3083110052505328,0.26982217647737433,0.3083110052505328,0.2313333477042159,0.025176360858745528,0.018306434416285933,0.029397203325774668,0.028019652305366516,0.04029143620716119,0.0018026074340027343,-0.018306434416285933,0.006869926442459595,0.01373985288491919,2.3323602930551757
200,nfcorpus,,0.7949502941196851,bm25,0.5214928193499622,0.310165023781125,0.2121896142945663,181,test,210,,,113,0.310165023781125,0.3051375522558083,0.30765128801846664,0.310165023781125,0.3051375522558083,0.5214928193499622,0.4950755857898715,0.5082842025699168,0.5214928193499622,0.4950755857898715,0.2121896142945663,0.3013992303029663,0.25679442229876626,0.3013992303029663,0.2121896142945663,0.0025137357626583423,0.0,0.013208616780045368,0.0,-0.04460480800419997,-0.0892096160084,0.0,0.0025137357626583423,0.005027471525316685,1.0
200,nfcorpus,,9.58392150155319,dense,0.4950755857898715,0.3051375522558083,0.3013992303029663,181,test,210,,,113,0.310165023781125,0.3051375522558083,0.30765128801846664,0.310165023781125,0.3051375522558083,0.5214928193499622,0.4950755857898715,0.5082842025699168,0.5214928193499622,0.4950755857898715,0.2121896142945663,0.3013992303029663,0.25679442229876626,0.3013992303029663,0.2121896142945663,-0.0025137357626583423,-0.005027471525316685,-0.013208616780045312,-0.02641723356009068,0.044604808004200025,0.0,0.005027471525316685,0.0025137357626583423,0.005027471525316685,0.0
200,nfcorpus,,10.378871795672875,rrf,0.5423733938019653,0.3389509489862312,0.3093340902419174,181,test,210,,,113,0.310165023781125,0.3051375522558083,0.30765128801846664,0.310165023781125,0.3051375522558083,0.5214928193499622,0.4950755857898715,0.5082842025699168,0.5214928193499622,0.4950755857898715,0.2121896142945663,0.3013992303029663,0.25679442229876626,0.3013992303029663,0.2121896142945663,0.03129966096776454,0.0287859252051062,0.034089191232048455,0.020880574452003087,0.052539667943151125,0.0079348599389511,-0.0287859252051062,0.0025137357626583423,0.005027471525316685,6.725726154817545
200,nfcorpus,,10.378871795672875,zscore_fusion,0.5405574452003024,0.3362587556737142,0.3081031053818925,181,test,210,,,113,0.310165023781125,0.3051375522558083,0.30765128801846664,0.310165023781125,0.3051375522558083,0.5214928193499622,0.4950755857898715,0.5082842025699168,0.5214928193499622,0.4950755857898715,0.2121896142945663,0.3013992303029663,0.25679442229876626,0.3013992303029663,0.2121896142945663,0.028607467655247576,0.026093731892589234,0.03227324263038556,0.01906462585034019,0.05130868308312625,0.006703875078926225,-0.026093731892589234,0.0025137357626583423,0.005027471525316685,6.190229673343713
200,nfcorpus,,10.378871795672875,minmax_fusion,0.5431538170823885,0.3392175412889821,0.3138641906829733,181,test,210,,,113,0.310165023781125,0.3051375522558083,0.30765128801846664,0.310165023781125,0.3051375522558083,0.5214928193499622,0.4950755857898715,0.5082842025699168,0.5214928193499622,0.4950755857898715,0.2121896142945663,0.3013992303029663,0.25679442229876626,0.3013992303029663,0.2121896142945663,0.03156625327051549,0.029052517507857145,0.034869614512471725,0.021660997732426357,0.05706976838420702,0.012464960380006995,-0.029052517507857145,0.0025137357626583423,0.005027471525316685,6.778753268230018
200,nfcorpus,0.7,10.378871795672875,validation_weighted_fusion,0.5313208616780045,0.3287969557372351,0.3104328363942642,181,test,210,0.5470115184716955,0.3610013940260125,113,0.310165023781125,0.3051375522558083,0.30765128801846664,0.310165023781125,0.3051375522558083,0.5214928193499622,0.4950755857898715,0.5082842025699168,0.5214928193499622,0.4950755857898715,0.2121896142945663,0.3013992303029663,0.25679442229876626,0.3013992303029663,0.2121896142945663,0.02114566771876847,0.018631931956110126,0.02303665910808772,0.009828042328042352,0.053638414095497966,0.009033606091297941,-0.018631931956110126,0.0025137357626583423,0.005027471525316685,4.7060243628006395
20,fiqa,,58.2415635972211,bm25,0.2884826377106662,0.2316312780422893,0.3535650216766606,19,test,421,,,227,0.2316312780422893,0.3595167512058867,0.295574014624088,0.3595167512058867,0.2316312780422893,0.2884826377106662,0.4268634769822418,0.357673057346454,0.4268634769822418,0.2884826377106662,0.3535650216766606,0.5145098633222148,0.4340374424994377,0.5145098633222148,0.3535650216766606,-0.06394273658179869,-0.1278854731635974,-0.06919041963578781,-0.13838083927157563,-0.08047242082277711,-0.16094484164555423,0.1278854731635974,0.06394273658179872,0.1278854731635974,0.0
20,fiqa,,58.79607191976296,dense,0.4268634769822418,0.3595167512058867,0.5145098633222148,19,test,421,,,227,0.2316312780422893,0.3595167512058867,0.295574014624088,0.3595167512058867,0.2316312780422893,0.2884826377106662,0.4268634769822418,0.357673057346454,0.4268634769822418,0.2884826377106662,0.3535650216766606,0.5145098633222148,0.4340374424994377,0.5145098633222148,0.3535650216766606,0.06394273658179872,0.0,0.06919041963578781,0.0,0.08047242082277711,0.0,0.0,0.06394273658179872,0.1278854731635974,1.0
20,fiqa,,117.03763551698408,rrf,0.406693247370207,0.3422975866597113,0.512279156578444,19,test,421,,,227,0.2316312780422893,0.3595167512058867,0.295574014624088,0.3595167512058867,0.2316312780422893,0.2884826377106662,0.4268634769822418,0.357673057346454,0.4268634769822418,0.2884826377106662,0.3535650216766606,0.5145098633222148,0.4340374424994377,0.5145098633222148,0.3535650216766606,0.04672357203562327,-0.017219164546175447,0.04902019002375302,-0.020170229612034796,0.07824171407900632,-0.002230706743770794,0.017219164546175447,0.06394273658179872,0.1278854731635974,0.8653548044182638
20,fiqa,,117.03763551698408,zscore_fusion,0.420553858914904,0.349748502945261,0.5195481741800032,19,test,421,,,227,0.2316312780422893,0.3595167512058867,0.295574014624088,0.3595167512058867,0.2316312780422893,0.2884826377106662,0.4268634769822418,0.357673057346454,0.4268634769822418,0.2884826377106662,0.3535650216766606,0.5145098633222148,0.4340374424994377,0.5145098633222148,0.3535650216766606,0.054174488321173,-0.009768248260625723,0.06288080156845,-0.006309618067337819,0.0855107316805655,0.005038310857788386,0.009768248260625723,0.06394273658179872,0.1278854731635974,0.9236172176637318
20,fiqa,,117.03763551698408,minmax_fusion,0.415280134223127,0.349855412228692,0.5176892650764384,19,test,421,,,227,0.2316312780422893,0.3595167512058867,0.295574014624088,0.3595167512058867,0.2316312780422893,0.2884826377106662,0.4268634769822418,0.357673057346454,0.4268634769822418,0.2884826377106662,0.3535650216766606,0.5145098633222148,0.4340374424994377,0.5145098633222148,0.3535650216766606,0.05428139760460399,-0.009661338977194733,0.05760707687667299,-0.011583342759114823,0.08365182257700071,0.0031794017542235986,0.009661338977194733,0.06394273658179872,0.1278854731635974,0.9244531944231424
20,fiqa,0.9,117.03763551698408,validation_weighted_fusion,0.4656976963390265,0.3847788454180194,0.5145098633222148,19,test,421,0.4987308579819593,0.402814784016351,227,0.2316312780422893,0.3595167512058867,0.295574014624088,0.3595167512058867,0.2316312780422893,0.2884826377106662,0.4268634769822418,0.357673057346454,0.4268634769822418,0.2884826377106662,0.3535650216766606,0.5145098633222148,0.4340374424994377,0.5145098633222148,0.3535650216766606,0.08920483079393138,0.025262094212132657,0.10802463899257253,0.038834219356784716,0.08047242082277711,0.0,-0.025262094212132657,0.06394273658179872,0.1278854731635974,1.1975368553378705
20,fiqa,,58.2415635972211,bm25,0.2704322663348791,0.2148998425058339,0.340024886699471,31,test,421,,,227,0.2148998425058339,0.3522349211580418,0.28356738183193786,0.3522349211580418,0.2148998425058339,0.2704322663348791,0.4317686536213852,0.35110045997813216,0.4317686536213852,0.2704322663348791,0.340024886699471,0.4931896883797121,0.41660728753959153,0.4931896883797121,0.340024886699471,-0.06866753932610395,-0.13733507865220787,-0.08066819364325306,-0.16133638728650612,-0.07658240084012052,-0.1531648016802411,0.13733507865220787,0.06866753932610392,0.13733507865220787,0.0
20,fiqa,,58.79607191976296,dense,0.4317686536213852,0.3522349211580418,0.4931896883797121,31,test,421,,,227,0.2148998425058339,0.3522349211580418,0.28356738183193786,0.3522349211580418,0.2148998425058339,0.2704322663348791,0.4317686536213852,0.35110045997813216,0.4317686536213852,0.2704322663348791,0.340024886699471,0.4931896883797121,0.41660728753959153,0.4931896883797121,0.340024886699471,0.06866753932610392,0.0,0.08066819364325306,0.0,0.07658240084012058,0.0,0.0,0.06866753932610392,0.13733507865220787,1.0
20,fiqa,,117.03763551698408,rrf,0.4068723372167552,0.3366989750893837,0.4957614172578543,31,test,421,,,227,0.2148998425058339,0.3522349211580418,0.28356738183193786,0.3522349211580418,0.2148998425058339,0.2704322663348791,0.4317686536213852,0.35110045997813216,0.4317686536213852,0.2704322663348791,0.340024886699471,0.4931896883797121,0.41660728753959153,0.4931896883797121,0.340024886699471,0.05313159325744582,-0.015535946068658102,0.055771877238623035,-0.024896316404630026,0.07915412971826274,0.0025717288781421654,0.015535946068658102,0.06866753932610392,0.13733507865220787,0.8868756167679354
20,fiqa,,117.03763551698408,zscore_fusion,0.4138530709195792,0.3409557038196636,0.5038024063558505,31,test,421,,,227,0.2148998425058339,0.3522349211580418,0.28356738183193786,0.3522349211580418,0.2148998425058339,0.2704322663348791,0.4317686536213852,0.35110045997813216,0.4317686536213852,0.2704322663348791,0.340024886699471,0.4931896883797121,0.41660728753959153,0.4931896883797121,0.340024886699471,0.057388321987725754,-0.011279217338378167,0.06275261094144702,-0.017915582701806043,0.08719511881625897,0.010612717976138386,0.011279217338378167,0.06866753932610392,0.13733507865220787,0.9178708204118625
20,fiqa,,117.03763551698408,minmax_fusion,0.4112279908004373,0.3417385572863138,0.5046722609667977,31,test,421,,,227,0.2148998425058339,0.3522349211580418,0.28356738183193786,0.3522349211580418,0.2148998425058339,0.2704322663348791,0.4317686536213852,0.35110045997813216,0.4317686536213852,0.2704322663348791,0.340024886699471,0.4931896883797121,0.41660728753959153,0.4931896883797121,0.340024886699471,0.058171175454375945,-0.010496363871727976,0.06012753082230515,-0.020540662820947908,0.0880649734272062,0.011482572587085627,0.010496363871727976,0.06866753932610392,0.13733507865220787,0.9235711372888981
20,fiqa,0.9,117.03763551698408,validation_weighted_fusion,0.4603212306300192,0.370906803337486,0.4931896883797121,31,test,421,0.5087021886581358,0.4285422276987499,227,0.2148998425058339,0.3522349211580418,0.28356738183193786,0.3522349211580418,0.2148998425058339,0.2704322663348791,0.4317686536213852,0.35110045997813216,0.4317686536213852,0.2704322663348791,0.340024886699471,0.4931896883797121,0.41660728753959153,0.4931896883797121,0.340024886699471,0.08733942150554813,0.01867188217944421,0.10922077065188701,0.02855257700863395,0.07658240084012058,0.0,-0.01867188217944421,0.06866753932610392,0.13733507865220787,1.1359585792842448
20,fiqa,,58.2415635972211,bm25,0.2907033518078649,0.2317248241095988,0.3563363727853039,47,test,421,,,227,0.2317248241095988,0.3586785795998359,0.29520170185471734,0.3586785795998359,0.2317248241095988,0.2907033518078649,0.438819138106549,0.36476124495720696,0.438819138106549,0.2907033518078649,0.3563363727853039,0.5094908917949298,0.4329136322901168,0.5094908917949298,0.3563363727853039,-0.06347687774511854,-0.1269537554902371,-0.07405789314934208,-0.1481157862986841,-0.07657725950481292,-0.1531545190096259,0.1269537554902371,0.06347687774511857,0.1269537554902371,0.0
20,fiqa,,58.79607191976296,dense,0.438819138106549,0.3586785795998359,0.5094908917949298,47,test,421,,,227,0.2317248241095988,0.3586785795998359,0.29520170185471734,0.3586785795998359,0.2317248241095988,0.2907033518078649,0.438819138106549,0.36476124495720696,0.438819138106549,0.2907033518078649,0.3563363727853039,0.5094908917949298,0.4329136322901168,0.5094908917949298,0.3563363727853039,0.06347687774511857,0.0,0.07405789314934202,0.0,0.07657725950481298,0.0,0.0,0.06347687774511857,0.1269537554902371,1.0
20,fiqa,,117.03763551698408,rrf,0.4128991818421747,0.3435053329968109,0.5089765341546815,47,test,421,,,227,0.2317248241095988,0.3586785795998359,0.29520170185471734,0.3586785795998359,0.2317248241095988,0.2907033518078649,0.438819138106549,0.36476124495720696,0.438819138106549,0.2907033518078649,0.3563363727853039,0.5094908917949298,0.4329136322901168,0.5094908917949298,0.3563363727853039,0.04830363114209357,-0.015173246603024992,0.04813793688496776,-0.025919956264374266,0.07606290186456466,-0.0005143576402483196,0.015173246603024992,0.06347687774511857,0.1269537554902371,0.8804820972453089
20,fiqa,,117.03763551698408,zscore_fusion,0.4308892282170192,0.3537646687576116,0.5147779575926844,47,test,421,,,227,0.2317248241095988,0.3586785795998359,0.29520170185471734,0.3586785795998359,0.2317248241095988,0.2907033518078649,0.438819138106549,0.36476124495720696,0.438819138106549,0.2907033518078649,0.3563363727853039,0.5094908917949298,0.4329136322901168,0.5094908917949298,0.3563363727853039,0.05856296690289425,-0.004913910842224312,0.06612798325981223,-0.007929909889529796,0.0818643253025676,0.00528706579775462,0.004913910842224312,0.06347687774511857,0.1269537554902371,0.9612936945169598
20,fiqa,,117.03763551698408,minmax_fusion,0.4287505184179768,0.3560171872173182,0.5175282555923886,47,test,421,,,227,0.2317248241095988,0.3586785795998359,0.29520170185471734,0.3586785795998359,0.2317248241095988,0.2907033518078649,0.438819138106549,0.36476124495720696,0.438819138106549,0.2907033518078649,0.3563363727853039,0.5094908917949298,0.4329136322901168,0.5094908917949298,0.3563363727853039,0.06081548536260084,-0.0026613923825177244,0.06398927346076982,-0.0100686196885722,0.08461462330227176,0.008037363797458785,0.0026613923825177244,0.06347687774511857,0.1269537554902371,0.9790365210368086
20,fiqa,0.9,117.03763551698408,validation_weighted_fusion,0.4675819100403423,0.3806288719773981,0.5094908917949298,47,test,421,0.4952363471085938,0.410511430793891,227,0.2317248241095988,0.3586785795998359,0.29520170185471734,0.3586785795998359,0.2317248241095988,0.2907033518078649,0.438819138106549,0.36476124495720696,0.438819138106549,0.2907033518078649,0.3563363727853039,0.5094908917949298,0.4329136322901168,0.5094908917949298,0.3563363727853039,0.08542717012268075,0.021950292377562186,0.10282066508313531,0.028762771933793285,0.07657725950481298,0.0,-0.021950292377562186,0.06347687774511857,0.1269537554902371,1.172899905897232
20,fiqa,,58.2415635972211,bm25,0.3001508125023564,0.2382262429842684,0.3615024721913083,73,test,421,,,227,0.2382262429842684,0.3735755696175364,0.3059009063009024,0.3735755696175364,0.2382262429842684,0.3001508125023564,0.4520199449534366,0.3760853787278965,0.4520199449534366,0.3001508125023564,0.3615024721913083,0.5293337897257138,0.445418130958511,0.5293337897257138,0.3615024721913083,-0.06767466331663399,-0.135349326633268,-0.07593456622554007,-0.1518691324510802,-0.0839156587672027,-0.16783131753440544,0.135349326633268,0.06767466331663402,0.135349326633268,0.0
20,fiqa,,58.79607191976296,dense,0.4520199449534366,0.3735755696175364,0.5293337897257138,73,test,421,,,227,0.2382262429842684,0.3735755696175364,0.3059009063009024,0.3735755696175364,0.2382262429842684,0.3001508125023564,0.4520199449534366,0.3760853787278965,0.4520199449534366,0.3001508125023564,0.3615024721913083,0.5293337897257138,0.445418130958511,0.5293337897257138,0.3615024721913083,0.06767466331663402,0.0,0.07593456622554012,0.0,0.08391565876720275,0.0,0.0,0.06767466331663402,0.135349326633268,1.0
20,fiqa,,117.03763551698408,rrf,0.4303660973494702,0.3586178223165763,0.5208792395253203,73,test,421,,,227,0.2382262429842684,0.3735755696175364,0.3059009063009024,0.3735755696175364,0.2382262429842684,0.3001508125023564,0.4520199449534366,0.3760853787278965,0.4520199449534366,0.3001508125023564,0.3615024721913083,0.5293337897257138,0.445418130958511,0.5293337897257138,0.3615024721913083,0.05271691601567391,-0.014957747300960111,0.05428071862157369,-0.021653847603966436,0.07546110856680932,-0.00845455020039343,0.014957747300960111,0.06767466331663402,0.135349326633268,0.8894878336447993
20,fiqa,,117.03763551698408,zscore_fusion,0.4425913358217396,0.3680967878558648,0.5290559598754373,73,test,421,,,227,0.2382262429842684,0.3735755696175364,0.3059009063009024,0.3735755696175364,0.2382262429842684,0.3001508125023564,0.4520199449534366,0.3760853787278965,0.4520199449534366,0.3001508125023564,0.3615024721913083,0.5293337897257138,0.445418130958511,0.5293337897257138,0.3615024721913083,0.06219588155496242,-0.005478781761671603,0.0665059570938431,-0.009428609131697019,0.08363782891692628,-0.00027782985027646756,0.005478781761671603,0.06767466331663402,0.135349326633268,0.959521174593528
20,fiqa,,117.03763551698408,minmax_fusion,0.4412802096293783,0.3688473537530174,0.5357679137964173,73,test,421,,,227,0.2382262429842684,0.3735755696175364,0.3059009063009024,0.3735755696175364,0.2382262429842684,0.3001508125023564,0.4520199449534366,0.3760853787278965,0.4520199449534366,0.3001508125023564,0.3615024721913083,0.5293337897257138,0.445418130958511,0.5293337897257138,0.3615024721913083,0.06294644745211503,-0.004728215864518992,0.06519483090148182,-0.010739735324058308,0.09034978283790629,0.00643412407070354,0.004728215864518992,0.06767466331663402,0.135349326633268,0.9650665726817379
20,fiqa,0.9,117.03763551698408,validation_weighted_fusion,0.477745730121027,0.391711429432088,0.5293337897257138,73,test,421,0.4763862666946367,0.3899574365717568,227,0.2382262429842684,0.3735755696175364,0.3059009063009024,0.3735755696175364,0.2382262429842684,0.3001508125023564,0.4520199449534366,0.3760853787278965,0.4520199449534366,0.3001508125023564,0.3615024721913083,0.5293337897257138,0.445418130958511,0.5293337897257138,0.3615024721913083,0.08581052313118559,0.01813585981455157,0.10166035139313051,0.025725785167590387,0.08391565876720275,0.0,-0.01813585981455157,0.06767466331663402,0.135349326633268,1.1339929814626346
20,fiqa,,58.2415635972211,bm25,0.2947422991365984,0.2378872660939535,0.3588830475410047,109,test,421,,,227,0.2378872660939535,0.3589987364280363,0.2984430012609949,0.3589987364280363,0.2378872660939535,0.2947422991365984,0.432105154017268,0.3634237265769332,0.432105154017268,0.2947422991365984,0.3588830475410047,0.5146927234813221,0.43678788551116343,0.5146927234813221,0.3588830475410047,-0.06055573516704138,-0.12111147033408282,-0.06868142744033484,-0.13736285488066963,-0.07790483797015874,-0.15580967594031742,0.12111147033408282,0.060555735167041436,0.12111147033408282,0.0
20,fiqa,,58.79607191976296,dense,0.432105154017268,0.3589987364280363,0.5146927234813221,109,test,421,,,227,0.2378872660939535,0.3589987364280363,0.2984430012609949,0.3589987364280363,0.2378872660939535,0.2947422991365984,0.432105154017268,0.3634237265769332,0.432105154017268,0.2947422991365984,0.3588830475410047,0.5146927234813221,0.43678788551116343,0.5146927234813221,0.3588830475410047,0.060555735167041436,0.0,0.06868142744033479,0.0,0.07790483797015868,0.0,0.0,0.060555735167041436,0.12111147033408282,1.0
20,fiqa,,117.03763551698408,rrf,0.4259633148588018,0.3565453015771662,0.52624722203107,109,test,421,,,227,0.2378872660939535,0.3589987364280363,0.2984430012609949,0.3589987364280363,0.2378872660939535,0.2947422991365984,0.432105154017268,0.3634237265769332,0.432105154017268,0.2947422991365984,0.3588830475410047,0.5146927234813221,0.43678788551116343,0.5146927234813221,0.3588830475410047,0.05810230031617131,-0.0024534348508701287,0.06253958828186856,-0.006141839158466222,0.08945933651990656,0.011554498549747882,0.0024534348508701287,0.060555735167041436,0.12111147033408282,0.9797423411333179
20,fiqa,,117.03763551698408,zscore_fusion,0.4349404290615692,0.3623551960655981,0.5306658833380924,109,test,421,,,227,0.2378872660939535,0.3589987364280363,0.2984430012609949,0.3589987364280363,0.2378872660939535,0.2947422991365984,0.432105154017268,0.3634237265769332,0.432105154017268,0.2947422991365984,0.3588830475410047,0.5146927234813221,0.43678788551116343,0.5146927234813221,0.3588830475410047,0.0639121948046032,0.0033564596375617595,0.07151670248463599,0.0028352750443012,0.09387799782692896,0.01597315985677028,-0.0033564596375617595,0.060555735167041436,0.12111147033408282,1.0277138047148058
20,fiqa,,117.03763551698408,minmax_fusion,0.4316385778381028,0.3620640772031503,0.5260725550511773,109,test,421,,,227,0.2378872660939535,0.3589987364280363,0.2984430012609949,0.3589987364280363,0.2378872660939535,0.2947422991365984,0.432105154017268,0.3634237265769332,0.432105154017268,0.2947422991365984,0.3588830475410047,0.5146927234813221,0.43678788551116343,0.5146927234813221,0.3588830475410047,0.06362107594215544,0.0030653407751140005,0.06821485126116955,-0.00046657617916523453,0.0892846695400139,0.011379831569855225,-0.0030653407751140005,0.060555735167041436,0.12111147033408282,1.025310078117773
20,fiqa,0.9,117.03763551698408,validation_weighted_fusion,0.4701513780492403,0.3865368081873829,0.5146927234813221,109,test,421,0.4904709460876861,0.3995544213471789,227,0.2378872660939535,0.3589987364280363,0.2984430012609949,0.3589987364280363,0.2378872660939535,0.2947422991365984,0.432105154017268,0.3634237265769332,0.432105154017268,0.2947422991365984,0.3588830475410047,0.5146927234813221,0.43678788551116343,0.5146927234813221,0.3588830475410047,0.08809380692638802,0.027538071759346583,0.10672765147230706,0.038046224031972276,0.07790483797015868,0.0,-0.027538071759346583,0.060555735167041436,0.12111147033408282,1.2273778997429685
20,fiqa,,58.2415635972211,bm25,0.3042906156920408,0.2399265001411457,0.3582582896122088,149,test,421,,,227,0.2399265001411457,0.3633873432638926,0.3016569217025191,0.3633873432638926,0.2399265001411457,0.3042906156920408,0.4395609471025148,0.37192578139727783,0.4395609471025148,0.3042906156920408,0.3582582896122088,0.5178195122375645,0.4380389009248866,0.5178195122375645,0.3582582896122088,-0.06173042156137343,-0.12346084312274691,-0.06763516570523703,-0.135270331410474,-0.07978061131267783,-0.15956122262535571,0.12346084312274691,0.06173042156137348,0.12346084312274691,0.0
20,fiqa,,58.79607191976296,dense,0.4395609471025148,0.3633873432638926,0.5178195122375645,149,test,421,,,227,0.2399265001411457,0.3633873432638926,0.3016569217025191,0.3633873432638926,0.2399265001411457,0.3042906156920408,0.4395609471025148,0.37192578139727783,0.4395609471025148,0.3042906156920408,0.3582582896122088,0.5178195122375645,0.4380389009248866,0.5178195122375645,0.3582582896122088,0.06173042156137348,0.0,0.06763516570523698,0.0,0.07978061131267788,0.0,0.0,0.06173042156137348,0.12346084312274691,1.0
20,fiqa,,117.03763551698408,rrf,0.4250999132828111,0.3508491077769978,0.5178103764802102,149,test,421,,,227,0.2399265001411457,0.3633873432638926,0.3016569217025191,0.3633873432638926,0.2399265001411457,0.3042906156920408,0.4395609471025148,0.37192578139727783,0.4395609471025148,0.3042906156920408,0.3582582896122088,0.5178195122375645,0.4380389009248866,0.5178195122375645,0.3582582896122088,0.04919218607447867,-0.012538235486894811,0.05317413188553327,-0.014461033819703706,0.0797714755553236,-9.135757354283847e-06,0.012538235486894811,0.06173042156137348,0.12346084312274691,0.898443626580218
20,fiqa,,117.03763551698408,zscore_fusion,0.4338611770915809,0.356047011438638,0.5234958628070268,149,test,421,,,227,0.2399265001411457,0.3633873432638926,0.3016569217025191,0.3633873432638926,0.2399265001411457,0.3042906156920408,0.4395609471025148,0.37192578139727783,0.4395609471025148,0.3042906156920408,0.3582582896122088,0.5178195122375645,0.4380389009248866,0.5178195122375645,0.3582582896122088,0.05439008973611886,-0.00734033182525462,0.061935395694303064,-0.005699770010933913,0.08545696188214014,0.005676350569462252,0.00734033182525462,0.06173042156137348,0.12346084312274691,0.9405452640724579
20,fiqa,,117.03763551698408,minmax_fusion,0.4313011348640802,0.3561224540434311,0.5240942549137324,149,test,421,,,227,0.2399265001411457,0.3633873432638926,0.3016569217025191,0.3633873432638926,0.2399265001411457,0.3042906156920408,0.4395609471025148,0.37192578139727783,0.4395609471025148,0.3042906156920408,0.3582582896122088,0.5178195122375645,0.4380389009248866,0.5178195122375645,0.3582582896122088,0.054465532340912004,-0.007264889220461479,0.059375353466802394,-0.008259812238434583,0.08605535398884578,0.006274742676167899,0.007264889220461479,0.06173042156137348,0.12346084312274691,0.9411563291104484
20,fiqa,0.9,117.03763551698408,validation_weighted_fusion,0.4748086566376353,0.3841652817973552,0.5178195122375645,149,test,421,0.4818334382211034,0.4039527147841907,227,0.2399265001411457,0.3633873432638926,0.3016569217025191,0.3633873432638926,0.2399265001411457,0.3042906156920408,0.4395609471025148,0.37192578139727783,0.4395609471025148,0.3042906156920408,0.3582582896122088,0.5178195122375645,0.4380389009248866,0.5178195122375645,0.3582582896122088,0.08250836009483609,0.020777938533462603,0.10288287524035744,0.035247709535120464,0.07978061131267788,0.0,-0.020777938533462603,0.06173042156137348,0.12346084312274691,1.16829577708946
20,fiqa,,58.2415635972211,bm25,0.3073596501149945,0.2467547730337142,0.3711318504667673,181,test,421,,,227,0.2467547730337142,0.3879548821850587,0.31735482760938644,0.3879548821850587,0.2467547730337142,0.3073596501149945,0.4607812087622063,0.38407042943860037,0.4607812087622063,0.3073596501149945,0.3711318504667673,0.5427466766540401,0.4569392635604037,0.5427466766540401,0.3711318504667673,-0.07060005457567223,-0.14120010915134448,-0.07671077932360587,-0.1534215586472118,-0.08580741309363643,-0.1716148261872728,0.14120010915134448,0.07060005457567226,0.14120010915134448,0.0
20,fiqa,,58.79607191976296,dense,0.4607812087622063,0.3879548821850587,0.5427466766540401,181,test,421,,,227,0.2467547730337142,0.3879548821850587,0.31735482760938644,0.3879548821850587,0.2467547730337142,0.3073596501149945,0.4607812087622063,0.38407042943860037,0.4607812087622063,0.3073596501149945,0.3711318504667673,0.5427466766540401,0.4569392635604037,0.5427466766540401,0.3711318504667673,0.07060005457567226,0.0,0.07671077932360593,0.0,0.08580741309363638,0.0,0.0,0.07060005457567226,0.14120010915134448,1.0
20,fiqa,,117.03763551698408,rrf,0.4487331749802058,0.3734459598663666,0.5379125690883411,181,test,421,,,227,0.2467547730337142,0.3879548821850587,0.31735482760938644,0.3879548821850587,0.2467547730337142,0.3073596501149945,0.4607812087622063,0.38407042943860037,0.4607812087622063,0.3073596501149945,0.3711318504667673,0.5427466766540401,0.4569392635604037,0.5427466766540401,0.3711318504667673,0.05609113225698015,-0.014508922318692108,0.06466274554160545,-0.012048033782000478,0.08097330552793736,-0.0048341075656990196,0.014508922318692108,0.07060005457567226,0.14120010915134448,0.897245672075644
20,fiqa,,117.03763551698408,zscore_fusion,0.4551832371903631,0.3780945093878243,0.5446867331665431,181,test,421,,,227,0.2467547730337142,0.3879548821850587,0.31735482760938644,0.3879548821850587,0.2467547730337142,0.3073596501149945,0.4607812087622063,0.38407042943860037,0.4607812087622063,0.3073596501149945,0.3711318504667673,0.5427466766540401,0.4569392635604037,0.5427466766540401,0.3711318504667673,0.06073968177843786,-0.009860372797234396,0.07111280775176271,-0.005597971571843219,0.08774746960613944,0.0019400565125030633,0.009860372797234396,0.07060005457567226,0.14120010915134448,0.9301673854468085
20,fiqa,,117.03763551698408,minmax_fusion,0.4519049504203898,0.3809899951516794,0.5451635326932239,181,test,421,,,227,0.2467547730337142,0.3879548821850587,0.31735482760938644,0.3879548821850587,0.2467547730337142,0.3073596501149945,0.4607812087622063,0.38407042943860037,0.4607812087622063,0.3073596501149945,0.3711318504667673,0.5427466766540401,0.4569392635604037,0.5427466766540401,0.3711318504667673,0.06363516754229298,-0.0069648870333792745,0.06783452098178944,-0.00887625834181649,0.08822426913282022,0.0024168560391838456,0.0069648870333792745,0.07060005457567226,0.14120010915134448,0.9506736427100492
20,fiqa,0.9,117.03763551698408,validation_weighted_fusion,0.4955566866493232,0.4132756963365429,0.5427466766540401,181,test,421,0.44335361163555,0.3499637961894858,227,0.2467547730337142,0.3879548821850587,0.31735482760938644,0.3879548821850587,0.2467547730337142,0.3073596501149945,0.4607812087622063,0.38407042943860037,0.4607812087622063,0.3073596501149945,0.3711318504667673,0.5427466766540401,0.4569392635604037,0.5427466766540401,0.3711318504667673,0.09592086872715644,0.025320814151484183,0.1114862572107228,0.03477547788711688,0.08580741309363638,0.0,-0.025320814151484183,0.07060005457567226,0.14120010915134448,1.1793257406362498
50,fiqa,,58.2415635972211,bm25,0.2884826377106662,0.2316312780422893,0.4509774403479867,19,test,421,,,227,0.2316312780422893,0.3595167512058867,0.295574014624088,0.3595167512058867,0.2316312780422893,0.2884826377106662,0.4268634769822418,0.357673057346454,0.4268634769822418,0.2884826377106662,0.4509774403479867,0.6226868407390973,0.536832140543542,0.6226868407390973,0.4509774403479867,-0.06394273658179869,-0.1278854731635974,-0.06919041963578781,-0.13838083927157563,-0.0858547001955553,-0.1717094003911106,0.1278854731635974,0.06394273658179872,0.1278854731635974,0.0
50,fiqa,,58.79607191976296,dense,0.4268634769822418,0.3595167512058867,0.6226868407390973,19,test,421,,,227,0.2316312780422893,0.3595167512058867,0.295574014624088,0.3595167512058867,0.2316312780422893,0.2884826377106662,0.4268634769822418,0.357673057346454,0.4268634769822418,0.2884826377106662,0.4509774403479867,0.6226868407390973,0.536832140543542,0.6226868407390973,0.4509774403479867,0.06394273658179872,0.0,0.06919041963578781,0.0,0.0858547001955553,0.0,0.0,0.06394273658179872,0.1278854731635974,1.0
50,fiqa,,117.03763551698408,rrf,0.4100026392187912,0.3455873067093536,0.624693503909656,19,test,421,,,227,0.2316312780422893,0.3595167512058867,0.295574014624088,0.3595167512058867,0.2316312780422893,0.2884826377106662,0.4268634769822418,0.357673057346454,0.4268634769822418,0.2884826377106662,0.4509774403479867,0.6226868407390973,0.536832140543542,0.6226868407390973,0.4509774403479867,0.050013292085265615,-0.013929444496533105,0.052329581872337216,-0.016860837763450598,0.08786136336611394,0.0020066631705586424,0.013929444496533105,0.06394273658179872,0.1278854731635974,0.8910787585802348
50,fiqa,,117.03763551698408,zscore_fusion,0.4202286694566979,0.3514691823789864,0.6195470272667423,19,test,421,,,227,0.2316312780422893,0.3595167512058867,0.295574014624088,0.3595167512058867,0.2316312780422893,0.2884826377106662,0.4268634769822418,0.357673057346454,0.4268634769822418,0.2884826377106662,0.4509774403479867,0.6226868407390973,0.536832140543542,0.6226868407390973,0.4509774403479867,0.05589516775489839,-0.008047568826900331,0.06255561211024391,-0.0066348075255439065,0.08271488672320026,-0.0031398134723550353,0.008047568826900331,0.06394273658179872,0.1278854731635974,0.9370720643414637
50,fiqa,,117.03763551698408,minmax_fusion,0.4227189609018588,0.3551361462503513,0.6247670250045547,19,test,421,,,227,0.2316312780422893,0.3595167512058867,0.295574014624088,0.3595167512058867,0.2316312780422893,0.2884826377106662,0.4268634769822418,0.357673057346454,0.4268634769822418,0.2884826377106662,0.4509774403479867,0.6226868407390973,0.536832140543542,0.6226868407390973,0.4509774403479867,0.05956213162626328,-0.004380604955535439,0.0650459035554048,-0.0041445160803830206,0.08793488446101272,0.0020801842654574187,0.004380604955535439,0.06394273658179872,0.1278854731635974,0.9657458752181215
50,fiqa,0.9,117.03763551698408,validation_weighted_fusion,0.4679891037967048,0.389917112576949,0.6226868407390973,19,test,421,0.4913135445073771,0.4025663672977194,227,0.2316312780422893,0.3595167512058867,0.295574014624088,0.3595167512058867,0.2316312780422893,0.2884826377106662,0.4268634769822418,0.357673057346454,0.4268634769822418,0.2884826377106662,0.4509774403479867,0.6226868407390973,0.536832140543542,0.6226868407390973,0.4509774403479867,0.094343097952861,0.03040036137106228,0.11031604645025078,0.04112562681446297,0.0858547001955553,0.0,-0.03040036137106228,0.06394273658179872,0.1278854731635974,1.2377155170092904
50,fiqa,,58.2415635972211,bm25,0.2704322663348791,0.2148998425058339,0.4372648135712269,31,test,421,,,227,0.2148998425058339,0.3522349211580418,0.28356738183193786,0.3522349211580418,0.2148998425058339,0.2704322663348791,0.4317686536213852,0.35110045997813216,0.4317686536213852,0.2704322663348791,0.4372648135712269,0.6043018541237068,0.5207833338474669,0.6043018541237068,0.4372648135712269,-0.06866753932610395,-0.13733507865220787,-0.08066819364325306,-0.16133638728650612,-0.08351852027624002,-0.16703704055247998,0.13733507865220787,0.06866753932610392,0.13733507865220787,0.0
50,fiqa,,58.79607191976296,dense,0.4317686536213852,0.3522349211580418,0.6043018541237068,31,test,421,,,227,0.2148998425058339,0.3522349211580418,0.28356738183193786,0.3522349211580418,0.2148998425058339,0.2704322663348791,0.4317686536213852,0.35110045997813216,0.4317686536213852,0.2704322663348791,0.4372648135712269,0.6043018541237068,0.5207833338474669,0.6043018541237068,0.4372648135712269,0.06866753932610392,0.0,0.08066819364325306,0.0,0.08351852027623996,0.0,0.0,0.06866753932610392,0.13733507865220787,1.0
50,fiqa,,117.03763551698408,rrf,0.4040370621724541,0.3356680320618076,0.5989582929606683,31,test,421,,,227,0.2148998425058339,0.3522349211580418,0.28356738183193786,0.3522349211580418,0.2148998425058339,0.2704322663348791,0.4317686536213852,0.35110045997813216,0.4317686536213852,0.2704322663348791,0.4372648135712269,0.6043018541237068,0.5207833338474669,0.6043018541237068,0.4372648135712269,0.05210065022986976,-0.01656688909623416,0.05293660219432195,-0.027731591448931114,0.07817495911320138,-0.005343561163038579,0.01656688909623416,0.06866753932610392,0.13733507865220787,0.8793688454630828
50,fiqa,,117.03763551698408,zscore_fusion,0.4100007540625117,0.3402263949666281,0.595791230411183,31,test,421,,,227,0.2148998425058339,0.3522349211580418,0.28356738183193786,0.3522349211580418,0.2148998425058339,0.2704322663348791,0.4317686536213852,0.35110045997813216,0.4317686536213852,0.2704322663348791,0.4372648135712269,0.6043018541237068,0.5207833338474669,0.6043018541237068,0.4372648135712269,0.05665901313469024,-0.012008526191413682,0.05890029408437952,-0.021767899558873538,0.07500789656371609,-0.008510623712523868,0.012008526191413682,0.06866753932610392,0.13733507865220787,0.9125603865431606
50,fiqa,,117.03763551698408,minmax_fusion,0.413372356068318,0.344731896659288,0.6092060024957888,31,test,421,,,227,0.2148998425058339,0.3522349211580418,0.28356738183193786,0.3522349211580418,0.2148998425058339,0.2704322663348791,0.4317686536213852,0.35110045997813216,0.4317686536213852,0.2704322663348791,0.4372648135712269,0.6043018541237068,0.5207833338474669,0.6043018541237068,0.4372648135712269,0.061164514827350136,-0.007503024498753785,0.06227189609018585,-0.01839629755306721,0.08842266864832193,0.004904148372081973,0.007503024498753785,0.06866753932610392,0.13733507865220787,0.9453670207758449
50,fiqa,0.9,117.03763551698408,validation_weighted_fusion,0.4610045997813218,0.3777060376108473,0.6043018541237068,31,test,421,0.5042671841129991,0.425213338930886,227,0.2148998425058339,0.3522349211580418,0.28356738183193786,0.3522349211580418,0.2148998425058339,0.2704322663348791,0.4317686536213852,0.35110045997813216,0.4317686536213852,0.2704322663348791,0.4372648135712269,0.6043018541237068,0.5207833338474669,0.6043018541237068,0.4372648135712269,0.09413865577890945,0.02547111645280553,0.10990413980318964,0.029235946159936577,0.08351852027623996,0.0,-0.02547111645280553,0.06866753932610392,0.13733507865220787,1.1854669375280984
50,fiqa,,58.2415635972211,bm25,0.2907033518078649,0.2317248241095988,0.4515110252639944,47,test,421,,,227,0.2317248241095988,0.3586785795998359,0.29520170185471734,0.3586785795998359,0.2317248241095988,0.2907033518078649,0.438819138106549,0.36476124495720696,0.438819138106549,0.2907033518078649,0.4515110252639944,0.6200947508548458,0.5358028880594201,0.6200947508548458,0.4515110252639944,-0.06347687774511854,-0.1269537554902371,-0.07405789314934208,-0.1481157862986841,-0.08429186279542572,-0.16858372559085139,0.1269537554902371,0.06347687774511857,0.1269537554902371,0.0
50,fiqa,,58.79607191976296,dense,0.438819138106549,0.3586785795998359,0.6200947508548458,47,test,421,,,227,0.2317248241095988,0.3586785795998359,0.29520170185471734,0.3586785795998359,0.2317248241095988,0.2907033518078649,0.438819138106549,0.36476124495720696,0.438819138106549,0.2907033518078649,0.4515110252639944,0.6200947508548458,0.5358028880594201,0.6200947508548458,0.4515110252639944,0.06347687774511857,0.0,0.07405789314934202,0.0,0.08429186279542566,0.0,0.0,0.06347687774511857,0.1269537554902371,1.0
50,fiqa,,117.03763551698408,rrf,0.4170710326886098,0.3463336159861448,0.6141951542782896,47,test,421,,,227,0.2317248241095988,0.3586785795998359,0.29520170185471734,0.3586785795998359,0.2317248241095988,0.2907033518078649,0.438819138106549,0.36476124495720696,0.438819138106549,0.2907033518078649,0.4515110252639944,0.6200947508548458,0.5358028880594201,0.6200947508548458,0.4515110252639944,0.05113191413142748,-0.012344963613691085,0.052309787731402824,-0.0217481054179392,0.07839226621886952,-0.005899596576556143,0.012344963613691085,0.06347687774511857,0.1269537554902371,0.9027601541520335
50,fiqa,,117.03763551698408,zscore_fusion,0.4292698789729668,0.3535321951085229,0.6120969753392556,47,test,421,,,227,0.2317248241095988,0.3586785795998359,0.29520170185471734,0.3586785795998359,0.2317248241095988,0.2907033518078649,0.438819138106549,0.36476124495720696,0.438819138106549,0.2907033518078649,0.4515110252639944,0.6200947508548458,0.5358028880594201,0.6200947508548458,0.4515110252639944,0.05833049325380557,-0.005146384491312994,0.06450863401575985,-0.009549259133582177,0.07629408727983544,-0.007997775515590222,0.005146384491312994,0.06347687774511857,0.1269537554902371,0.9594625265598483
50,fiqa,,117.03763551698408,minmax_fusion,0.4326047204313237,0.3575687388558173,0.6264053115003233,47,test,421,,,227,0.2317248241095988,0.3586785795998359,0.29520170185471734,0.3586785795998359,0.2317248241095988,0.2907033518078649,0.438819138106549,0.36476124495720696,0.438819138106549,0.2907033518078649,0.4515110252639944,0.6200947508548458,0.5358028880594201,0.6200947508548458,0.4515110252639944,0.06236703700109997,-0.0011098407440185976,0.06784347547411673,-0.006214417675225292,0.09060242344090319,0.006310560645477525,0.0011098407440185976,0.06347687774511857,0.1269537554902371,0.9912579132477578
50,fiqa,0.9,117.03763551698408,validation_weighted_fusion,0.4668335029973985,0.3851191951701046,0.6200947508548458,47,test,421,0.4934567512761345,0.4114647075104133,227,0.2317248241095988,0.3586785795998359,0.29520170185471734,0.3586785795998359,0.2317248241095988,0.2907033518078649,0.438819138106549,0.36476124495720696,0.438819138106549,0.2907033518078649,0.4515110252639944,0.6200947508548458,0.5358028880594201,0.6200947508548458,0.4515110252639944,0.08991749331538729,0.026440615570268722,0.10207225804019154,0.02801436489084952,0.08429186279542566,0.0,-0.026440615570268722,0.06347687774511857,0.1269537554902371,1.208269660619075
50,fiqa,,58.2415635972211,bm25,0.3001508125023564,0.2382262429842684,0.4575679467009633,73,test,421,,,227,0.2382262429842684,0.3735755696175364,0.3059009063009024,0.3735755696175364,0.2382262429842684,0.3001508125023564,0.4520199449534366,0.3760853787278965,0.4520199449534366,0.3001508125023564,0.4575679467009633,0.637957549180827,0.5477627479408952,0.637957549180827,0.4575679467009633,-0.06767466331663399,-0.135349326633268,-0.07593456622554007,-0.1518691324510802,-0.0901948012399319,-0.18038960247986374,0.135349326633268,0.06767466331663402,0.135349326633268,0.0
50,fiqa,,58.79607191976296,dense,0.4520199449534366,0.3735755696175364,0.637957549180827,73,test,421,,,227,0.2382262429842684,0.3735755696175364,0.3059009063009024,0.3735755696175364,0.2382262429842684,0.3001508125023564,0.4520199449534366,0.3760853787278965,0.4520199449534366,0.3001508125023564,0.4575679467009633,0.637957549180827,0.5477627479408952,0.637957549180827,0.4575679467009633,0.06767466331663402,0.0,0.07593456622554012,0.0,0.09019480123993184,0.0,0.0,0.06767466331663402,0.135349326633268,1.0
50,fiqa,,117.03763551698408,rrf,0.4366785431512272,0.3600803526000908,0.6339637599138787,73,test,421,,,227,0.2382262429842684,0.3735755696175364,0.3059009063009024,0.3735755696175364,0.2382262429842684,0.3001508125023564,0.4520199449534366,0.3760853787278965,0.4520199449534366,0.3001508125023564,0.4575679467009633,0.637957549180827,0.5477627479408952,0.637957549180827,0.4575679467009633,0.054179446299188416,-0.013495217017445604,0.060593164423330736,-0.015341401802209387,0.08620101197298347,-0.003993789266948378,0.013495217017445604,0.06767466331663402,0.135349326633268,0.9002934306868685
50,fiqa,,117.03763551698408,zscore_fusion,0.4452465784413528,0.3660872569919277,0.633844995068273,73,test,421,,,227,0.2382262429842684,0.3735755696175364,0.3059009063009024,0.3735755696175364,0.2382262429842684,0.3001508125023564,0.4520199449534366,0.3760853787278965,0.4520199449534366,0.3001508125023564,0.4575679467009633,0.637957549180827,0.5477627479408952,0.637957549180827,0.4575679467009633,0.06018635069102529,-0.0074883126256087285,0.0691611997134563,-0.006773366512083823,0.08608224712737778,-0.004112554112554068,0.0074883126256087285,0.06767466331663402,0.135349326633268,0.9446741789421792
50,fiqa,,117.03763551698408,minmax_fusion,0.4493383101459111,0.3704230026318457,0.6485096257661579,73,test,421,,,227,0.2382262429842684,0.3735755696175364,0.3059009063009024,0.3735755696175364,0.2382262429842684,0.3001508125023564,0.4520199449534366,0.3760853787278965,0.4520199449534366,0.3001508125023564,0.4575679467009633,0.637957549180827,0.5477627479408952,0.637957549180827,0.4575679467009633,0.0645220963309433,-0.003152566985690719,0.07325293141801459,-0.0026816348075255347,0.1007468778252627,0.01055207658533086,0.003152566985690719,0.06767466331663402,0.135349326633268,0.9767079226464668
50,fiqa,0.9,117.03763551698408,validation_weighted_fusion,0.4826791841043622,0.3985846513226869,0.637957549180827,73,test,421,0.4640689462275365,0.3864913284785315,227,0.2382262429842684,0.3735755696175364,0.3059009063009024,0.3735755696175364,0.2382262429842684,0.3001508125023564,0.4520199449534366,0.3760853787278965,0.4520199449534366,0.3001508125023564,0.4575679467009633,0.637957549180827,0.5477627479408952,0.637957549180827,0.4575679467009633,0.0926837450217845,0.025009081705150482,0.10659380537646573,0.03065923915092561,0.09019480123993184,0.0,-0.025009081705150482,0.06767466331663402,0.135349326633268,1.1847743341414112
50,fiqa,,58.2415635972211,bm25,0.2947422991365984,0.2378872660939535,0.4416506296553802,109,test,421,,,227,0.2378872660939535,0.3589987364280363,0.2984430012609949,0.3589987364280363,0.2378872660939535,0.2947422991365984,0.432105154017268,0.3634237265769332,0.432105154017268,0.2947422991365984,0.4416506296553802,0.6298494920228888,0.5357500608391345,0.6298494920228888,0.4416506296553802,-0.06055573516704138,-0.12111147033408282,-0.06868142744033484,-0.13736285488066963,-0.09409943118375425,-0.18819886236750855,0.12111147033408282,0.060555735167041436,0.12111147033408282,0.0
50,fiqa,,58.79607191976296,dense,0.432105154017268,0.3589987364280363,0.6298494920228888,109,test,421,,,227,0.2378872660939535,0.3589987364280363,0.2984430012609949,0.3589987364280363,0.2378872660939535,0.2947422991365984,0.432105154017268,0.3634237265769332,0.432105154017268,0.2947422991365984,0.4416506296553802,0.6298494920228888,0.5357500608391345,0.6298494920228888,0.4416506296553802,0.060555735167041436,0.0,0.06868142744033479,0.0,0.0940994311837543,0.0,0.0,0.060555735167041436,0.12111147033408282,1.0
50,fiqa,,117.03763551698408,rrf,0.4197272178863628,0.3494664720708449,0.6191681108545716,109,test,421,,,227,0.2378872660939535,0.3589987364280363,0.2984430012609949,0.3589987364280363,0.2378872660939535,0.2947422991365984,0.432105154017268,0.3634237265769332,0.432105154017268,0.2947422991365984,0.4416506296553802,0.6298494920228888,0.5357500608391345,0.6298494920228888,0.4416506296553802,0.051023470809850036,-0.0095322643571914,0.056303491309429576,-0.01237793613090521,0.08341805001543712,-0.010681381168317183,0.0095322643571914,0.060555735167041436,0.12111147033408282,0.9212934635266429
50,fiqa,,117.03763551698408,zscore_fusion,0.4189147155299174,0.350130395910782,0.6190493460089659,109,test,421,,,227,0.2378872660939535,0.3589987364280363,0.2984430012609949,0.3589987364280363,0.2378872660939535,0.2947422991365984,0.432105154017268,0.3634237265769332,0.432105154017268,0.2947422991365984,0.4416506296553802,0.6298494920228888,0.5357500608391345,0.6298494920228888,0.4416506296553802,0.05168739464978711,-0.008868340517254325,0.055490988952984155,-0.01319043848735063,0.08329928516983143,-0.010800146013922873,0.008868340517254325,0.060555735167041436,0.12111147033408282,0.9267753872297047
50,fiqa,,117.03763551698408,minmax_fusion,0.4222552124571126,0.3530878565701901,0.6345453306260908,109,test,421,,,227,0.2378872660939535,0.3589987364280363,0.2984430012609949,0.3589987364280363,0.2378872660939535,0.2947422991365984,0.432105154017268,0.3634237265769332,0.432105154017268,0.2947422991365984,0.4416506296553802,0.6298494920228888,0.5357500608391345,0.6298494920228888,0.4416506296553802,0.05464485530919522,-0.0059108798578462185,0.05883148588017939,-0.009849941560155395,0.0987952697869563,0.004695838603201996,0.0059108798578462185,0.060555735167041436,0.12111147033408282,0.951194714740551
50,fiqa,0.9,117.03763551698408,validation_weighted_fusion,0.468116351845568,0.387780102784089,0.6298494920228888,109,test,421,0.4910775470246836,0.40652972026157,227,0.2378872660939535,0.3589987364280363,0.2984430012609949,0.3589987364280363,0.2378872660939535,0.2947422991365984,0.432105154017268,0.3634237265769332,0.432105154017268,0.2947422991365984,0.4416506296553802,0.6298494920228888,0.5357500608391345,0.6298494920228888,0.4416506296553802,0.0893371015230941,0.028781366356052662,0.10469262526863476,0.03601119782829998,0.0940994311837543,0.0,-0.028781366356052662,0.060555735167041436,0.12111147033408282,1.2376436044964199
50,fiqa,,58.2415635972211,bm25,0.3042906156920408,0.2399265001411457,0.4338584218631724,149,test,421,,,227,0.2399265001411457,0.3633873432638926,0.3016569217025191,0.3633873432638926,0.2399265001411457,0.3042906156920408,0.4395609471025148,0.37192578139727783,0.4395609471025148,0.3042906156920408,0.4338584218631724,0.6251959837470527,0.5295272028051126,0.6251959837470527,0.4338584218631724,-0.06173042156137343,-0.12346084312274691,-0.06763516570523703,-0.135270331410474,-0.09566878094194015,-0.19133756188388024,0.12346084312274691,0.06173042156137348,0.12346084312274691,0.0
50,fiqa,,58.79607191976296,dense,0.4395609471025148,0.3633873432638926,0.6251959837470527,149,test,421,,,227,0.2399265001411457,0.3633873432638926,0.3016569217025191,0.3633873432638926,0.2399265001411457,0.3042906156920408,0.4395609471025148,0.37192578139727783,0.4395609471025148,0.3042906156920408,0.4338584218631724,0.6251959837470527,0.5295272028051126,0.6251959837470527,0.4338584218631724,0.06173042156137348,0.0,0.06763516570523698,0.0,0.09566878094194009,0.0,0.0,0.06173042156137348,0.12346084312274691,1.0
50,fiqa,,117.03763551698408,rrf,0.4183388002865437,0.3477698086908484,0.6216358661133007,149,test,421,,,227,0.2399265001411457,0.3633873432638926,0.3016569217025191,0.3633873432638926,0.2399265001411457,0.3042906156920408,0.4395609471025148,0.37192578139727783,0.4395609471025148,0.3042906156920408,0.4338584218631724,0.6251959837470527,0.5295272028051126,0.6251959837470527,0.4338584218631724,0.04611288698832927,-0.015617534573044212,0.046413018889265856,-0.02122214681597112,0.09210866330818812,-0.003560117633751969,0.015617534573044212,0.06173042156137348,0.12346084312274691,0.8735021227943747
50,fiqa,,117.03763551698408,zscore_fusion,0.4282349281755457,0.3538822268464702,0.6212399832946152,149,test,421,,,227,0.2399265001411457,0.3633873432638926,0.3016569217025191,0.3633873432638926,0.2399265001411457,0.3042906156920408,0.4395609471025148,0.37192578139727783,0.4395609471025148,0.3042906156920408,0.4338584218631724,0.6251959837470527,0.5295272028051126,0.6251959837470527,0.4338584218631724,0.05222530514395107,-0.00950511641742241,0.05630914677826787,-0.011326018926969106,0.0917127804895026,-0.003956000452437491,0.00950511641742241,0.06173042156137348,0.12346084312274691,0.9230110845106391
50,fiqa,,117.03763551698408,minmax_fusion,0.4294122082720658,0.3556003851556102,0.6263977708752057,149,test,421,,,227,0.2399265001411457,0.3633873432638926,0.3016569217025191,0.3633873432638926,0.2399265001411457,0.3042906156920408,0.4395609471025148,0.37192578139727783,0.4395609471025148,0.3042906156920408,0.4338584218631724,0.6251959837470527,0.5295272028051126,0.6251959837470527,0.4338584218631724,0.05394346345309109,-0.0077869581082823935,0.057486426874787944,-0.010148738830449033,0.09687056807009309,0.001201787128152998,0.0077869581082823935,0.06173042156137348,0.12346084312274691,0.936927709941682
50,fiqa,0.9,117.03763551698408,validation_weighted_fusion,0.4702418655506541,0.385441484056399,0.6251959837470527,149,test,421,0.4871355149989511,0.4108669823071976,227,0.2399265001411457,0.3633873432638926,0.3016569217025191,0.3633873432638926,0.2399265001411457,0.3042906156920408,0.4395609471025148,0.37192578139727783,0.4395609471025148,0.3042906156920408,0.4338584218631724,0.6251959837470527,0.5295272028051126,0.6251959837470527,0.4338584218631724,0.08378456235387988,0.022054140792506394,0.09831608415337628,0.030680918448139305,0.09566878094194009,0.0,-0.022054140792506394,0.06173042156137348,0.12346084312274691,1.1786326760346175
50,fiqa,,58.2415635972211,bm25,0.3073596501149945,0.2467547730337142,0.4635655714040512,181,test,421,,,227,0.2467547730337142,0.3879548821850587,0.31735482760938644,0.3879548821850587,0.2467547730337142,0.3073596501149945,0.4607812087622063,0.38407042943860037,0.4607812087622063,0.3073596501149945,0.4635655714040512,0.6461655196215766,0.554865545512814,0.6461655196215766,0.4635655714040512,-0.07060005457567223,-0.14120010915134448,-0.07671077932360587,-0.1534215586472118,-0.09129997410876278,-0.18259994821752545,0.14120010915134448,0.07060005457567226,0.14120010915134448,0.0
50,fiqa,,58.79607191976296,dense,0.4607812087622063,0.3879548821850587,0.6461655196215766,181,test,421,,,227,0.2467547730337142,0.3879548821850587,0.31735482760938644,0.3879548821850587,0.2467547730337142,0.3073596501149945,0.4607812087622063,0.38407042943860037,0.4607812087622063,0.3073596501149945,0.4635655714040512,0.6461655196215766,0.554865545512814,0.6461655196215766,0.4635655714040512,0.07060005457567226,0.0,0.07671077932360593,0.0,0.09129997410876267,0.0,0.0,0.07060005457567226,0.14120010915134448,1.0
50,fiqa,,117.03763551698408,rrf,0.4506701730573464,0.3739967476834558,0.6367415376916564,181,test,421,,,227,0.2467547730337142,0.3879548821850587,0.31735482760938644,0.3879548821850587,0.2467547730337142,0.3073596501149945,0.4607812087622063,0.38407042943860037,0.4607812087622063,0.3073596501149945,0.4635655714040512,0.6461655196215766,0.554865545512814,0.6461655196215766,0.4635655714040512,0.056641920074069374,-0.013958134501602881,0.06659974361874604,-0.010111035704859883,0.08187599217884245,-0.009423981929920222,0.013958134501602881,0.07060005457567226,0.14120010915134448,0.9011464326373718
50,fiqa,,117.03763551698408,zscore_fusion,0.4485097839610903,0.3732335246867667,0.6388001283488219,181,test,421,,,227,0.2467547730337142,0.3879548821850587,0.31735482760938644,0.3879548821850587,0.2467547730337142,0.3073596501149945,0.4607812087622063,0.38407042943860037,0.4607812087622063,0.3073596501149945,0.4635655714040512,0.6461655196215766,0.554865545512814,0.6461655196215766,0.4635655714040512,0.055878697077380246,-0.01472135749829201,0.06443935452248994,-0.012271424801115982,0.08393458283600796,-0.007365391272754707,0.01472135749829201,0.07060005457567226,0.14120010915134448,0.8957411747995675
50,fiqa,,117.03763551698408,minmax_fusion,0.44882271990348,0.3763875916363363,0.6487311316289938,181,test,421,,,227,0.2467547730337142,0.3879548821850587,0.31735482760938644,0.3879548821850587,0.2467547730337142,0.3073596501149945,0.4607812087622063,0.38407042943860037,0.4607812087622063,0.3073596501149945,0.4635655714040512,0.6461655196215766,0.554865545512814,0.6461655196215766,0.4635655714040512,0.05903276402694985,-0.011567290548722409,0.06475229046487962,-0.011958488858726302,0.09386558611617979,0.0025656120074171174,0.011567290548722409,0.07060005457567226,0.14120010915134448,0.9180787421607155
50,fiqa,0.9,117.03763551698408,validation_weighted_fusion,0.4984192964596765,0.4187203895217041,0.6461655196215766,181,test,421,0.434876931683099,0.3491470739332176,227,0.2467547730337142,0.3879548821850587,0.31735482760938644,0.3879548821850587,0.2467547730337142,0.3073596501149945,0.4607812087622063,0.38407042943860037,0.4607812087622063,0.3073596501149945,0.4635655714040512,0.6461655196215766,0.554865545512814,0.6461655196215766,0.4635655714040512,0.10136556191231766,0.030765507336645403,0.1143488670210761,0.03763808769747018,0.09129997410876267,0.0,-0.030765507336645403,0.07060005457567226,0.14120010915134448,1.2178858608648069
100,fiqa,,58.2415635972211,bm25,0.2884826377106662,0.2316312780422893,0.4992054791342202,19,test,421,,,227,0.2316312780422893,0.3595167512058867,0.295574014624088,0.3595167512058867,0.2316312780422893,0.2884826377106662,0.4268634769822418,0.357673057346454,0.4268634769822418,0.2884826377106662,0.4992054791342202,0.7010460442170656,0.6001257616756429,0.7010460442170656,0.4992054791342202,-0.06394273658179869,-0.1278854731635974,-0.06919041963578781,-0.13838083927157563,-0.10092028254142271,-0.20184056508284542,0.1278854731635974,0.06394273658179872,0.1278854731635974,0.0
100,fiqa,,58.79607191976296,dense,0.4268634769822418,0.3595167512058867,0.7010460442170656,19,test,421,,,227,0.2316312780422893,0.3595167512058867,0.295574014624088,0.3595167512058867,0.2316312780422893,0.2884826377106662,0.4268634769822418,0.357673057346454,0.4268634769822418,0.2884826377106662,0.4992054791342202,0.7010460442170656,0.6001257616756429,0.7010460442170656,0.4992054791342202,0.06394273658179872,0.0,0.06919041963578781,0.0,0.10092028254142271,0.0,0.0,0.06394273658179872,0.1278854731635974,1.0
100,fiqa,,117.03763551698408,rrf,0.4050663575010368,0.337245809383683,0.6990696028700779,19,test,421,,,227,0.2316312780422893,0.3595167512058867,0.295574014624088,0.3595167512058867,0.2316312780422893,0.2884826377106662,0.4268634769822418,0.357673057346454,0.4268634769822418,0.2884826377106662,0.4992054791342202,0.7010460442170656,0.6001257616756429,0.7010460442170656,0.4992054791342202,0.04167179475959498,-0.022270941822203738,0.04739330015458282,-0.021797119481204996,0.098943841194435,-0.001976441346987712,0.022270941822203738,0.06394273658179872,0.1278854731635974,0.8258524500768462
100,fiqa,,117.03763551698408,zscore_fusion,0.4130207744221996,0.3413201446806576,0.7029718763685509,19,test,421,,,227,0.2316312780422893,0.3595167512058867,0.295574014624088,0.3595167512058867,0.2316312780422893,0.2884826377106662,0.4268634769822418,0.357673057346454,0.4268634769822418,0.2884826377106662,0.4992054791342202,0.7010460442170656,0.6001257616756429,0.7010460442170656,0.4992054791342202,0.04574613005656958,-0.018196606525229142,0.055347717075745595,-0.01384270256004222,0.10284611469290794,0.0019258321514852295,0.018196606525229142,0.06394273658179872,0.1278854731635974,0.8577117003590302
100,fiqa,,117.03763551698408,minmax_fusion,0.4156533951664593,0.3446791572131878,0.7110590517953939,19,test,421,,,227,0.2316312780422893,0.3595167512058867,0.295574014624088,0.3595167512058867,0.2316312780422893,0.2884826377106662,0.4268634769822418,0.357673057346454,0.4268634769822418,0.2884826377106662,0.4992054791342202,0.7010460442170656,0.6001257616756429,0.7010460442170656,0.4992054791342202,0.049105142589099815,-0.014837593992698905,0.057980337820005334,-0.01121008181578248,0.11093329011975095,0.010013007578328237,0.014837593992698905,0.06394273658179872,0.1278854731635974,0.8839774868431075
100,fiqa,0.9,117.03763551698408,validation_weighted_fusion,0.464234815066169,0.3848798538020429,0.7010460442170656,19,test,421,0.4990210474791972,0.4126354002751017,227,0.2316312780422893,0.3595167512058867,0.295574014624088,0.3595167512058867,0.2316312780422893,0.2884826377106662,0.4268634769822418,0.357673057346454,0.4268634769822418,0.2884826377106662,0.4992054791342202,0.7010460442170656,0.6001257616756429,0.7010460442170656,0.4992054791342202,0.08930583917795493,0.025363102596156206,0.10656175771971499,0.037371338083927175,0.10092028254142271,0.0,-0.025363102596156206,0.06394273658179872,0.1278854731635974,1.19832669003547
100,fiqa,,58.2415635972211,bm25,0.2704322663348791,0.2148998425058339,0.5015204510453917,31,test,421,,,227,0.2148998425058339,0.3522349211580418,0.28356738183193786,0.3522349211580418,0.2148998425058339,0.2704322663348791,0.4317686536213852,0.35110045997813216,0.4317686536213852,0.2704322663348791,0.5015204510453917,0.6908105881977616,0.5961655196215767,0.6908105881977616,0.5015204510453917,-0.06866753932610395,-0.13733507865220787,-0.08066819364325306,-0.16133638728650612,-0.09464506857618504,-0.18929013715236997,0.13733507865220787,0.06866753932610392,0.13733507865220787,0.0
100,fiqa,,58.79607191976296,dense,0.4317686536213852,0.3522349211580418,0.6908105881977616,31,test,421,,,227,0.2148998425058339,0.3522349211580418,0.28356738183193786,0.3522349211580418,0.2148998425058339,0.2704322663348791,0.4317686536213852,0.35110045997813216,0.4317686536213852,0.2704322663348791,0.5015204510453917,0.6908105881977616,0.5961655196215767,0.6908105881977616,0.5015204510453917,0.06866753932610392,0.0,0.08066819364325306,0.0,0.09464506857618493,0.0,0.0,0.06866753932610392,0.13733507865220787,1.0
100,fiqa,,117.03763551698408,rrf,0.401357312521208,0.331052952561167,0.6769859396343957,31,test,421,,,227,0.2148998425058339,0.3522349211580418,0.28356738183193786,0.3522349211580418,0.2148998425058339,0.2704322663348791,0.4317686536213852,0.35110045997813216,0.4317686536213852,0.2704322663348791,0.5015204510453917,0.6908105881977616,0.5961655196215767,0.6908105881977616,0.5015204510453917,0.047485570729229154,-0.021181968596874767,0.050256852543075825,-0.030411341100177236,0.08082042001281897,-0.01382464856336596,0.021181968596874767,0.06866753932610392,0.13733507865220787,0.8457643247103915
100,fiqa,,117.03763551698408,zscore_fusion,0.4032811145043924,0.3316390185191346,0.6813180287645846,31,test,421,,,227,0.2148998425058339,0.3522349211580418,0.28356738183193786,0.3522349211580418,0.2148998425058339,0.2704322663348791,0.4317686536213852,0.35110045997813216,0.4317686536213852,0.2704322663348791,0.5015204510453917,0.6908105881977616,0.5961655196215767,0.6908105881977616,0.5015204510453917,0.04807163668719672,-0.020595902638907204,0.05218065452626025,-0.02848753911699281,0.08515250914300787,-0.009492559433177061,0.020595902638907204,0.06866753932610392,0.13733507865220787,0.8500317410450903
100,fiqa,,117.03763551698408,minmax_fusion,0.4089130188892659,0.3357388768763732,0.6962143886728209,31,test,421,,,227,0.2148998425058339,0.3522349211580418,0.28356738183193786,0.3522349211580418,0.2148998425058339,0.2704322663348791,0.4317686536213852,0.35110045997813216,0.4317686536213852,0.2704322663348791,0.5015204510453917,0.6908105881977616,0.5961655196215767,0.6908105881977616,0.5015204510453917,0.052171495044435356,-0.016496044281668565,0.05781255891113374,-0.022855634732119323,0.10004886905124422,0.005403800475059284,0.016496044281668565,0.06866753932610392,0.13733507865220787,0.8798846992075221
100,fiqa,0.9,117.03763551698408,validation_weighted_fusion,0.4605549900086717,0.3796162275164316,0.6908105881977616,31,test,421,0.5058457450527936,0.4223974560735262,227,0.2148998425058339,0.3522349211580418,0.28356738183193786,0.3522349211580418,0.2148998425058339,0.2704322663348791,0.4317686536213852,0.35110045997813216,0.4317686536213852,0.2704322663348791,0.5015204510453917,0.6908105881977616,0.5961655196215767,0.6908105881977616,0.5015204510453917,0.09604884568449373,0.027381306358389812,0.10945453003053957,0.028786336387286504,0.09464506857618493,0.0,-0.027381306358389812,0.06866753932610392,0.13733507865220787,1.1993759105620143
100,fiqa,,58.2415635972211,bm25,0.2907033518078649,0.2317248241095988,0.5036129745155874,47,test,421,,,227,0.2317248241095988,0.3586785795998359,0.29520170185471734,0.3586785795998359,0.2317248241095988,0.2907033518078649,0.438819138106549,0.36476124495720696,0.438819138106549,0.2907033518078649,0.5036129745155874,0.703644732148295,0.6036288533319412,0.703644732148295,0.5036129745155874,-0.06347687774511854,-0.1269537554902371,-0.07405789314934208,-0.1481157862986841,-0.10001587881635376,-0.20003175763270764,0.1269537554902371,0.06347687774511857,0.1269537554902371,0.0
100,fiqa,,58.79607191976296,dense,0.438819138106549,0.3586785795998359,0.703644732148295,47,test,421,,,227,0.2317248241095988,0.3586785795998359,0.29520170185471734,0.3586785795998359,0.2317248241095988,0.2907033518078649,0.438819138106549,0.36476124495720696,0.438819138106549,0.2907033518078649,0.5036129745155874,0.703644732148295,0.6036288533319412,0.703644732148295,0.5036129745155874,0.06347687774511857,0.0,0.07405789314934202,0.0,0.10001587881635388,0.0,0.0,0.06347687774511857,0.1269537554902371,1.0
100,fiqa,,117.03763551698408,rrf,0.4143224748331636,0.3426446249076231,0.6908691730544462,47,test,421,,,227,0.2317248241095988,0.3586785795998359,0.29520170185471734,0.3586785795998359,0.2317248241095988,0.2907033518078649,0.438819138106549,0.36476124495720696,0.438819138106549,0.2907033518078649,0.5036129745155874,0.703644732148295,0.6036288533319412,0.703644732148295,0.5036129745155874,0.04744292305290576,-0.016033954692212804,0.049561229875956625,-0.0244966632733854,0.08724031972250501,-0.012775559093848865,0.016033954692212804,0.06347687774511857,0.1269537554902371,0.8737023995052605
100,fiqa,,117.03763551698408,zscore_fusion,0.4213654186932096,0.3454767967127553,0.6950824973390294,47,test,421,,,227,0.2317248241095988,0.3586785795998359,0.29520170185471734,0.3586785795998359,0.2317248241095988,0.2907033518078649,0.438819138106549,0.36476124495720696,0.438819138106549,0.2907033518078649,0.5036129745155874,0.703644732148295,0.6036288533319412,0.703644732148295,0.5036129745155874,0.05027509485803794,-0.013201782887080626,0.05660417373600263,-0.017453719413339397,0.09145364400708822,-0.008562234809265656,0.013201782887080626,0.06347687774511857,0.1269537554902371,0.8960110881627613
100,fiqa,,117.03763551698408,minmax_fusion,0.4270802699543792,0.350747642189936,0.7067099962586898,47,test,421,,,227,0.2317248241095988,0.3586785795998359,0.29520170185471734,0.3586785795998359,0.2317248241095988,0.2907033518078649,0.438819138106549,0.36476124495720696,0.438819138106549,0.2907033518078649,0.5036129745155874,0.703644732148295,0.6036288533319412,0.703644732148295,0.5036129745155874,0.055545940335218646,-0.007930937409899919,0.062319024997172234,-0.01173886815216979,0.10308114292674864,0.003065264110394761,0.007930937409899919,0.06347687774511857,0.1269537554902371,0.9375289263458628
100,fiqa,0.9,117.03763551698408,validation_weighted_fusion,0.4682426573162915,0.3860538007470536,0.703644732148295,47,test,421,0.4915880008391022,0.4104581682757646,227,0.2317248241095988,0.3586785795998359,0.29520170185471734,0.3586785795998359,0.2317248241095988,0.2907033518078649,0.438819138106549,0.36476124495720696,0.438819138106549,0.2907033518078649,0.5036129745155874,0.703644732148295,0.6036288533319412,0.703644732148295,0.5036129745155874,0.09085209889233625,0.027375221147217688,0.10348141235908453,0.02942351920974251,0.10001587881635388,0.0,-0.027375221147217688,0.06347687774511857,0.1269537554902371,1.215631440294989
100,fiqa,,58.2415635972211,bm25,0.3001508125023564,0.2382262429842684,0.5136599149069457,73,test,421,,,227,0.2382262429842684,0.3735755696175364,0.3059009063009024,0.3735755696175364,0.2382262429842684,0.3001508125023564,0.4520199449534366,0.3760853787278965,0.4520199449534366,0.3001508125023564,0.5136599149069457,0.7102474920170883,0.611953703462017,0.7102474920170883,0.5136599149069457,-0.06767466331663399,-0.135349326633268,-0.07593456622554007,-0.1518691324510802,-0.09829378855507132,-0.19658757711014252,0.135349326633268,0.06767466331663402,0.135349326633268,0.0
100,fiqa,,58.79607191976296,dense,0.4520199449534366,0.3735755696175364,0.7102474920170883,73,test,421,,,227,0.2382262429842684,0.3735755696175364,0.3059009063009024,0.3735755696175364,0.2382262429842684,0.3001508125023564,0.4520199449534366,0.3760853787278965,0.4520199449534366,0.3001508125023564,0.5136599149069457,0.7102474920170883,0.611953703462017,0.7102474920170883,0.5136599149069457,0.06767466331663402,0.0,0.07593456622554012,0.0,0.0982937885550712,0.0,0.0,0.06767466331663402,0.135349326633268,1.0
100,fiqa,,117.03763551698408,rrf,0.4356407646193869,0.3571181764672552,0.7042339884976464,73,test,421,,,227,0.2382262429842684,0.3735755696175364,0.3059009063009024,0.3735755696175364,0.2382262429842684,0.3001508125023564,0.4520199449534366,0.3760853787278965,0.4520199449534366,0.3001508125023564,0.5136599149069457,0.7102474920170883,0.611953703462017,0.7102474920170883,0.5136599149069457,0.0512172701663528,-0.01645739315028122,0.0595553858914904,-0.016379180334049726,0.09228028503562935,-0.006013503519441854,0.01645739315028122,0.06767466331663402,0.135349326633268,0.8784080160600068
100,fiqa,,117.03763551698408,zscore_fusion,0.4419739471402179,0.3606721471209442,0.7084303463757146,73,test,421,,,227,0.2382262429842684,0.3735755696175364,0.3059009063009024,0.3735755696175364,0.2382262429842684,0.3001508125023564,0.4520199449534366,0.3760853787278965,0.4520199449534366,0.3001508125023564,0.5136599149069457,0.7102474920170883,0.611953703462017,0.7102474920170883,0.5136599149069457,0.05477124082004181,-0.01290342249659221,0.06588856841232144,-0.010045997813218688,0.09647664291369751,-0.0018171456413736964,0.01290342249659221,0.06767466331663402,0.135349326633268,0.9046657798929852
100,fiqa,,117.03763551698408,minmax_fusion,0.4447931983561437,0.3635287323088227,0.7160302089043182,73,test,421,,,227,0.2382262429842684,0.3735755696175364,0.3059009063009024,0.3735755696175364,0.2382262429842684,0.3001508125023564,0.4520199449534366,0.3760853787278965,0.4520199449534366,0.3001508125023564,0.5136599149069457,0.7102474920170883,0.611953703462017,0.7102474920170883,0.5136599149069457,0.057627826007920324,-0.010046837308713696,0.06870781962824724,-0.007226746597292888,0.10407650544230118,0.005782716887229977,0.010046837308713696,0.06767466331663402,0.135349326633268,0.9257710580567879
100,fiqa,0.9,117.03763551698408,validation_weighted_fusion,0.4811880254873129,0.3950088733188751,0.7102474920170883,73,test,421,0.4675791902664149,0.3938498618760429,227,0.2382262429842684,0.3735755696175364,0.3059009063009024,0.3735755696175364,0.2382262429842684,0.3001508125023564,0.4520199449534366,0.3760853787278965,0.4520199449534366,0.3001508125023564,0.5136599149069457,0.7102474920170883,0.611953703462017,0.7102474920170883,0.5136599149069457,0.08910796701797269,0.02143330370133867,0.10510264675941638,0.02916808053387626,0.0982937885550712,0.0,-0.02143330370133867,0.06767466331663402,0.135349326633268,1.158355451293915
100,fiqa,,58.2415635972211,bm25,0.2947422991365984,0.2378872660939535,0.508918746864115,109,test,421,,,227,0.2378872660939535,0.3589987364280363,0.2984430012609949,0.3589987364280363,0.2378872660939535,0.2947422991365984,0.432105154017268,0.3634237265769332,0.432105154017268,0.2947422991365984,0.508918746864115,0.7077468322123904,0.6083327895382526,0.7077468322123904,0.508918746864115,-0.06055573516704138,-0.12111147033408282,-0.06868142744033484,-0.13736285488066963,-0.09941404267413767,-0.19882808534827545,0.12111147033408282,0.060555735167041436,0.12111147033408282,0.0
100,fiqa,,58.79607191976296,dense,0.432105154017268,0.3589987364280363,0.7077468322123904,109,test,421,,,227,0.2378872660939535,0.3589987364280363,0.2984430012609949,0.3589987364280363,0.2378872660939535,0.2947422991365984,0.432105154017268,0.3634237265769332,0.432105154017268,0.2947422991365984,0.508918746864115,0.7077468322123904,0.6083327895382526,0.7077468322123904,0.508918746864115,0.060555735167041436,0.0,0.06868142744033479,0.0,0.09941404267413778,0.0,0.0,0.060555735167041436,0.12111147033408282,1.0
100,fiqa,,117.03763551698408,rrf,0.4180305772348527,0.3457715659936848,0.6954604711730602,109,test,421,,,227,0.2378872660939535,0.3589987364280363,0.2984430012609949,0.3589987364280363,0.2378872660939535,0.2947422991365984,0.432105154017268,0.3634237265769332,0.432105154017268,0.2947422991365984,0.508918746864115,0.7077468322123904,0.6083327895382526,0.7077468322123904,0.508918746864115,0.047328564732689926,-0.01322717043435151,0.05460685065791948,-0.014074576782415305,0.08712768163480755,-0.01228636103933023,0.01322717043435151,0.060555735167041436,0.12111147033408282,0.890785155213914
100,fiqa,,117.03763551698408,zscore_fusion,0.4155421709459714,0.3449040697162214,0.6995154423301692,109,test,421,,,227,0.2378872660939535,0.3589987364280363,0.2984430012609949,0.3589987364280363,0.2378872660939535,0.2947422991365984,0.432105154017268,0.3634237265769332,0.432105154017268,0.2947422991365984,0.508918746864115,0.7077468322123904,0.6083327895382526,0.7077468322123904,0.508918746864115,0.04646106845522652,-0.014094666711814918,0.052118444369038175,-0.01656298307129661,0.09118265279191651,-0.008231389882221274,0.014094666711814918,0.060555735167041436,0.12111147033408282,0.8836223631590373
100,fiqa,,117.03763551698408,minmax_fusion,0.4197630358556724,0.3484501992477502,0.7083972111288025,109,test,421,,,227,0.2378872660939535,0.3589987364280363,0.2984430012609949,0.3589987364280363,0.2378872660939535,0.2947422991365984,0.432105154017268,0.3634237265769332,0.432105154017268,0.2947422991365984,0.508918746864115,0.7077468322123904,0.6083327895382526,0.7077468322123904,0.508918746864115,0.05000719798675535,-0.010548537180286088,0.05633930927873915,-0.012342118161595639,0.10006442159054985,0.0006503789164120644,0.010548537180286088,0.060555735167041436,0.12111147033408282,0.9129022449220687
100,fiqa,0.9,117.03763551698408,validation_weighted_fusion,0.4704954190702409,0.3893619751391013,0.7077468322123904,109,test,421,0.4874099713306761,0.4043227435222312,227,0.2378872660939535,0.3589987364280363,0.2984430012609949,0.3589987364280363,0.2378872660939535,0.2947422991365984,0.432105154017268,0.3634237265769332,0.432105154017268,0.2947422991365984,0.508918746864115,0.7077468322123904,0.6083327895382526,0.7077468322123904,0.508918746864115,0.09091897387810643,0.030363238711065,0.10707169249330767,0.03839026505297288,0.09941404267413778,0.0,-0.030363238711065,0.060555735167041436,0.12111147033408282,1.2507048971274877
100,fiqa,,58.2415635972211,bm25,0.3042906156920408,0.2399265001411457,0.4933539540427901,149,test,421,,,227,0.2399265001411457,0.3633873432638926,0.3016569217025191,0.3633873432638926,0.2399265001411457,0.3042906156920408,0.4395609471025148,0.37192578139727783,0.4395609471025148,0.3042906156920408,0.4933539540427901,0.6973304011902586,0.5953421776165243,0.6973304011902586,0.4933539540427901,-0.06173042156137343,-0.12346084312274691,-0.06763516570523703,-0.135270331410474,-0.10198822357373422,-0.2039764471474685,0.12346084312274691,0.06173042156137348,0.12346084312274691,0.0
100,fiqa,,58.79607191976296,dense,0.4395609471025148,0.3633873432638926,0.6973304011902586,149,test,421,,,227,0.2399265001411457,0.3633873432638926,0.3016569217025191,0.3633873432638926,0.2399265001411457,0.3042906156920408,0.4395609471025148,0.37192578139727783,0.4395609471025148,0.3042906156920408,0.4933539540427901,0.6973304011902586,0.5953421776165243,0.6973304011902586,0.4933539540427901,0.06173042156137348,0.0,0.06763516570523698,0.0,0.10198822357373427,0.0,0.0,0.06173042156137348,0.12346084312274691,1.0
100,fiqa,,117.03763551698408,rrf,0.4152169814877653,0.3421289845073226,0.6848329026476295,149,test,421,,,227,0.2399265001411457,0.3633873432638926,0.3016569217025191,0.3633873432638926,0.2399265001411457,0.3042906156920408,0.4395609471025148,0.37192578139727783,0.4395609471025148,0.3042906156920408,0.4933539540427901,0.6973304011902586,0.5953421776165243,0.6973304011902586,0.4933539540427901,0.04047206280480348,-0.021258358756570006,0.04329120009048748,-0.024343965614749496,0.08949072503110522,-0.012497498542629049,0.021258358756570006,0.06173042156137348,0.12346084312274691,0.8278129468512168
100,fiqa,,117.03763551698408,zscore_fusion,0.4247096859329638,0.3473291553313959,0.688141351918074,149,test,421,,,227,0.2399265001411457,0.3633873432638926,0.3016569217025191,0.3633873432638926,0.2399265001411457,0.3042906156920408,0.4395609471025148,0.37192578139727783,0.4395609471025148,0.3042906156920408,0.4933539540427901,0.6973304011902586,0.5953421776165243,0.6973304011902586,0.4933539540427901,0.04567223362887679,-0.016058187932496693,0.05278390453568599,-0.014851261169550989,0.09279917430154971,-0.009189049272184557,0.016058187932496693,0.06173042156137348,0.12346084312274691,0.8699329477563071
100,fiqa,,117.03763551698408,minmax_fusion,0.4271405949553218,0.3504639896438982,0.7029717313565294,149,test,421,,,227,0.2399265001411457,0.3633873432638926,0.3016569217025191,0.3633873432638926,0.2399265001411457,0.3042906156920408,0.4395609471025148,0.37192578139727783,0.4395609471025148,0.3042906156920408,0.4933539540427901,0.6973304011902586,0.5953421776165243,0.6973304011902586,0.4933539540427901,0.04880706794137907,-0.012923353619994415,0.055214813558043974,-0.012420352147193003,0.10762955374000505,0.005641330166270775,0.012923353619994415,0.06173042156137348,0.12346084312274691,0.895324272108317
100,fiqa,0.9,117.03763551698408,validation_weighted_fusion,0.4688657014666516,0.3836605041545634,0.6973304011902586,149,test,421,0.4904324872386546,0.4148968372865064,227,0.2399265001411457,0.3633873432638926,0.3016569217025191,0.3633873432638926,0.2399265001411457,0.3042906156920408,0.4395609471025148,0.37192578139727783,0.4395609471025148,0.3042906156920408,0.4933539540427901,0.6973304011902586,0.5953421776165243,0.6973304011902586,0.4933539540427901,0.08200358245204425,0.02027316089067077,0.09693992006937374,0.029304754364136765,0.10198822357373427,0.0,-0.02027316089067077,0.06173042156137348,0.12346084312274691,1.164207212407539
100,fiqa,,58.2415635972211,bm25,0.3073596501149945,0.2467547730337142,0.5164376926847235,181,test,421,,,227,0.2467547730337142,0.3879548821850587,0.31735482760938644,0.3879548821850587,0.2467547730337142,0.3073596501149945,0.4607812087622063,0.38407042943860037,0.4607812087622063,0.3073596501149945,0.5164376926847235,0.7158916499177782,0.6161646713012509,0.7158916499177782,0.5164376926847235,-0.07060005457567223,-0.14120010915134448,-0.07671077932360587,-0.1534215586472118,-0.09972697861652735,-0.1994539572330547,0.14120010915134448,0.07060005457567226,0.14120010915134448,0.0
100,fiqa,,58.79607191976296,dense,0.4607812087622063,0.3879548821850587,0.7158916499177782,181,test,421,,,227,0.2467547730337142,0.3879548821850587,0.31735482760938644,0.3879548821850587,0.2467547730337142,0.3073596501149945,0.4607812087622063,0.38407042943860037,0.4607812087622063,0.3073596501149945,0.5164376926847235,0.7158916499177782,0.6161646713012509,0.7158916499177782,0.5164376926847235,0.07060005457567226,0.0,0.07671077932360593,0.0,0.09972697861652735,0.0,0.0,0.07060005457567226,0.14120010915134448,1.0
100,fiqa,,117.03763551698408,rrf,0.448375937865249,0.3683734295765161,0.7023544876870292,181,test,421,,,227,0.2467547730337142,0.3879548821850587,0.31735482760938644,0.3879548821850587,0.2467547730337142,0.3073596501149945,0.4607812087622063,0.38407042943860037,0.4607812087622063,0.3073596501149945,0.5164376926847235,0.7158916499177782,0.6161646713012509,0.7158916499177782,0.5164376926847235,0.05101860196712965,-0.019581452608542604,0.06430550842664862,-0.01240527089695731,0.08618981638577838,-0.013537162230748967,0.019581452608542604,0.07060005457567226,0.14120010915134448,0.8613212643656363
100,fiqa,,117.03763551698408,zscore_fusion,0.4420088225313878,0.3651907638114794,0.7049277260084861,181,test,421,,,227,0.2467547730337142,0.3879548821850587,0.31735482760938644,0.3879548821850587,0.2467547730337142,0.3073596501149945,0.4607812087622063,0.38407042943860037,0.4607812087622063,0.3073596501149945,0.5164376926847235,0.7158916499177782,0.6161646713012509,0.7158916499177782,0.5164376926847235,0.04783593620209298,-0.02276411837357928,0.05793839309278742,-0.018772386230818505,0.08876305470723522,-0.010963923909292128,0.02276411837357928,0.07060005457567226,0.14120010915134448,0.8387811559750304
100,fiqa,,117.03763551698408,minmax_fusion,0.443826113184783,0.3687675094615945,0.7204273359261483,181,test,421,,,227,0.2467547730337142,0.3879548821850587,0.31735482760938644,0.3879548821850587,0.2467547730337142,0.3073596501149945,0.4607812087622063,0.38407042943860037,0.4607812087622063,0.3073596501149945,0.5164376926847235,0.7158916499177782,0.6161646713012509,0.7158916499177782,0.5164376926847235,0.05141268185220804,-0.019187372723464213,0.05975568374618262,-0.016955095577423307,0.10426266462489742,0.004535686008370066,0.019187372723464213,0.07060005457567226,0.14120010915134448,0.8641121962384721
100,fiqa,0.9,117.03763551698408,validation_weighted_fusion,0.4978207593409493,0.4189413331446484,0.7158916499177782,181,test,421,0.4367316970841199,0.3494641103930008,227,0.2467547730337142,0.3879548821850587,0.31735482760938644,0.3879548821850587,0.2467547730337142,0.3073596501149945,0.4607812087622063,0.38407042943860037,0.4607812087622063,0.3073596501149945,0.5164376926847235,0.7158916499177782,0.6161646713012509,0.7158916499177782,0.5164376926847235,0.10158650553526194,0.030986450959589684,0.11375032990234896,0.03703955057874303,0.09972697861652735,0.0,-0.030986450959589684,0.07060005457567226,0.14120010915134448,1.2194506161916423
200,fiqa,,58.2415635972211,bm25,0.2884826377106662,0.2316312780422893,0.4992054791342202,19,test,421,,,227,0.2316312780422893,0.3595167512058867,0.295574014624088,0.3595167512058867,0.2316312780422893,0.2884826377106662,0.4268634769822418,0.357673057346454,0.4268634769822418,0.2884826377106662,0.4992054791342202,0.7010460442170656,0.6001257616756429,0.7010460442170656,0.4992054791342202,-0.06394273658179869,-0.1278854731635974,-0.06919041963578781,-0.13838083927157563,-0.10092028254142271,-0.20184056508284542,0.1278854731635974,0.06394273658179872,0.1278854731635974,0.0
200,fiqa,,58.79607191976296,dense,0.4268634769822418,0.3595167512058867,0.7010460442170656,19,test,421,,,227,0.2316312780422893,0.3595167512058867,0.295574014624088,0.3595167512058867,0.2316312780422893,0.2884826377106662,0.4268634769822418,0.357673057346454,0.4268634769822418,0.2884826377106662,0.4992054791342202,0.7010460442170656,0.6001257616756429,0.7010460442170656,0.4992054791342202,0.06394273658179872,0.0,0.06919041963578781,0.0,0.10092028254142271,0.0,0.0,0.06394273658179872,0.1278854731635974,1.0
200,fiqa,,117.03763551698408,rrf,0.4065273536176149,0.3403003037406071,0.692577124643633,19,test,421,,,227,0.2316312780422893,0.3595167512058867,0.295574014624088,0.3595167512058867,0.2316312780422893,0.2884826377106662,0.4268634769822418,0.357673057346454,0.4268634769822418,0.2884826377106662,0.4992054791342202,0.7010460442170656,0.6001257616756429,0.7010460442170656,0.4992054791342202,0.0447262891165191,-0.019216447465279618,0.04885429627116089,-0.020336123364626923,0.09245136296799006,-0.008468919573432654,0.019216447465279618,0.06394273658179872,0.1278854731635974,0.849737057775929
200,fiqa,,117.03763551698408,zscore_fusion,0.4137663537307243,0.3442616278769109,0.6883411784836964,19,test,421,,,227,0.2316312780422893,0.3595167512058867,0.295574014624088,0.3595167512058867,0.2316312780422893,0.2884826377106662,0.4268634769822418,0.357673057346454,0.4268634769822418,0.2884826377106662,0.4992054791342202,0.7010460442170656,0.6001257616756429,0.7010460442170656,0.4992054791342202,0.04868761325282289,-0.015255123328975828,0.0560932963842703,-0.013097123251517517,0.08821541680805345,-0.012704865733369264,0.015255123328975828,0.06394273658179872,0.1278854731635974,0.8807126176914503
200,fiqa,,117.03763551698408,minmax_fusion,0.4188063190438487,0.3493087136501892,0.6978093758972619,19,test,421,,,227,0.2316312780422893,0.3595167512058867,0.295574014624088,0.3595167512058867,0.2316312780422893,0.2884826377106662,0.4268634769822418,0.357673057346454,0.4268634769822418,0.2884826377106662,0.4992054791342202,0.7010460442170656,0.6001257616756429,0.7010460442170656,0.4992054791342202,0.053734699026101174,-0.010208037555697547,0.06113326169739469,-0.008057157938393122,0.09768361422161898,-0.003236668319803737,0.010208037555697547,0.06394273658179872,0.1278854731635974,0.9201782868438941
200,fiqa,0.9,117.03763551698408,validation_weighted_fusion,0.4680381178599706,0.3927457229935304,0.7159634308684191,19,test,421,0.5061936228235788,0.4130241602817681,227,0.2316312780422893,0.3595167512058867,0.295574014624088,0.3595167512058867,0.2316312780422893,0.2884826377106662,0.4268634769822418,0.357673057346454,0.4268634769822418,0.2884826377106662,0.4992054791342202,0.7010460442170656,0.6001257616756429,0.7010460442170656,0.4992054791342202,0.09717170836944239,0.03322897178764367,0.11036506051351663,0.04117464087772882,0.11583766919277616,0.014917386651353448,-0.03322897178764367,0.06394273658179872,0.1278854731635974,1.259833826044773
200,fiqa,,58.2415635972211,bm25,0.2704322663348791,0.2148998425058339,0.5015204510453917,31,test,421,,,227,0.2148998425058339,0.3522349211580418,0.28356738183193786,0.3522349211580418,0.2148998425058339,0.2704322663348791,0.4317686536213852,0.35110045997813216,0.4317686536213852,0.2704322663348791,0.5015204510453917,0.6908105881977616,0.5961655196215767,0.6908105881977616,0.5015204510453917,-0.06866753932610395,-0.13733507865220787,-0.08066819364325306,-0.16133638728650612,-0.09464506857618504,-0.18929013715236997,0.13733507865220787,0.06866753932610392,0.13733507865220787,0.0
200,fiqa,,58.79607191976296,dense,0.4317686536213852,0.3522349211580418,0.6908105881977616,31,test,421,,,227,0.2148998425058339,0.3522349211580418,0.28356738183193786,0.3522349211580418,0.2148998425058339,0.2704322663348791,0.4317686536213852,0.35110045997813216,0.4317686536213852,0.2704322663348791,0.5015204510453917,0.6908105881977616,0.5961655196215767,0.6908105881977616,0.5015204510453917,0.06866753932610392,0.0,0.08066819364325306,0.0,0.09464506857618493,0.0,0.0,0.06866753932610392,0.13733507865220787,1.0
200,fiqa,,117.03763551698408,rrf,0.4019351129208611,0.3321883858309541,0.6760131989941967,31,test,421,,,227,0.2148998425058339,0.3522349211580418,0.28356738183193786,0.3522349211580418,0.2148998425058339,0.2704322663348791,0.4317686536213852,0.35110045997813216,0.4317686536213852,0.2704322663348791,0.5015204510453917,0.6908105881977616,0.5961655196215767,0.6908105881977616,0.5015204510453917,0.048621003999016255,-0.020046535327087667,0.05083465294272893,-0.02983354070052413,0.07984767937261994,-0.014797389203564992,0.020046535327087667,0.06866753932610392,0.13733507865220787,0.8540319376242234
200,fiqa,,117.03763551698408,zscore_fusion,0.4038155563096181,0.3350769563517232,0.6759538165713939,31,test,421,,,227,0.2148998425058339,0.3522349211580418,0.28356738183193786,0.3522349211580418,0.2148998425058339,0.2704322663348791,0.4317686536213852,0.35110045997813216,0.4317686536213852,0.2704322663348791,0.5015204510453917,0.6908105881977616,0.5961655196215767,0.6908105881977616,0.5015204510453917,0.05150957451978533,-0.017157964806318593,0.05271509633148591,-0.02795309731176715,0.07978829694981715,-0.014856771626367782,0.017157964806318593,0.06866753932610392,0.13733507865220787,0.8750649508144236
200,fiqa,,117.03763551698408,minmax_fusion,0.4117718583870602,0.3405394237779428,0.6887446019274998,31,test,421,,,227,0.2148998425058339,0.3522349211580418,0.28356738183193786,0.3522349211580418,0.2148998425058339,0.2704322663348791,0.4317686536213852,0.35110045997813216,0.4317686536213852,0.2704322663348791,0.5015204510453917,0.6908105881977616,0.5961655196215767,0.6908105881977616,0.5015204510453917,0.056972041946004914,-0.011695497380099007,0.060671398408928046,-0.019996795234325015,0.09257908230592304,-0.002065986270261888,0.011695497380099007,0.06866753932610392,0.13733507865220787,0.9148396935810035
200,fiqa,0.9,117.03763551698408,validation_weighted_fusion,0.464861629529088,0.3842655072999437,0.7057336303179533,31,test,421,0.5120848192434095,0.4287517849822085,227,0.2148998425058339,0.3522349211580418,0.28356738183193786,0.3522349211580418,0.2148998425058339,0.2704322663348791,0.4317686536213852,0.35110045997813216,0.4317686536213852,0.2704322663348791,0.5015204510453917,0.6908105881977616,0.5961655196215767,0.6908105881977616,0.5015204510453917,0.10069812546800583,0.03203058614190191,0.11376116955095583,0.03309297590770277,0.10956811069637662,0.014923042120191687,-0.03203058614190191,0.06866753932610392,0.13733507865220787,1.2332294593358575
200,fiqa,,58.2415635972211,bm25,0.2907033518078649,0.2317248241095988,0.5036129745155874,47,test,421,,,227,0.2317248241095988,0.3586785795998359,0.29520170185471734,0.3586785795998359,0.2317248241095988,0.2907033518078649,0.438819138106549,0.36476124495720696,0.438819138106549,0.2907033518078649,0.5036129745155874,0.703644732148295,0.6036288533319412,0.703644732148295,0.5036129745155874,-0.06347687774511854,-0.1269537554902371,-0.07405789314934208,-0.1481157862986841,-0.10001587881635376,-0.20003175763270764,0.1269537554902371,0.06347687774511857,0.1269537554902371,0.0
200,fiqa,,58.79607191976296,dense,0.438819138106549,0.3586785795998359,0.703644732148295,47,test,421,,,227,0.2317248241095988,0.3586785795998359,0.29520170185471734,0.3586785795998359,0.2317248241095988,0.2907033518078649,0.438819138106549,0.36476124495720696,0.438819138106549,0.2907033518078649,0.5036129745155874,0.703644732148295,0.6036288533319412,0.703644732148295,0.5036129745155874,0.06347687774511857,0.0,0.07405789314934202,0.0,0.10001587881635388,0.0,0.0,0.06347687774511857,0.1269537554902371,1.0
200,fiqa,,117.03763551698408,rrf,0.4159823549372243,0.3465645327943085,0.6911632574340413,47,test,421,,,227,0.2317248241095988,0.3586785795998359,0.29520170185471734,0.3586785795998359,0.2317248241095988,0.2907033518078649,0.438819138106549,0.36476124495720696,0.438819138106549,0.2907033518078649,0.5036129745155874,0.703644732148295,0.6036288533319412,0.703644732148295,0.5036129745155874,0.05136283093959115,-0.012114046805527412,0.05122110998001733,-0.022836783169324693,0.08753440410210012,-0.01248147471425376,0.012114046805527412,0.06347687774511857,0.1269537554902371,0.904579059053838
200,fiqa,,117.03763551698408,zscore_fusion,0.4226963390265053,0.349920359825374,0.6875607237840018,47,test,421,,,227,0.2317248241095988,0.3586785795998359,0.29520170185471734,0.3586785795998359,0.2317248241095988,0.2907033518078649,0.438819138106549,0.36476124495720696,0.438819138106549,0.2907033518078649,0.5036129745155874,0.703644732148295,0.6036288533319412,0.703644732148295,0.5036129745155874,0.05471865797065667,-0.008758219774461895,0.05793509406929831,-0.016122799080043715,0.08393187045206063,-0.016084008364293245,0.008758219774461895,0.06347687774511857,0.1269537554902371,0.9310125191598967
200,fiqa,,117.03763551698408,minmax_fusion,0.4319232364363006,0.3563852694951845,0.7040068271659721,47,test,421,,,227,0.2317248241095988,0.3586785795998359,0.29520170185471734,0.3586785795998359,0.2317248241095988,0.2907033518078649,0.438819138106549,0.36476124495720696,0.438819138106549,0.2907033518078649,0.5036129745155874,0.703644732148295,0.6036288533319412,0.703644732148295,0.5036129745155874,0.061183567640467174,-0.0022933101046513915,0.06716199147909363,-0.006895901670248394,0.10037797383403091,0.0003620950176770332,0.0022933101046513915,0.06347687774511857,0.1269537554902371,0.9819358624264742
200,fiqa,0.9,117.03763551698408,validation_weighted_fusion,0.4729206726237605,0.3920411033672876,0.7154110800785385,47,test,421,0.4971383120061534,0.4143309658440949,227,0.2317248241095988,0.3586785795998359,0.29520170185471734,0.3586785795998359,0.2317248241095988,0.2907033518078649,0.438819138106549,0.36476124495720696,0.438819138106549,0.2907033518078649,0.5036129745155874,0.703644732148295,0.6036288533319412,0.703644732148295,0.5036129745155874,0.09683940151257026,0.03336252376745169,0.10815942766655351,0.034101534517211485,0.11178222674659732,0.011766347930243448,-0.03336252376745169,0.06347687774511857,0.1269537554902371,1.2627927282546385
200,fiqa,,58.2415635972211,bm25,0.3001508125023564,0.2382262429842684,0.5136599149069457,73,test,421,,,227,0.2382262429842684,0.3735755696175364,0.3059009063009024,0.3735755696175364,0.2382262429842684,0.3001508125023564,0.4520199449534366,0.3760853787278965,0.4520199449534366,0.3001508125023564,0.5136599149069457,0.7102474920170883,0.611953703462017,0.7102474920170883,0.5136599149069457,-0.06767466331663399,-0.135349326633268,-0.07593456622554007,-0.1518691324510802,-0.09829378855507132,-0.19658757711014252,0.135349326633268,0.06767466331663402,0.135349326633268,0.0
200,fiqa,,58.79607191976296,dense,0.4520199449534366,0.3735755696175364,0.7102474920170883,73,test,421,,,227,0.2382262429842684,0.3735755696175364,0.3059009063009024,0.3735755696175364,0.2382262429842684,0.3001508125023564,0.4520199449534366,0.3760853787278965,0.4520199449534366,0.3001508125023564,0.5136599149069457,0.7102474920170883,0.611953703462017,0.7102474920170883,0.5136599149069457,0.06767466331663402,0.0,0.07593456622554012,0.0,0.0982937885550712,0.0,0.0,0.06767466331663402,0.135349326633268,1.0
200,fiqa,,117.03763551698408,rrf,0.4357661275119707,0.3575996287902714,0.7067252225209469,73,test,421,,,227,0.2382262429842684,0.3735755696175364,0.3059009063009024,0.3735755696175364,0.2382262429842684,0.3001508125023564,0.4520199449534366,0.3760853787278965,0.4520199449534366,0.3001508125023564,0.5136599149069457,0.7102474920170883,0.611953703462017,0.7102474920170883,0.5136599149069457,0.05169872248936902,-0.015975940827265,0.0596807487840742,-0.016253817441465923,0.09477151905892989,-0.003522269496141317,0.015975940827265,0.06767466331663402,0.135349326633268,0.8819651251716075
200,fiqa,,117.03763551698408,zscore_fusion,0.4398361799193153,0.3629730535774526,0.7022715408107332,73,test,421,,,227,0.2382262429842684,0.3735755696175364,0.3059009063009024,0.3735755696175364,0.2382262429842684,0.3001508125023564,0.4520199449534366,0.3760853787278965,0.4520199449534366,0.3001508125023564,0.5136599149069457,0.7102474920170883,0.611953703462017,0.7102474920170883,0.5136599149069457,0.05707214727655019,-0.010602516040083831,0.0637508011914188,-0.01218376503412133,0.09031783734871612,-0.00797595120635508,0.010602516040083831,0.06767466331663402,0.135349326633268,0.9216655427565474
200,fiqa,,117.03763551698408,minmax_fusion,0.4472410737850168,0.3681694564280408,0.7139500839619605,73,test,421,,,227,0.2382262429842684,0.3735755696175364,0.3059009063009024,0.3735755696175364,0.2382262429842684,0.3001508125023564,0.4520199449534366,0.3760853787278965,0.4520199449534366,0.3001508125023564,0.5136599149069457,0.7102474920170883,0.611953703462017,0.7102474920170883,0.5136599149069457,0.06226855012713839,-0.005406113189495632,0.07115569505712033,-0.004778871168419796,0.10199638049994342,0.0037025919448722133,0.005406113189495632,0.06767466331663402,0.135349326633268,0.9600580710375929
200,fiqa,0.9,117.03763551698408,validation_weighted_fusion,0.4860611544697055,0.4012340245582065,0.7241016505268287,73,test,421,0.4727676386266695,0.3972815393182057,227,0.2382262429842684,0.3735755696175364,0.3059009063009024,0.3735755696175364,0.2382262429842684,0.3001508125023564,0.4520199449534366,0.3760853787278965,0.4520199449534366,0.3001508125023564,0.5136599149069457,0.7102474920170883,0.611953703462017,0.7102474920170883,0.5136599149069457,0.09533311825730412,0.027658454940670096,0.109975775741809,0.03404120951626888,0.11214794706481168,0.013854158509740477,-0.027658454940670096,0.06767466331663402,0.135349326633268,1.2043486704267934
200,fiqa,,58.2415635972211,bm25,0.2947422991365984,0.2378872660939535,0.508918746864115,109,test,421,,,227,0.2378872660939535,0.3589987364280363,0.2984430012609949,0.3589987364280363,0.2378872660939535,0.2947422991365984,0.432105154017268,0.3634237265769332,0.432105154017268,0.2947422991365984,0.508918746864115,0.7077468322123904,0.6083327895382526,0.7077468322123904,0.508918746864115,-0.06055573516704138,-0.12111147033408282,-0.06868142744033484,-0.13736285488066963,-0.09941404267413767,-0.19882808534827545,0.12111147033408282,0.060555735167041436,0.12111147033408282,0.0
200,fiqa,,58.79607191976296,dense,0.432105154017268,0.3589987364280363,0.7077468322123904,109,test,421,,,227,0.2378872660939535,0.3589987364280363,0.2984430012609949,0.3589987364280363,0.2378872660939535,0.2947422991365984,0.432105154017268,0.3634237265769332,0.432105154017268,0.2947422991365984,0.508918746864115,0.7077468322123904,0.6083327895382526,0.7077468322123904,0.508918746864115,0.060555735167041436,0.0,0.06868142744033479,0.0,0.09941404267413778,0.0,0.0,0.060555735167041436,0.12111147033408282,1.0
200,fiqa,,117.03763551698408,rrf,0.4171935678467745,0.3457113603906853,0.6981496466057037,109,test,421,,,227,0.2378872660939535,0.3589987364280363,0.2984430012609949,0.3589987364280363,0.2378872660939535,0.2947422991365984,0.432105154017268,0.3634237265769332,0.432105154017268,0.2947422991365984,0.508918746864115,0.7077468322123904,0.6083327895382526,0.7077468322123904,0.508918746864115,0.04726835912969041,-0.013287376037351029,0.0537698412698413,-0.014911586170493485,0.08981685706745102,-0.009597185606686764,0.013287376037351029,0.060555735167041436,0.12111147033408282,0.8902880462048876
200,fiqa,,117.03763551698408,zscore_fusion,0.4154158654752479,0.3461058305171021,0.6942502008416497,109,test,421,,,227,0.2378872660939535,0.3589987364280363,0.2984430012609949,0.3589987364280363,0.2378872660939535,0.2947422991365984,0.432105154017268,0.3634237265769332,0.432105154017268,0.2947422991365984,0.508918746864115,0.7077468322123904,0.6083327895382526,0.7077468322123904,0.508918746864115,0.04766282925610721,-0.012892905910934227,0.051992138898314666,-0.01668928854202012,0.08591741130339703,-0.013496631370740753,0.012892905910934227,0.060555735167041436,0.12111147033408282,0.8935451293311073
200,fiqa,,117.03763551698408,minmax_fusion,0.4218678128416845,0.3507801824001857,0.7021480630744289,109,test,421,,,227,0.2378872660939535,0.3589987364280363,0.2984430012609949,0.3589987364280363,0.2378872660939535,0.2947422991365984,0.432105154017268,0.3634237265769332,0.432105154017268,0.2947422991365984,0.508918746864115,0.7077468322123904,0.6083327895382526,0.7077468322123904,0.508918746864115,0.052337181139190836,-0.0082185540278506,0.05844408626475128,-0.010237341175583503,0.09381527353617625,-0.0055987691379615345,0.0082185540278506,0.060555735167041436,0.12111147033408282,0.9321405808617471
200,fiqa,0.9,117.03763551698408,validation_weighted_fusion,0.4723098819892168,0.3928325594132827,0.7214530059541936,109,test,421,0.4982710999230823,0.4128631112389675,227,0.2378872660939535,0.3589987364280363,0.2984430012609949,0.3589987364280363,0.2378872660939535,0.2947422991365984,0.432105154017268,0.3634237265769332,0.432105154017268,0.2947422991365984,0.508918746864115,0.7077468322123904,0.6083327895382526,0.7077468322123904,0.508918746864115,0.09438955815228783,0.0338338229852464,0.10888615541228358,0.040204727971948795,0.11312021641594094,0.013706173741803163,-0.0338338229852464,0.060555735167041436,0.12111147033408282,1.2793610125607153
200,fiqa,,58.2415635972211,bm25,0.3042906156920408,0.2399265001411457,0.4933539540427901,149,test,421,,,227,0.2399265001411457,0.3633873432638926,0.3016569217025191,0.3633873432638926,0.2399265001411457,0.3042906156920408,0.4395609471025148,0.37192578139727783,0.4395609471025148,0.3042906156920408,0.4933539540427901,0.6973304011902586,0.5953421776165243,0.6973304011902586,0.4933539540427901,-0.06173042156137343,-0.12346084312274691,-0.06763516570523703,-0.135270331410474,-0.10198822357373422,-0.2039764471474685,0.12346084312274691,0.06173042156137348,0.12346084312274691,0.0
200,fiqa,,58.79607191976296,dense,0.4395609471025148,0.3633873432638926,0.6973304011902586,149,test,421,,,227,0.2399265001411457,0.3633873432638926,0.3016569217025191,0.3633873432638926,0.2399265001411457,0.3042906156920408,0.4395609471025148,0.37192578139727783,0.4395609471025148,0.3042906156920408,0.4933539540427901,0.6973304011902586,0.5953421776165243,0.6973304011902586,0.4933539540427901,0.06173042156137348,0.0,0.06763516570523698,0.0,0.10198822357373427,0.0,0.0,0.06173042156137348,0.12346084312274691,1.0
200,fiqa,,117.03763551698408,rrf,0.4168759190136862,0.3438744437963695,0.6870894347141379,149,test,421,,,227,0.2399265001411457,0.3633873432638926,0.3016569217025191,0.3633873432638926,0.2399265001411457,0.3042906156920408,0.4395609471025148,0.37192578139727783,0.4395609471025148,0.3042906156920408,0.4933539540427901,0.6973304011902586,0.5953421776165243,0.6973304011902586,0.4933539540427901,0.04221752209385038,-0.019512899467523104,0.04495013761640837,-0.022685028088828607,0.09174725709761355,-0.010240966476120716,0.019512899467523104,0.06173042156137348,0.12346084312274691,0.8419507029599413
200,fiqa,,117.03763551698408,zscore_fusion,0.4240159484221241,0.3488673138933141,0.6831108123863469,149,test,421,,,227,0.2399265001411457,0.3633873432638926,0.3016569217025191,0.3633873432638926,0.2399265001411457,0.3042906156920408,0.4395609471025148,0.37192578139727783,0.4395609471025148,0.3042906156920408,0.4933539540427901,0.6973304011902586,0.5953421776165243,0.6973304011902586,0.4933539540427901,0.04721039219079498,-0.014520029370578502,0.05209016702484626,-0.01554499868039072,0.08776863476982255,-0.01421958880391172,0.014520029370578502,0.06173042156137348,0.12346084312274691,0.8823916230983258
200,fiqa,,117.03763551698408,minmax_fusion,0.4304019153187799,0.35275146776049,0.6918202343974316,149,test,421,,,227,0.2399265001411457,0.3633873432638926,0.3016569217025191,0.3633873432638926,0.2399265001411457,0.3042906156920408,0.4395609471025148,0.37192578139727783,0.4395609471025148,0.3042906156920408,0.4933539540427901,0.6973304011902586,0.5953421776165243,0.6973304011902586,0.4933539540427901,0.05109454605797087,-0.010635875503402614,0.05847613392150208,-0.009159031783734894,0.09647805678090726,-0.005510166792827009,0.010635875503402614,0.06173042156137348,0.12346084312274691,0.9138522365927128
200,fiqa,0.9,117.03763551698408,validation_weighted_fusion,0.4772584172227878,0.3923938880324873,0.7095557846745495,149,test,421,0.4890934200405566,0.4136766823901343,227,0.2399265001411457,0.3633873432638926,0.3016569217025191,0.3633873432638926,0.2399265001411457,0.3042906156920408,0.4395609471025148,0.37192578139727783,0.4395609471025148,0.3042906156920408,0.4933539540427901,0.6973304011902586,0.5953421776165243,0.6973304011902586,0.4933539540427901,0.0907369663299682,0.02900654476859471,0.10533263582550995,0.03769747012027297,0.11421360705802519,0.01222538348429092,-0.02900654476859471,0.06173042156137348,0.12346084312274691,1.234945299537246
200,fiqa,,58.2415635972211,bm25,0.3073596501149945,0.2467547730337142,0.5164376926847235,181,test,421,,,227,0.2467547730337142,0.3879548821850587,0.31735482760938644,0.3879548821850587,0.2467547730337142,0.3073596501149945,0.4607812087622063,0.38407042943860037,0.4607812087622063,0.3073596501149945,0.5164376926847235,0.7158916499177782,0.6161646713012509,0.7158916499177782,0.5164376926847235,-0.07060005457567223,-0.14120010915134448,-0.07671077932360587,-0.1534215586472118,-0.09972697861652735,-0.1994539572330547,0.14120010915134448,0.07060005457567226,0.14120010915134448,0.0
200,fiqa,,58.79607191976296,dense,0.4607812087622063,0.3879548821850587,0.7158916499177782,181,test,421,,,227,0.2467547730337142,0.3879548821850587,0.31735482760938644,0.3879548821850587,0.2467547730337142,0.3073596501149945,0.4607812087622063,0.38407042943860037,0.4607812087622063,0.3073596501149945,0.5164376926847235,0.7158916499177782,0.6161646713012509,0.7158916499177782,0.5164376926847235,0.07060005457567226,0.0,0.07671077932360593,0.0,0.09972697861652735,0.0,0.0,0.07060005457567226,0.14120010915134448,1.0
200,fiqa,,117.03763551698408,rrf,0.4488971835765185,0.3703727937482398,0.7094973448298865,181,test,421,,,227,0.2467547730337142,0.3879548821850587,0.31735482760938644,0.3879548821850587,0.2467547730337142,0.3073596501149945,0.4607812087622063,0.38407042943860037,0.4607812087622063,0.3073596501149945,0.5164376926847235,0.7158916499177782,0.6161646713012509,0.7158916499177782,0.5164376926847235,0.053017966138853345,-0.01758208843681891,0.06482675413791811,-0.011884025185687819,0.09333267352863561,-0.0063943050878917385,0.01758208843681891,0.07060005457567226,0.14120010915134448,0.8754810563356318
200,fiqa,,117.03763551698408,zscore_fusion,0.4389765486558835,0.3667058494644106,0.7039945736501556,181,test,421,,,227,0.2467547730337142,0.3879548821850587,0.31735482760938644,0.3879548821850587,0.2467547730337142,0.3073596501149945,0.4607812087622063,0.38407042943860037,0.4607812087622063,0.3073596501149945,0.5164376926847235,0.7158916499177782,0.6161646713012509,0.7158916499177782,0.5164376926847235,0.04935102185502416,-0.021249032720648098,0.05490611921728311,-0.021804660106322815,0.08782990234890475,-0.011897076267622597,0.021249032720648098,0.07060005457567226,0.14120010915134448,0.8495112160439448
200,fiqa,,117.03763551698408,minmax_fusion,0.4443690381932662,0.3711340295645191,0.7166496277541409,181,test,421,,,227,0.2467547730337142,0.3879548821850587,0.31735482760938644,0.3879548821850587,0.2467547730337142,0.3073596501149945,0.4607812087622063,0.38407042943860037,0.4607812087622063,0.3073596501149945,0.5164376926847235,0.7158916499177782,0.6161646713012509,0.7158916499177782,0.5164376926847235,0.05377920195513264,-0.016820852620539617,0.060298608754665806,-0.01641217056894012,0.10048495645289002,0.0007579778363626666,0.016820852620539617,0.07060005457567226,0.14120010915134448,0.8808722406686649
200,fiqa,0.9,117.03763551698408,validation_weighted_fusion,0.502288579723259,0.4235576239700039,0.7273780521405224,181,test,421,0.4426718411299909,0.3558796214663702,227,0.2467547730337142,0.3879548821850587,0.31735482760938644,0.3879548821850587,0.2467547730337142,0.3073596501149945,0.4607812087622063,0.38407042943860037,0.4607812087622063,0.3073596501149945,0.5164376926847235,0.7158916499177782,0.6161646713012509,0.7158916499177782,0.5164376926847235,0.10620279636061747,0.03560274178494521,0.11821815028465865,0.041507370961052725,0.11121338083927157,0.011486402222744219,-0.03560274178494521,0.07060005457567226,0.14120010915134448,1.2521438687188593
20,arguana,,194.6564722426848,bm25,0.2244167407175091,0.3426054923786671,0.8331503841931943,19,test,911,,,490,0.3426054923786671,0.3674339267964429,0.355019709587555,0.3674339267964429,0.3426054923786671,0.2244167407175091,0.2423928005157423,0.2334047706166257,0.2423928005157423,0.2244167407175091,0.8331503841931943,0.9012074643249176,0.867178924259056,0.9012074643249176,0.8331503841931943,-0.012414217208887912,-0.02482843441777577,-0.008988029899116595,-0.01797605979823319,-0.034028540065861645,-0.06805708013172329,0.02482843441777577,0.012414217208887857,0.02482843441777577,0.0
20,arguana,,5.835418617415995,dense,0.2423928005157423,0.3674339267964429,0.9012074643249176,19,test,911,,,490,0.3426054923786671,0.3674339267964429,0.355019709587555,0.3674339267964429,0.3426054923786671,0.2244167407175091,0.2423928005157423,0.2334047706166257,0.2423928005157423,0.2244167407175091,0.8331503841931943,0.9012074643249176,0.867178924259056,0.9012074643249176,0.8331503841931943,0.012414217208887857,0.0,0.008988029899116595,0.0,0.034028540065861645,0.0,0.0,0.012414217208887857,0.02482843441777577,1.0
20,arguana,,200.4918908601008,rrf,0.253209015036677,0.3812646758211889,0.9198682766191,19,test,911,,,490,0.3426054923786671,0.3674339267964429,0.355019709587555,0.3674339267964429,0.3426054923786671,0.2244167407175091,0.2423928005157423,0.2334047706166257,0.2423928005157423,0.2244167407175091,0.8331503841931943,0.9012074643249176,0.867178924259056,0.9012074643249176,0.8331503841931943,0.02624496623363387,0.013830749024746014,0.01980424442005127,0.010816214520934675,0.05268935236004402,0.018660812294182372,-0.013830749024746014,0.012414217208887857,0.02482843441777577,1.5570528045394587
20,arguana,,200.4918908601008,zscore_fusion,0.2546608471416375,0.3826767339166532,0.9012074643249176,19,test,911,,,490,0.3426054923786671,0.3674339267964429,0.355019709587555,0.3674339267964429,0.3426054923786671,0.2244167407175091,0.2423928005157423,0.2334047706166257,0.2423928005157423,0.2244167407175091,0.8331503841931943,0.9012074643249176,0.867178924259056,0.9012074643249176,0.8331503841931943,0.027657024329098168,0.015242807120210311,0.021256076525011797,0.012268046625895201,0.034028540065861645,0.0,-0.015242807120210311,0.012414217208887857,0.02482843441777577,1.6139254237189162
20,arguana,,200.4918908601008,minmax_fusion,0.2567669402191905,0.3849315588290392,0.9012074643249176,19,test,911,,,490,0.3426054923786671,0.3674339267964429,0.355019709587555,0.3674339267964429,0.3426054923786671,0.2244167407175091,0.2423928005157423,0.2334047706166257,0.2423928005157423,0.2244167407175091,0.8331503841931943,0.9012074643249176,0.867178924259056,0.9012074643249176,0.8331503841931943,0.029911849241484156,0.0174976320325963,0.023362169602564792,0.014374139703448197,0.034028540065861645,0.0,-0.0174976320325963,0.012414217208887857,0.02482843441777577,1.7047416578174972
20,arguana,0.7,200.4918908601008,validation_weighted_fusion,0.256223319917063,0.3842615374554408,0.9012074643249176,19,test,911,0.2665184645286686,0.3989867191511385,490,0.3426054923786671,0.3674339267964429,0.355019709587555,0.3674339267964429,0.3426054923786671,0.2244167407175091,0.2423928005157423,0.2334047706166257,0.2423928005157423,0.2244167407175091,0.8331503841931943,0.9012074643249176,0.867178924259056,0.9012074643249176,0.8331503841931943,0.02924182786788576,0.016827610658997905,0.02281854930043728,0.013830519401320684,0.034028540065861645,0.0,-0.016827610658997905,0.012414217208887857,0.02482843441777577,1.6777556077780835
20,arguana,,194.6564722426848,bm25,0.2317264300524454,0.353114721646917,0.8463227222832053,31,test,911,,,490,0.353114721646917,0.3745547099801474,0.3638347158135322,0.3745547099801474,0.353114721646917,0.2317264300524454,0.2496837593434739,0.24070509469795964,0.2496837593434739,0.2317264300524454,0.8463227222832053,0.9077936333699232,0.8770581778265643,0.9077936333699232,0.8463227222832053,-0.010719994166615232,-0.02143998833323041,-0.00897866464551425,-0.0179573292910285,-0.03073545554335899,-0.06147091108671798,0.02143998833323041,0.010719994166615177,0.02143998833323041,0.0
20,arguana,,5.835418617415995,dense,0.2496837593434739,0.3745547099801474,0.9077936333699232,31,test,911,,,490,0.353114721646917,0.3745547099801474,0.3638347158135322,0.3745547099801474,0.353114721646917,0.2317264300524454,0.2496837593434739,0.24070509469795964,0.2496837593434739,0.2317264300524454,0.8463227222832053,0.9077936333699232,0.8770581778265643,0.9077936333699232,0.8463227222832053,0.010719994166615177,0.0,0.00897866464551425,0.0,0.03073545554335899,0.0,0.0,0.010719994166615177,0.02143998833323041,1.0
20,arguana,,200.4918908601008,rrf,0.2619892669837785,0.3913632414025234,0.9253567508232712,31,test,911,,,490,0.353114721646917,0.3745547099801474,0.3638347158135322,0.3745547099801474,0.353114721646917,0.2317264300524454,0.2496837593434739,0.24070509469795964,0.2496837593434739,0.2317264300524454,0.8463227222832053,0.9077936333699232,0.8770581778265643,0.9077936333699232,0.8463227222832053,0.02752852558899116,0.016808531422375983,0.02128417228581886,0.012305507640304608,0.04829857299670692,0.01756311745334793,-0.016808531422375983,0.010719994166615177,0.02143998833323041,1.7839804369820478
20,arguana,,200.4918908601008,zscore_fusion,0.2614404195633614,0.390979612599011,0.9077936333699232,31,test,911,,,490,0.353114721646917,0.3745547099801474,0.3638347158135322,0.3745547099801474,0.353114721646917,0.2317264300524454,0.2496837593434739,0.24070509469795964,0.2496837593434739,0.2317264300524454,0.8463227222832053,0.9077936333699232,0.8770581778265643,0.9077936333699232,0.8463227222832053,0.027144896785478767,0.01642490261886359,0.02073532486540175,0.0117566602198875,0.03073545554335899,0.0,-0.01642490261886359,0.010719994166615177,0.02143998833323041,1.7660872927531492
20,arguana,,200.4918908601008,minmax_fusion,0.2635434634885787,0.3920572659916082,0.9077936333699232,31,test,911,,,490,0.353114721646917,0.3745547099801474,0.3638347158135322,0.3745547099801474,0.353114721646917,0.2317264300524454,0.2496837593434739,0.24070509469795964,0.2496837593434739,0.2317264300524454,0.8463227222832053,0.9077936333699232,0.8770581778265643,0.9077936333699232,0.8463227222832053,0.028222550178075956,0.01750255601146078,0.022838368790619068,0.013859704145104818,0.03073545554335899,0.0,-0.01750255601146078,0.010719994166615177,0.02143998833323041,1.816351004460814
20,arguana,0.6,200.4918908601008,validation_weighted_fusion,0.2635199414562751,0.3920195552832329,0.9077936333699232,31,test,911,0.25578231292517,0.3859183361201429,490,0.353114721646917,0.3745547099801474,0.3638347158135322,0.3745547099801474,0.353114721646917,0.2317264300524454,0.2496837593434739,0.24070509469795964,0.2496837593434739,0.2317264300524454,0.8463227222832053,0.9077936333699232,0.8770581778265643,0.9077936333699232,0.8463227222832053,0.028184839469700684,0.017464845303085508,0.022814846758315466,0.013836182112801215,0.03073545554335899,0.0,-0.017464845303085508,0.010719994166615177,0.02143998833323041,1.814592108523505
20,arguana,,194.6564722426848,bm25,0.2236522746676423,0.3419058347305675,0.8430296377607025,47,test,911,,,490,0.3419058347305675,0.3697386221488832,0.35582222843972533,0.3697386221488832,0.3419058347305675,0.2236522746676423,0.243866847873434,0.23375956127053815,0.243866847873434,0.2236522746676423,0.8430296377607025,0.9132821075740944,0.8781558726673985,0.9132821075740944,0.8430296377607025,-0.013916393709157815,-0.027832787418315685,-0.010107286602895865,-0.020214573205791703,-0.035126234906695974,-0.07025246981339195,0.027832787418315685,0.01391639370915787,0.027832787418315685,0.0
20,arguana,,5.835418617415995,dense,0.243866847873434,0.3697386221488832,0.9132821075740944,47,test,911,,,490,0.3419058347305675,0.3697386221488832,0.35582222843972533,0.3697386221488832,0.3419058347305675,0.2236522746676423,0.243866847873434,0.23375956127053815,0.243866847873434,0.2236522746676423,0.8430296377607025,0.9132821075740944,0.8781558726673985,0.9132821075740944,0.8430296377607025,0.01391639370915787,0.0,0.010107286602895837,0.0,0.035126234906695974,0.0,0.0,0.01391639370915787,0.027832787418315685,1.0
20,arguana,,200.4918908601008,rrf,0.2546203369748924,0.3842698136247387,0.9242590559824369,47,test,911,,,490,0.3419058347305675,0.3697386221488832,0.35582222843972533,0.3697386221488832,0.3419058347305675,0.2236522746676423,0.243866847873434,0.23375956127053815,0.243866847873434,0.2236522746676423,0.8430296377607025,0.9132821075740944,0.8781558726673985,0.9132821075740944,0.8430296377607025,0.02844758518501339,0.01453119147585552,0.02086077570435424,0.010753489101458402,0.046103183315038376,0.010976948408342402,-0.01453119147585552,0.01391639370915787,0.027832787418315685,1.52208897576292
20,arguana,,200.4918908601008,zscore_fusion,0.2577452825257436,0.3877671781907677,0.9132821075740944,47,test,911,,,490,0.3419058347305675,0.3697386221488832,0.35582222843972533,0.3697386221488832,0.3419058347305675,0.2236522746676423,0.243866847873434,0.23375956127053815,0.243866847873434,0.2236522746676423,0.8430296377607025,0.9132821075740944,0.8781558726673985,0.9132821075740944,0.8430296377607025,0.031944949751042395,0.018028556041884525,0.023985721255205428,0.01387843465230959,0.035126234906695974,0.0,-0.018028556041884525,0.01391639370915787,0.027832787418315685,1.6477452570927418
20,arguana,,200.4918908601008,minmax_fusion,0.2591178366699772,0.3892106042486994,0.9132821075740944,47,test,911,,,490,0.3419058347305675,0.3697386221488832,0.35582222843972533,0.3697386221488832,0.3419058347305675,0.2236522746676423,0.243866847873434,0.23375956127053815,0.243866847873434,0.2236522746676423,0.8430296377607025,0.9132821075740944,0.8781558726673985,0.9132821075740944,0.8430296377607025,0.03338837580897408,0.01947198209981621,0.025358275399439023,0.015250988796543186,0.035126234906695974,0.0,-0.01947198209981621,0.01391639370915787,0.027832787418315685,1.6996058931202287
20,arguana,0.7,200.4918908601008,validation_weighted_fusion,0.2577121774432422,0.3889594595029339,0.9132821075740944,47,test,911,0.2637504049238743,0.3902524191812074,490,0.3419058347305675,0.3697386221488832,0.35582222843972533,0.3697386221488832,0.3419058347305675,0.2236522746676423,0.243866847873434,0.23375956127053815,0.243866847873434,0.2236522746676423,0.8430296377607025,0.9132821075740944,0.8781558726673985,0.9132821075740944,0.8430296377607025,0.033137231063208594,0.019220837354050724,0.023952616172704055,0.013845329569808218,0.035126234906695974,0.0,-0.019220837354050724,0.01391639370915787,0.027832787418315685,1.690582551620476
20,arguana,,194.6564722426848,bm25,0.2282312302894081,0.3488947345427008,0.8485181119648738,73,test,911,,,490,0.3488947345427008,0.3749441756876676,0.3619194551151842,0.3749441756876676,0.3488947345427008,0.2282312302894081,0.2493392051295454,0.23878521770947675,0.2493392051295454,0.2282312302894081,0.8485181119648738,0.9088913282107574,0.8787047200878155,0.9088913282107574,0.8485181119648738,-0.013024720572483384,-0.026049441144966767,-0.010553987420068661,-0.021107974840137322,-0.030186608122941716,-0.06037321624588354,0.026049441144966767,0.013024720572483384,0.026049441144966767,0.0
20,arguana,,5.835418617415995,dense,0.2493392051295454,0.3749441756876676,0.9088913282107574,73,test,911,,,490,0.3488947345427008,0.3749441756876676,0.3619194551151842,0.3749441756876676,0.3488947345427008,0.2282312302894081,0.2493392051295454,0.23878521770947675,0.2493392051295454,0.2282312302894081,0.8485181119648738,0.9088913282107574,0.8787047200878155,0.9088913282107574,0.8485181119648738,0.013024720572483384,0.0,0.010553987420068661,0.0,0.030186608122941827,0.0,0.0,0.013024720572483384,0.026049441144966767,1.0
20,arguana,,200.4918908601008,rrf,0.2613023365218755,0.3907468621540821,0.9220636663007684,73,test,911,,,490,0.3488947345427008,0.3749441756876676,0.3619194551151842,0.3749441756876676,0.3488947345427008,0.2282312302894081,0.2493392051295454,0.23878521770947675,0.2493392051295454,0.2282312302894081,0.8485181119648738,0.9088913282107574,0.8787047200878155,0.9088913282107574,0.8485181119648738,0.028827407038897912,0.01580268646641453,0.022517118812398762,0.0119631313923301,0.04335894621295289,0.01317233809001106,-0.01580268646641453,0.013024720572483384,0.026049441144966767,1.606642053411879
20,arguana,,200.4918908601008,zscore_fusion,0.2621469517188507,0.3919419190258642,0.9088913282107574,73,test,911,,,490,0.3488947345427008,0.3749441756876676,0.3619194551151842,0.3749441756876676,0.3488947345427008,0.2282312302894081,0.2493392051295454,0.23878521770947675,0.2493392051295454,0.2282312302894081,0.8485181119648738,0.9088913282107574,0.8787047200878155,0.9088913282107574,0.8485181119648738,0.03002246391068003,0.016997743338196647,0.02336173400937397,0.012807746589305308,0.030186608122941827,0.0,-0.016997743338196647,0.013024720572483384,0.026049441144966767,1.652518541323138
20,arguana,,200.4918908601008,minmax_fusion,0.2632585855417908,0.3925018900573031,0.9088913282107574,73,test,911,,,490,0.3488947345427008,0.3749441756876676,0.3619194551151842,0.3749441756876676,0.3488947345427008,0.2282312302894081,0.2493392051295454,0.23878521770947675,0.2493392051295454,0.2282312302894081,0.8485181119648738,0.9088913282107574,0.8787047200878155,0.9088913282107574,0.8485181119648738,0.03058243494211893,0.017557714369635546,0.024473367832314075,0.013919380412245413,0.030186608122941827,0.0,-0.017557714369635546,0.013024720572483384,0.026049441144966767,1.6740150113749377
20,arguana,0.6,200.4918908601008,validation_weighted_fusion,0.2639455160036938,0.3930324615033578,0.9088913282107574,73,test,911,0.2549910916747651,0.3840351574129312,490,0.3488947345427008,0.3749441756876676,0.3619194551151842,0.3749441756876676,0.3488947345427008,0.2282312302894081,0.2493392051295454,0.23878521770947675,0.2493392051295454,0.2282312302894081,0.8485181119648738,0.9088913282107574,0.8787047200878155,0.9088913282107574,0.8485181119648738,0.031113006388173603,0.01808828581569022,0.025160298294217065,0.014606310874148404,0.030186608122941827,0.0,-0.01808828581569022,0.013024720572483384,0.026049441144966767,1.6943828742823226
20,arguana,,194.6564722426848,bm25,0.2259430592580976,0.343577599774681,0.8397365532381997,109,test,911,,,490,0.343577599774681,0.3620866042071543,0.35283210199091763,0.3620866042071543,0.343577599774681,0.2259430592580976,0.2382398550345861,0.23209145714634186,0.2382398550345861,0.2259430592580976,0.8397365532381997,0.902305159165752,0.8710208562019759,0.902305159165752,0.8397365532381997,-0.009254502216236637,-0.018509004432473275,-0.006148397888244256,-0.012296795776488512,-0.031284302963776156,-0.06256860592755231,0.018509004432473275,0.009254502216236637,0.018509004432473275,0.0
20,arguana,,5.835418617415995,dense,0.2382398550345861,0.3620866042071543,0.902305159165752,109,test,911,,,490,0.343577599774681,0.3620866042071543,0.35283210199091763,0.3620866042071543,0.343577599774681,0.2259430592580976,0.2382398550345861,0.23209145714634186,0.2382398550345861,0.2259430592580976,0.8397365532381997,0.902305159165752,0.8710208562019759,0.902305159165752,0.8397365532381997,0.009254502216236637,0.0,0.006148397888244256,0.0,0.031284302963776156,0.0,0.0,0.009254502216236637,0.018509004432473275,1.0
20,arguana,,200.4918908601008,rrf,0.2527045981217221,0.3802014764085726,0.9165751920965972,109,test,911,,,490,0.343577599774681,0.3620866042071543,0.35283210199091763,0.3620866042071543,0.343577599774681,0.2259430592580976,0.2382398550345861,0.23209145714634186,0.2382398550345861,0.2259430592580976,0.8397365532381997,0.902305159165752,0.8710208562019759,0.902305159165752,0.8397365532381997,0.027369374417654968,0.01811487220141833,0.020613140975380223,0.014464743087135967,0.04555433589462132,0.014270032930845167,-0.01811487220141833,0.009254502216236637,0.018509004432473275,1.9787059194624506
20,arguana,,200.4918908601008,zscore_fusion,0.2571467774815744,0.3861968930321406,0.902305159165752,109,test,911,,,490,0.343577599774681,0.3620866042071543,0.35283210199091763,0.3620866042071543,0.343577599774681,0.2259430592580976,0.2382398550345861,0.23209145714634186,0.2382398550345861,0.2259430592580976,0.8397365532381997,0.902305159165752,0.8710208562019759,0.902305159165752,0.8397365532381997,0.033364791041222974,0.024110288824986337,0.025055320335232528,0.018906922446988272,0.031284302963776156,0.0,-0.024110288824986337,0.009254502216236637,0.018509004432473275,2.302624833926013
20,arguana,,200.4918908601008,minmax_fusion,0.2576376910076141,0.3866963570948609,0.902305159165752,109,test,911,,,490,0.343577599774681,0.3620866042071543,0.35283210199091763,0.3620866042071543,0.343577599774681,0.2259430592580976,0.2382398550345861,0.23209145714634186,0.2382398550345861,0.2259430592580976,0.8397365532381997,0.902305159165752,0.8710208562019759,0.902305159165752,0.8397365532381997,0.03386425510394325,0.024609752887706615,0.02554623386127222,0.019397835973027966,0.031284302963776156,0.0,-0.024609752887706615,0.009254502216236637,0.018509004432473275,2.3296097571044845
20,arguana,0.9,200.4918908601008,validation_weighted_fusion,0.2498357813670656,0.3778393155383073,0.902305159165752,109,test,911,0.2673339812115322,0.3988632130233815,490,0.343577599774681,0.3620866042071543,0.35283210199091763,0.3620866042071543,0.343577599774681,0.2259430592580976,0.2382398550345861,0.23209145714634186,0.2382398550345861,0.2259430592580976,0.8397365532381997,0.902305159165752,0.8710208562019759,0.902305159165752,0.8397365532381997,0.02500721354738966,0.015752711331153024,0.01774432422072375,0.011595926332479495,0.031284302963776156,0.0,-0.015752711331153024,0.009254502216236637,0.018509004432473275,1.8510836651762614
20,arguana,,194.6564722426848,bm25,0.2337920129632533,0.3526498317527029,0.849615806805708,149,test,911,,,490,0.3526498317527029,0.3743190320475197,0.3634844319001113,0.3743190320475197,0.3526498317527029,0.2337920129632533,0.249534350879027,0.24166318192114017,0.249534350879027,0.2337920129632533,0.849615806805708,0.9099890230515916,0.8798024149286499,0.9099890230515916,0.849615806805708,-0.01083460014740839,-0.02166920029481678,-0.007871168957886865,-0.015742337915773702,-0.030186608122941827,-0.06037321624588354,0.02166920029481678,0.01083460014740839,0.02166920029481678,0.0
20,arguana,,5.835418617415995,dense,0.249534350879027,0.3743190320475197,0.9099890230515916,149,test,911,,,490,0.3526498317527029,0.3743190320475197,0.3634844319001113,0.3743190320475197,0.3526498317527029,0.2337920129632533,0.249534350879027,0.24166318192114017,0.249534350879027,0.2337920129632533,0.849615806805708,0.9099890230515916,0.8798024149286499,0.9099890230515916,0.849615806805708,0.01083460014740839,0.0,0.007871168957886837,0.0,0.030186608122941716,0.0,0.0,0.01083460014740839,0.02166920029481678,1.0
20,arguana,,200.4918908601008,rrf,0.2628861533636506,0.3912911592453427,0.9264544456641054,149,test,911,,,490,0.3526498317527029,0.3743190320475197,0.3634844319001113,0.3743190320475197,0.3526498317527029,0.2337920129632533,0.249534350879027,0.24166318192114017,0.249534350879027,0.2337920129632533,0.849615806805708,0.9099890230515916,0.8798024149286499,0.9099890230515916,0.849615806805708,0.027806727345231375,0.016972127197822984,0.021222971442510452,0.013351802484623615,0.04665203073545554,0.016465422612513825,-0.016972127197822984,0.01083460014740839,0.02166920029481678,1.7832373584124688
20,arguana,,200.4918908601008,zscore_fusion,0.2634493753593643,0.3932879226383133,0.9099890230515916,149,test,911,,,490,0.3526498317527029,0.3743190320475197,0.3634844319001113,0.3743190320475197,0.3526498317527029,0.2337920129632533,0.249534350879027,0.24166318192114017,0.249534350879027,0.2337920129632533,0.849615806805708,0.9099890230515916,0.8798024149286499,0.9099890230515916,0.849615806805708,0.029803490738201988,0.018968890590793597,0.021786193438224133,0.013915024480337296,0.030186608122941716,0.0,-0.018968890590793597,0.01083460014740839,0.02166920029481678,1.875384893430096
20,arguana,,200.4918908601008,minmax_fusion,0.2645109159653616,0.3935292050176736,0.9099890230515916,149,test,911,,,490,0.3526498317527029,0.3743190320475197,0.3634844319001113,0.3743190320475197,0.3526498317527029,0.2337920129632533,0.249534350879027,0.24166318192114017,0.249534350879027,0.2337920129632533,0.849615806805708,0.9099890230515916,0.8798024149286499,0.9099890230515916,0.849615806805708,0.030044773117562262,0.01921017297015387,0.022847734044221413,0.014976565086334576,0.030186608122941716,0.0,-0.01921017297015387,0.01083460014740839,0.02166920029481678,1.8865197011792307
20,arguana,0.7,200.4918908601008,validation_weighted_fusion,0.263897600752705,0.3932050994999579,0.9099890230515916,149,test,911,0.252250566893424,0.3823589946153116,490,0.3526498317527029,0.3743190320475197,0.3634844319001113,0.3743190320475197,0.3526498317527029,0.2337920129632533,0.249534350879027,0.24166318192114017,0.249534350879027,0.2337920129632533,0.849615806805708,0.9099890230515916,0.8798024149286499,0.9099890230515916,0.849615806805708,0.029720667599846595,0.018886067452438204,0.02223441883156485,0.014363249873678013,0.030186608122941716,0.0,-0.018886067452438204,0.01083460014740839,0.02166920029481678,1.8715627339951122
20,arguana,,194.6564722426848,bm25,0.2279027930235394,0.3486517287973567,0.8474204171240395,181,test,911,,,490,0.3486517287973567,0.368411881169818,0.35853180498358733,0.368411881169818,0.3486517287973567,0.2279027930235394,0.2418334988587458,0.2348681459411426,0.2418334988587458,0.2279027930235394,0.8474204171240395,0.9088913282107574,0.8781558726673984,0.9088913282107574,0.8474204171240395,-0.009880076186230657,-0.019760152372461315,-0.006965352917603196,-0.013930705835206392,-0.03073545554335888,-0.06147091108671787,0.019760152372461315,0.009880076186230657,0.019760152372461315,0.0
20,arguana,,5.835418617415995,dense,0.2418334988587458,0.368411881169818,0.9088913282107574,181,test,911,,,490,0.3486517287973567,0.368411881169818,0.35853180498358733,0.368411881169818,0.3486517287973567,0.2279027930235394,0.2418334988587458,0.2348681459411426,0.2418334988587458,0.2279027930235394,0.8474204171240395,0.9088913282107574,0.8781558726673984,0.9088913282107574,0.8474204171240395,0.009880076186230657,0.0,0.006965352917603196,0.0,0.03073545554335899,0.0,0.0,0.009880076186230657,0.019760152372461315,1.0
20,arguana,,200.4918908601008,rrf,0.2574429808513233,0.3887058960328198,0.9330406147091108,181,test,911,,,490,0.3486517287973567,0.368411881169818,0.35853180498358733,0.368411881169818,0.3486517287973567,0.2279027930235394,0.2418334988587458,0.2348681459411426,0.2418334988587458,0.2279027930235394,0.8474204171240395,0.9088913282107574,0.8781558726673984,0.9088913282107574,0.8474204171240395,0.030174091049232465,0.020294014863001808,0.02257483491018067,0.015609481992577473,0.05488474204171245,0.02414928649835346,-0.020294014863001808,0.009880076186230657,0.019760152372461315,2.0270171241839465
20,arguana,,200.4918908601008,zscore_fusion,0.2585872841635739,0.3882162640327087,0.9088913282107574,181,test,911,,,490,0.3486517287973567,0.368411881169818,0.35853180498358733,0.368411881169818,0.3486517287973567,0.2279027930235394,0.2418334988587458,0.2348681459411426,0.2418334988587458,0.2279027930235394,0.8474204171240395,0.9088913282107574,0.8781558726673984,0.9088913282107574,0.8474204171240395,0.02968445904912137,0.019804382862890713,0.023719138222431296,0.0167537853048281,0.03073545554335899,0.0,-0.019804382862890713,0.009880076186230657,0.019760152372461315,2.002238367882782
20,arguana,,200.4918908601008,minmax_fusion,0.2591152231108323,0.3885395453829592,0.9088913282107574,181,test,911,,,490,0.3486517287973567,0.368411881169818,0.35853180498358733,0.368411881169818,0.3486517287973567,0.2279027930235394,0.2418334988587458,0.2348681459411426,0.2418334988587458,0.2279027930235394,0.8474204171240395,0.9088913282107574,0.8781558726673984,0.9088913282107574,0.8474204171240395,0.030007740399371874,0.020127664213141216,0.024247077169689685,0.01728172425208649,0.03073545554335899,0.0,-0.020127664213141216,0.009880076186230657,0.019760152372461315,2.018598633945358
20,arguana,0.9,200.4918908601008,validation_weighted_fusion,0.2524937710173714,0.3813128097904729,0.9088913282107574,181,test,911,0.2623922902494331,0.3924053492198656,490,0.3486517287973567,0.368411881169818,0.35853180498358733,0.368411881169818,0.3486517287973567,0.2279027930235394,0.2418334988587458,0.2348681459411426,0.2418334988587458,0.2279027930235394,0.8474204171240395,0.9088913282107574,0.8781558726673984,0.9088913282107574,0.8474204171240395,0.022781004806885552,0.012900928620654895,0.017625625076228807,0.010660272158625611,0.03073545554335899,0.0,-0.012900928620654895,0.009880076186230657,0.019760152372461315,1.6528759686405172
50,arguana,,194.6564722426848,bm25,0.2244167407175091,0.3426054923786671,0.9297475301866082,19,test,911,,,490,0.3426054923786671,0.3674339267964429,0.355019709587555,0.3674339267964429,0.3426054923786671,0.2244167407175091,0.2423928005157423,0.2334047706166257,0.2423928005157423,0.2244167407175091,0.9297475301866082,0.9659714599341384,0.9478594950603733,0.9659714599341384,0.9297475301866082,-0.012414217208887912,-0.02482843441777577,-0.008988029899116595,-0.01797605979823319,-0.018111964873765096,-0.03622392974753019,0.02482843441777577,0.012414217208887857,0.02482843441777577,0.0
50,arguana,,5.835418617415995,dense,0.2423928005157423,0.3674339267964429,0.9659714599341384,19,test,911,,,490,0.3426054923786671,0.3674339267964429,0.355019709587555,0.3674339267964429,0.3426054923786671,0.2244167407175091,0.2423928005157423,0.2334047706166257,0.2423928005157423,0.2244167407175091,0.9297475301866082,0.9659714599341384,0.9478594950603733,0.9659714599341384,0.9297475301866082,0.012414217208887857,0.0,0.008988029899116595,0.0,0.018111964873765096,0.0,0.0,0.012414217208887857,0.02482843441777577,1.0
50,arguana,,200.4918908601008,rrf,0.2528945167529141,0.3802999205766684,0.9769484083424808,19,test,911,,,490,0.3426054923786671,0.3674339267964429,0.355019709587555,0.3674339267964429,0.3426054923786671,0.2244167407175091,0.2423928005157423,0.2334047706166257,0.2423928005157423,0.2244167407175091,0.9297475301866082,0.9659714599341384,0.9478594950603733,0.9659714599341384,0.9297475301866082,0.025280210989113372,0.012865993780225515,0.01948974613628837,0.010501716237171776,0.029088913282107498,0.010976948408342402,-0.012865993780225515,0.012414217208887857,0.02482843441777577,1.5181959346987333
50,arguana,,200.4918908601008,zscore_fusion,0.2541925844615196,0.3821609166503124,0.9670691547749726,19,test,911,,,490,0.3426054923786671,0.3674339267964429,0.355019709587555,0.3674339267964429,0.3426054923786671,0.2244167407175091,0.2423928005157423,0.2334047706166257,0.2423928005157423,0.2244167407175091,0.9297475301866082,0.9659714599341384,0.9478594950603733,0.9659714599341384,0.9297475301866082,0.027141207062757355,0.014726989853869499,0.020787813844893893,0.011799783945777298,0.019209659714599314,0.001097694840834218,-0.014726989853869499,0.012414217208887857,0.02482843441777577,1.5931501602584253
50,arguana,,200.4918908601008,minmax_fusion,0.2602107399857125,0.3897446435736739,0.9659714599341384,19,test,911,,,490,0.3426054923786671,0.3674339267964429,0.355019709587555,0.3674339267964429,0.3426054923786671,0.2244167407175091,0.2423928005157423,0.2334047706166257,0.2423928005157423,0.2244167407175091,0.9297475301866082,0.9659714599341384,0.9478594950603733,0.9659714599341384,0.9297475301866082,0.03472493398611887,0.02231071677723101,0.026805969369086774,0.01781793946997018,0.018111964873765096,0.0,-0.02231071677723101,0.012414217208887857,0.02482843441777577,1.8985953927589485
50,arguana,0.7,200.4918908601008,validation_weighted_fusion,0.2601244925339327,0.3897126902722977,0.9659714599341384,19,test,911,0.2704429867184969,0.4019563244713945,490,0.3426054923786671,0.3674339267964429,0.355019709587555,0.3674339267964429,0.3426054923786671,0.2244167407175091,0.2423928005157423,0.2334047706166257,0.2423928005157423,0.2244167407175091,0.9297475301866082,0.9659714599341384,0.9478594950603733,0.9659714599341384,0.9297475301866082,0.03469298068474269,0.022278763475854835,0.02671972191730701,0.017731692018190415,0.018111964873765096,0.0,-0.022278763475854835,0.012414217208887857,0.02482843441777577,1.8973084287547541
50,arguana,,194.6564722426848,bm25,0.2317264300524454,0.353114721646917,0.9308452250274424,31,test,911,,,490,0.353114721646917,0.3745547099801474,0.3638347158135322,0.3745547099801474,0.353114721646917,0.2317264300524454,0.2496837593434739,0.24070509469795964,0.2496837593434739,0.2317264300524454,0.9308452250274424,0.9659714599341384,0.9484083424807903,0.9659714599341384,0.9308452250274424,-0.010719994166615232,-0.02143998833323041,-0.00897866464551425,-0.0179573292910285,-0.01756311745334793,-0.035126234906695974,0.02143998833323041,0.010719994166615177,0.02143998833323041,0.0
50,arguana,,5.835418617415995,dense,0.2496837593434739,0.3745547099801474,0.9659714599341384,31,test,911,,,490,0.353114721646917,0.3745547099801474,0.3638347158135322,0.3745547099801474,0.353114721646917,0.2317264300524454,0.2496837593434739,0.24070509469795964,0.2496837593434739,0.2317264300524454,0.9308452250274424,0.9659714599341384,0.9484083424807903,0.9659714599341384,0.9308452250274424,0.010719994166615177,0.0,0.00897866464551425,0.0,0.017563117453348043,0.0,0.0,0.010719994166615177,0.02143998833323041,1.0
50,arguana,,200.4918908601008,rrf,0.2621804923945429,0.3911104782091233,0.973655323819978,31,test,911,,,490,0.353114721646917,0.3745547099801474,0.3638347158135322,0.3745547099801474,0.353114721646917,0.2317264300524454,0.2496837593434739,0.24070509469795964,0.2496837593434739,0.2317264300524454,0.9308452250274424,0.9659714599341384,0.9484083424807903,0.9659714599341384,0.9308452250274424,0.027275762395591097,0.01655576822897592,0.021475397696583243,0.012496733051068992,0.02524698133918768,0.007683863885839637,-0.01655576822897592,0.010719994166615177,0.02143998833323041,1.772191102516399
50,arguana,,200.4918908601008,zscore_fusion,0.2623869635669855,0.3919242467910535,0.9681668496158068,31,test,911,,,490,0.353114721646917,0.3745547099801474,0.3638347158135322,0.3745547099801474,0.353114721646917,0.2317264300524454,0.2496837593434739,0.24070509469795964,0.2496837593434739,0.2317264300524454,0.9308452250274424,0.9659714599341384,0.9484083424807903,0.9659714599341384,0.9308452250274424,0.02808953097752126,0.017369536810906083,0.021681868869025844,0.012703204223511594,0.01975850713501648,0.002195389681668436,-0.017369536810906083,0.010719994166615177,0.02143998833323041,1.8101467473274961
50,arguana,,200.4918908601008,minmax_fusion,0.2680078581011621,0.3977556183187827,0.9659714599341384,31,test,911,,,490,0.353114721646917,0.3745547099801474,0.3638347158135322,0.3745547099801474,0.353114721646917,0.2317264300524454,0.2496837593434739,0.24070509469795964,0.2496837593434739,0.2317264300524454,0.9308452250274424,0.9659714599341384,0.9484083424807903,0.9659714599341384,0.9308452250274424,0.03392090250525048,0.023200908338635307,0.02730276340320248,0.01832409875768823,0.017563117453348043,0.0,-0.023200908338635307,0.010719994166615177,0.02143998833323041,2.082132507631807
50,arguana,0.7,200.4918908601008,validation_weighted_fusion,0.2681481191086021,0.3972282762873677,0.9659714599341384,31,test,911,0.2555255911888565,0.3879834696556216,490,0.353114721646917,0.3745547099801474,0.3638347158135322,0.3745547099801474,0.353114721646917,0.2317264300524454,0.2496837593434739,0.24070509469795964,0.2496837593434739,0.2317264300524454,0.9308452250274424,0.9659714599341384,0.9484083424807903,0.9659714599341384,0.9308452250274424,0.03339356047383546,0.022673566307220283,0.027443024410642447,0.018464359765128197,0.017563117453348043,0.0,-0.022673566307220283,0.010719994166615177,0.02143998833323041,2.0575363174091805
50,arguana,,194.6564722426848,bm25,0.2236522746676423,0.3419058347305675,0.9308452250274424,47,test,911,,,490,0.3419058347305675,0.3697386221488832,0.35582222843972533,0.3697386221488832,0.3419058347305675,0.2236522746676423,0.243866847873434,0.23375956127053815,0.243866847873434,0.2236522746676423,0.9308452250274424,0.969264544456641,0.9500548847420417,0.969264544456641,0.9308452250274424,-0.013916393709157815,-0.027832787418315685,-0.010107286602895865,-0.020214573205791703,-0.019209659714599314,-0.03841931942919863,0.027832787418315685,0.01391639370915787,0.027832787418315685,0.0
50,arguana,,5.835418617415995,dense,0.243866847873434,0.3697386221488832,0.969264544456641,47,test,911,,,490,0.3419058347305675,0.3697386221488832,0.35582222843972533,0.3697386221488832,0.3419058347305675,0.2236522746676423,0.243866847873434,0.23375956127053815,0.243866847873434,0.2236522746676423,0.9308452250274424,0.969264544456641,0.9500548847420417,0.969264544456641,0.9308452250274424,0.01391639370915787,0.0,0.010107286602895837,0.0,0.019209659714599314,0.0,0.0,0.01391639370915787,0.027832787418315685,1.0
50,arguana,,200.4918908601008,rrf,0.2552092589688638,0.3854582070808361,0.9769484083424808,47,test,911,,,490,0.3419058347305675,0.3697386221488832,0.35582222843972533,0.3697386221488832,0.3419058347305675,0.2236522746676423,0.243866847873434,0.23375956127053815,0.243866847873434,0.2236522746676423,0.9308452250274424,0.969264544456641,0.9500548847420417,0.969264544456641,0.9308452250274424,0.029635978641110783,0.015719584931952912,0.021449697698325665,0.011342411095429827,0.026893523600439062,0.007683863885839748,-0.015719584931952912,0.01391639370915787,0.027832787418315685,1.5647865840993151
50,arguana,,200.4918908601008,zscore_fusion,0.2582653807955674,0.3878404841577495,0.9703622392974752,47,test,911,,,490,0.3419058347305675,0.3697386221488832,0.35582222843972533,0.3697386221488832,0.3419058347305675,0.2236522746676423,0.243866847873434,0.23375956127053815,0.243866847873434,0.2236522746676423,0.9308452250274424,0.969264544456641,0.9500548847420417,0.969264544456641,0.9308452250274424,0.03201825571802419,0.01810186200886632,0.024505819525029227,0.014398532922133389,0.020307354555433532,0.001097694840834218,-0.01810186200886632,0.01391639370915787,0.027832787418315685,1.650379056068031
50,arguana,,200.4918908601008,minmax_fusion,0.2623420974683323,0.3931517312435731,0.969264544456641,47,test,911,,,490,0.3419058347305675,0.3697386221488832,0.35582222843972533,0.3697386221488832,0.3419058347305675,0.2236522746676423,0.243866847873434,0.23375956127053815,0.243866847873434,0.2236522746676423,0.9308452250274424,0.969264544456641,0.9500548847420417,0.969264544456641,0.9308452250274424,0.03732950280384778,0.02341310909468991,0.02858253619779416,0.018475249594898324,0.019209659714599314,0.0,-0.02341310909468991,0.01391639370915787,0.027832787418315685,1.8412060474863774
50,arguana,0.7,200.4918908601008,validation_weighted_fusion,0.261841165298904,0.3930008426357252,0.969264544456641,47,test,911,0.2672513767411726,0.3958430452814303,490,0.3419058347305675,0.3697386221488832,0.35582222843972533,0.3697386221488832,0.3419058347305675,0.2236522746676423,0.243866847873434,0.23375956127053815,0.243866847873434,0.2236522746676423,0.9308452250274424,0.969264544456641,0.9500548847420417,0.969264544456641,0.9308452250274424,0.03717861419599988,0.02326222048684201,0.028081604028365847,0.01797431742547001,0.019209659714599314,0.0,-0.02326222048684201,0.01391639370915787,0.027832787418315685,1.8357847935681082
50,arguana,,194.6564722426848,bm25,0.2282312302894081,0.3488947345427008,0.9341383095499451,73,test,911,,,490,0.3488947345427008,0.3749441756876676,0.3619194551151842,0.3749441756876676,0.3488947345427008,0.2282312302894081,0.2493392051295454,0.23878521770947675,0.2493392051295454,0.2282312302894081,0.9341383095499451,0.9670691547749726,0.9506037321624589,0.9670691547749726,0.9341383095499451,-0.013024720572483384,-0.026049441144966767,-0.010553987420068661,-0.021107974840137322,-0.016465422612513714,-0.03293084522502743,0.026049441144966767,0.013024720572483384,0.026049441144966767,0.0
50,arguana,,5.835418617415995,dense,0.2493392051295454,0.3749441756876676,0.9670691547749726,73,test,911,,,490,0.3488947345427008,0.3749441756876676,0.3619194551151842,0.3749441756876676,0.3488947345427008,0.2282312302894081,0.2493392051295454,0.23878521770947675,0.2493392051295454,0.2282312302894081,0.9341383095499451,0.9670691547749726,0.9506037321624589,0.9670691547749726,0.9341383095499451,0.013024720572483384,0.0,0.010553987420068661,0.0,0.016465422612513714,0.0,0.0,0.013024720572483384,0.026049441144966767,1.0
50,arguana,,200.4918908601008,rrf,0.2611808060216403,0.3895476757431933,0.9758507135016464,73,test,911,,,490,0.3488947345427008,0.3749441756876676,0.3619194551151842,0.3749441756876676,0.3488947345427008,0.2282312302894081,0.2493392051295454,0.23878521770947675,0.2493392051295454,0.2282312302894081,0.9341383095499451,0.9670691547749726,0.9506037321624589,0.9670691547749726,0.9341383095499451,0.027628220628009126,0.014603500055525742,0.02239558831216354,0.011841600892094878,0.02524698133918757,0.008781558726673855,-0.014603500055525742,0.013024720572483384,0.026049441144966767,1.560607038525562
50,arguana,,200.4918908601008,zscore_fusion,0.2625302737267611,0.391477707348445,0.9681668496158068,73,test,911,,,490,0.3488947345427008,0.3749441756876676,0.3619194551151842,0.3749441756876676,0.3488947345427008,0.2282312302894081,0.2493392051295454,0.23878521770947675,0.2493392051295454,0.2282312302894081,0.9341383095499451,0.9670691547749726,0.9506037321624589,0.9670691547749726,0.9341383095499451,0.029558252233260807,0.016533531660777423,0.023745056017284327,0.013191068597215666,0.01756311745334793,0.001097694840834218,-0.016533531660777423,0.013024720572483384,0.026049441144966767,1.6346981330143433
50,arguana,,200.4918908601008,minmax_fusion,0.2665673514191626,0.3956280743716503,0.9670691547749726,73,test,911,,,490,0.3488947345427008,0.3749441756876676,0.3619194551151842,0.3749441756876676,0.3488947345427008,0.2282312302894081,0.2493392051295454,0.23878521770947675,0.2493392051295454,0.2282312302894081,0.9341383095499451,0.9670691547749726,0.9506037321624589,0.9670691547749726,0.9341383095499451,0.03370861925646612,0.020683898683982738,0.027782133709685852,0.01722814628961719,0.016465422612513714,0.0,-0.020683898683982738,0.013024720572483384,0.026049441144966767,1.794024661368954
50,arguana,0.7,200.4918908601008,validation_weighted_fusion,0.2667812276758489,0.39629175871889,0.9670691547749726,73,test,911,0.2580668934240362,0.3897246278288525,490,0.3488947345427008,0.3749441756876676,0.3619194551151842,0.3749441756876676,0.3488947345427008,0.2282312302894081,0.2493392051295454,0.23878521770947675,0.2493392051295454,0.2282312302894081,0.9341383095499451,0.9670691547749726,0.9506037321624589,0.9670691547749726,0.9341383095499451,0.0343723036037058,0.021347583031222417,0.027996009966372137,0.017442022546303476,0.016465422612513714,0.0,-0.021347583031222417,0.013024720572483384,0.026049441144966767,1.8195025341396687
50,arguana,,194.6564722426848,bm25,0.2259430592580976,0.343577599774681,0.9253567508232712,109,test,911,,,490,0.343577599774681,0.3620866042071543,0.35283210199091763,0.3620866042071543,0.343577599774681,0.2259430592580976,0.2382398550345861,0.23209145714634186,0.2382398550345861,0.2259430592580976,0.9253567508232712,0.9670691547749726,0.9462129527991219,0.9670691547749726,0.9253567508232712,-0.009254502216236637,-0.018509004432473275,-0.006148397888244256,-0.012296795776488512,-0.020856201975850697,-0.04171240395170139,0.018509004432473275,0.009254502216236637,0.018509004432473275,0.0
50,arguana,,5.835418617415995,dense,0.2382398550345861,0.3620866042071543,0.9670691547749726,109,test,911,,,490,0.343577599774681,0.3620866042071543,0.35283210199091763,0.3620866042071543,0.343577599774681,0.2259430592580976,0.2382398550345861,0.23209145714634186,0.2382398550345861,0.2259430592580976,0.9253567508232712,0.9670691547749726,0.9462129527991219,0.9670691547749726,0.9253567508232712,0.009254502216236637,0.0,0.006148397888244256,0.0,0.020856201975850697,0.0,0.0,0.009254502216236637,0.018509004432473275,1.0
50,arguana,,200.4918908601008,rrf,0.2529297998013695,0.3797710705169027,0.973655323819978,109,test,911,,,490,0.343577599774681,0.3620866042071543,0.35283210199091763,0.3620866042071543,0.343577599774681,0.2259430592580976,0.2382398550345861,0.23209145714634186,0.2382398550345861,0.2259430592580976,0.9253567508232712,0.9670691547749726,0.9462129527991219,0.9670691547749726,0.9253567508232712,0.02693896852598504,0.017684466309748403,0.020838342655027625,0.01468994476678337,0.027442371020856116,0.006586169045005419,-0.017684466309748403,0.009254502216236637,0.018509004432473275,1.9554520543915235
50,arguana,,200.4918908601008,zscore_fusion,0.257364574076978,0.3861047359732213,0.9670691547749726,109,test,911,,,490,0.343577599774681,0.3620866042071543,0.35283210199091763,0.3620866042071543,0.343577599774681,0.2259430592580976,0.2382398550345861,0.23209145714634186,0.2382398550345861,0.2259430592580976,0.9253567508232712,0.9670691547749726,0.9462129527991219,0.9670691547749726,0.9253567508232712,0.03327263398230368,0.02401813176606704,0.025273116930636136,0.01912471904239188,0.020856201975850697,0.0,-0.02401813176606704,0.009254502216236637,0.018509004432473275,2.2976457947099647
50,arguana,,200.4918908601008,minmax_fusion,0.2603187670970327,0.3890481277713108,0.9670691547749726,109,test,911,,,490,0.343577599774681,0.3620866042071543,0.35283210199091763,0.3620866042071543,0.343577599774681,0.2259430592580976,0.2382398550345861,0.23209145714634186,0.2382398550345861,0.2259430592580976,0.9253567508232712,0.9670691547749726,0.9462129527991219,0.9670691547749726,0.9253567508232712,0.03621602578039318,0.026961523564156542,0.028227309950690865,0.02207891206244661,0.020856201975850697,0.0,-0.026961523564156542,0.009254502216236637,0.018509004432473275,2.456670652520547
50,arguana,0.8,200.4918908601008,validation_weighted_fusion,0.2552658860836687,0.383272836150993,0.9670691547749726,109,test,911,0.271031746031746,0.4045100368725829,490,0.343577599774681,0.3620866042071543,0.35283210199091763,0.3620866042071543,0.343577599774681,0.2259430592580976,0.2382398550345861,0.23209145714634186,0.2382398550345861,0.2259430592580976,0.9253567508232712,0.9670691547749726,0.9462129527991219,0.9670691547749726,0.9253567508232712,0.030440734160075367,0.02118623194383873,0.023174428937326824,0.01702603104908257,0.020856201975850697,0.0,-0.02118623194383873,0.009254502216236637,0.018509004432473275,2.14464459831607
50,arguana,,194.6564722426848,bm25,0.2337920129632533,0.3526498317527029,0.9363336992316136,149,test,911,,,490,0.3526498317527029,0.3743190320475197,0.3634844319001113,0.3743190320475197,0.3526498317527029,0.2337920129632533,0.249534350879027,0.24166318192114017,0.249534350879027,0.2337920129632533,0.9363336992316136,0.9758507135016464,0.95609220636663,0.9758507135016464,0.9363336992316136,-0.01083460014740839,-0.02166920029481678,-0.007871168957886865,-0.015742337915773702,-0.019758507135016368,-0.039517014270032846,0.02166920029481678,0.01083460014740839,0.02166920029481678,0.0
50,arguana,,5.835418617415995,dense,0.249534350879027,0.3743190320475197,0.9758507135016464,149,test,911,,,490,0.3526498317527029,0.3743190320475197,0.3634844319001113,0.3743190320475197,0.3526498317527029,0.2337920129632533,0.249534350879027,0.24166318192114017,0.249534350879027,0.2337920129632533,0.9363336992316136,0.9758507135016464,0.95609220636663,0.9758507135016464,0.9363336992316136,0.01083460014740839,0.0,0.007871168957886837,0.0,0.01975850713501648,0.0,0.0,0.01083460014740839,0.02166920029481678,1.0
50,arguana,,200.4918908601008,rrf,0.2630569058944471,0.3914527596961623,0.9846322722283204,149,test,911,,,490,0.3526498317527029,0.3743190320475197,0.3634844319001113,0.3743190320475197,0.3526498317527029,0.2337920129632533,0.249534350879027,0.24166318192114017,0.249534350879027,0.2337920129632533,0.9363336992316136,0.9758507135016464,0.95609220636663,0.9758507135016464,0.9363336992316136,0.027968327796050962,0.01713372764864257,0.02139372397330691,0.013522555015420074,0.028540065861690445,0.008781558726673966,-0.01713372764864257,0.01083460014740839,0.02166920029481678,1.7906949686897728
50,arguana,,200.4918908601008,zscore_fusion,0.2646716498527695,0.3946867787220813,0.9791437980241492,149,test,911,,,490,0.3526498317527029,0.3743190320475197,0.3634844319001113,0.3743190320475197,0.3526498317527029,0.2337920129632533,0.249534350879027,0.24166318192114017,0.249534350879027,0.2337920129632533,0.9363336992316136,0.9758507135016464,0.95609220636663,0.9758507135016464,0.9363336992316136,0.031202346821969984,0.020367746674561593,0.023008467931629306,0.015137298973742469,0.023051591657519244,0.003293084522502765,-0.020367746674561593,0.01083460014740839,0.02166920029481678,1.9399399330594358
50,arguana,,200.4918908601008,minmax_fusion,0.2682648580837384,0.399298069315296,0.9758507135016464,149,test,911,,,490,0.3526498317527029,0.3743190320475197,0.3634844319001113,0.3743190320475197,0.3526498317527029,0.2337920129632533,0.249534350879027,0.24166318192114017,0.249534350879027,0.2337920129632533,0.9363336992316136,0.9758507135016464,0.95609220636663,0.9758507135016464,0.9363336992316136,0.035813637415184674,0.024979037267776283,0.02660167616259823,0.018730507204711394,0.01975850713501648,0.0,-0.024979037267776283,0.01083460014740839,0.02166920029481678,2.1527438450855616
50,arguana,0.7,200.4918908601008,validation_weighted_fusion,0.2674407157667311,0.3981634893611641,0.9758507135016464,149,test,911,0.2568407839326206,0.3862447367776039,490,0.3526498317527029,0.3743190320475197,0.3634844319001113,0.3743190320475197,0.3526498317527029,0.2337920129632533,0.249534350879027,0.24166318192114017,0.249534350879027,0.2337920129632533,0.9363336992316136,0.9758507135016464,0.95609220636663,0.9758507135016464,0.9363336992316136,0.034679057461052765,0.023844457313644374,0.02577753384559095,0.017906364887704113,0.01975850713501648,0.0,-0.023844457313644374,0.01083460014740839,0.02166920029481678,2.1003847391335393
50,arguana,,194.6564722426848,bm25,0.2279027930235394,0.3486517287973567,0.9341383095499451,181,test,911,,,490,0.3486517287973567,0.368411881169818,0.35853180498358733,0.368411881169818,0.3486517287973567,0.2279027930235394,0.2418334988587458,0.2348681459411426,0.2418334988587458,0.2279027930235394,0.9341383095499451,0.969264544456641,0.9517014270032931,0.969264544456641,0.9341383095499451,-0.009880076186230657,-0.019760152372461315,-0.006965352917603196,-0.013930705835206392,-0.01756311745334793,-0.03512623490669586,0.019760152372461315,0.009880076186230657,0.019760152372461315,0.0
50,arguana,,5.835418617415995,dense,0.2418334988587458,0.368411881169818,0.969264544456641,181,test,911,,,490,0.3486517287973567,0.368411881169818,0.35853180498358733,0.368411881169818,0.3486517287973567,0.2279027930235394,0.2418334988587458,0.2348681459411426,0.2418334988587458,0.2279027930235394,0.9341383095499451,0.969264544456641,0.9517014270032931,0.969264544456641,0.9341383095499451,0.009880076186230657,0.0,0.006965352917603196,0.0,0.01756311745334793,0.0,0.0,0.009880076186230657,0.019760152372461315,1.0
50,arguana,,200.4918908601008,rrf,0.2571768334117401,0.3877952477000506,0.9791437980241492,181,test,911,,,490,0.3486517287973567,0.368411881169818,0.35853180498358733,0.368411881169818,0.3486517287973567,0.2279027930235394,0.2418334988587458,0.2348681459411426,0.2418334988587458,0.2279027930235394,0.9341383095499451,0.969264544456641,0.9517014270032931,0.969264544456641,0.9341383095499451,0.02926344271646325,0.019383366530232593,0.02230868747059747,0.015343334552994276,0.027442371020856116,0.009879253567508184,-0.019383366530232593,0.009880076186230657,0.019760152372461315,1.9809320376115203
50,arguana,,200.4918908601008,zscore_fusion,0.2591653163277752,0.3888392967755157,0.9714599341383096,181,test,911,,,490,0.3486517287973567,0.368411881169818,0.35853180498358733,0.368411881169818,0.3486517287973567,0.2279027930235394,0.2418334988587458,0.2348681459411426,0.2418334988587458,0.2279027930235394,0.9341383095499451,0.969264544456641,0.9517014270032931,0.969264544456641,0.9341383095499451,0.030307491791928376,0.02042741560569772,0.024297170386632566,0.01733181746902937,0.01975850713501648,0.002195389681668547,-0.02042741560569772,0.009880076186230657,0.019760152372461315,2.0337681218575185
50,arguana,,200.4918908601008,minmax_fusion,0.2618381161465684,0.3916216185912125,0.969264544456641,181,test,911,,,490,0.3486517287973567,0.368411881169818,0.35853180498358733,0.368411881169818,0.3486517287973567,0.2279027930235394,0.2418334988587458,0.2348681459411426,0.2418334988587458,0.2279027930235394,0.9341383095499451,0.969264544456641,0.9517014270032931,0.969264544456641,0.9341383095499451,0.03308981360762514,0.023209737421394483,0.02696997020542577,0.020004617287822574,0.01756311745334793,0.0,-0.023209737421394483,0.009880076186230657,0.019760152372461315,2.1745727959942593
50,arguana,0.7,200.4918908601008,validation_weighted_fusion,0.2618468280103845,0.3918802051510019,0.969264544456641,181,test,911,0.2672408487204405,0.3979265161969055,490,0.3486517287973567,0.368411881169818,0.35853180498358733,0.368411881169818,0.3486517287973567,0.2279027930235394,0.2418334988587458,0.2348681459411426,0.2418334988587458,0.2279027930235394,0.9341383095499451,0.969264544456641,0.9517014270032931,0.969264544456641,0.9341383095499451,0.03334840016741458,0.023468323981183925,0.026978682069241894,0.020013329151638698,0.01756311745334793,0.0,-0.023468323981183925,0.009880076186230657,0.019760152372461315,2.1876590594458416
100,arguana,,194.6564722426848,bm25,0.2244167407175091,0.3426054923786671,0.9495060373216246,19,test,911,,,490,0.3426054923786671,0.3674339267964429,0.355019709587555,0.3674339267964429,0.3426054923786671,0.2244167407175091,0.2423928005157423,0.2334047706166257,0.2423928005157423,0.2244167407175091,0.9495060373216246,0.982436882546652,0.9659714599341382,0.982436882546652,0.9495060373216246,-0.012414217208887912,-0.02482843441777577,-0.008988029899116595,-0.01797605979823319,-0.016465422612513603,-0.032930845225027316,0.02482843441777577,0.012414217208887857,0.02482843441777577,0.0
100,arguana,,5.835418617415995,dense,0.2423928005157423,0.3674339267964429,0.982436882546652,19,test,911,,,490,0.3426054923786671,0.3674339267964429,0.355019709587555,0.3674339267964429,0.3426054923786671,0.2244167407175091,0.2423928005157423,0.2334047706166257,0.2423928005157423,0.2244167407175091,0.9495060373216246,0.982436882546652,0.9659714599341382,0.982436882546652,0.9495060373216246,0.012414217208887857,0.0,0.008988029899116595,0.0,0.016465422612513714,0.0,0.0,0.012414217208887857,0.02482843441777577,1.0
100,arguana,,200.4918908601008,rrf,0.2534512048507658,0.3816858468995097,0.986827661909989,19,test,911,,,490,0.3426054923786671,0.3674339267964429,0.355019709587555,0.3674339267964429,0.3426054923786671,0.2244167407175091,0.2423928005157423,0.2334047706166257,0.2423928005157423,0.2244167407175091,0.9495060373216246,0.982436882546652,0.9659714599341382,0.982436882546652,0.9495060373216246,0.026666137311954663,0.014251920103066806,0.02004643423414007,0.011058404335023475,0.020856201975850808,0.004390779363337094,-0.014251920103066806,0.012414217208887857,0.02482843441777577,1.574016060104991
100,arguana,,200.4918908601008,zscore_fusion,0.2539377624448974,0.383148243610208,0.9857299670691548,19,test,911,,,490,0.3426054923786671,0.3674339267964429,0.355019709587555,0.3674339267964429,0.3426054923786671,0.2244167407175091,0.2423928005157423,0.2334047706166257,0.2423928005157423,0.2244167407175091,0.9495060373216246,0.982436882546652,0.9659714599341382,0.982436882546652,0.9495060373216246,0.028128534022652973,0.015714316813765117,0.0205329918282717,0.011544961929155106,0.01975850713501659,0.003293084522502876,-0.015714316813765117,0.012414217208887857,0.02482843441777577,1.6329161375763002
100,arguana,,200.4918908601008,minmax_fusion,0.261348509400101,0.3916360278534526,0.982436882546652,19,test,911,,,490,0.3426054923786671,0.3674339267964429,0.355019709587555,0.3674339267964429,0.3426054923786671,0.2244167407175091,0.2423928005157423,0.2334047706166257,0.2423928005157423,0.2244167407175091,0.9495060373216246,0.982436882546652,0.9659714599341382,0.982436882546652,0.9495060373216246,0.03661631826589756,0.024202101057009706,0.027943738783475308,0.018955708884358713,0.016465422612513714,0.0,-0.024202101057009706,0.012414217208887857,0.02482843441777577,1.9747735459180769
100,arguana,0.7,200.4918908601008,validation_weighted_fusion,0.2620345686756224,0.3926402376532101,0.982436882546652,19,test,911,0.2719954648526076,0.4049621796389905,490,0.3426054923786671,0.3674339267964429,0.355019709587555,0.3674339267964429,0.3426054923786671,0.2244167407175091,0.2423928005157423,0.2334047706166257,0.2423928005157423,0.2244167407175091,0.9495060373216246,0.982436882546652,0.9659714599341382,0.982436882546652,0.9495060373216246,0.03762052806565508,0.025206310856767222,0.02862979805899671,0.019641768159880113,0.016465422612513714,0.0,-0.025206310856767222,0.012414217208887857,0.02482843441777577,2.0152195032772955
100,arguana,,194.6564722426848,bm25,0.2317264300524454,0.353114721646917,0.9495060373216246,31,test,911,,,490,0.353114721646917,0.3745547099801474,0.3638347158135322,0.3745547099801474,0.353114721646917,0.2317264300524454,0.2496837593434739,0.24070509469795964,0.2496837593434739,0.2317264300524454,0.9495060373216246,0.9846322722283204,0.9670691547749726,0.9846322722283204,0.9495060373216246,-0.010719994166615232,-0.02143998833323041,-0.00897866464551425,-0.0179573292910285,-0.01756311745334793,-0.03512623490669575,0.02143998833323041,0.010719994166615177,0.02143998833323041,0.0
100,arguana,,5.835418617415995,dense,0.2496837593434739,0.3745547099801474,0.9846322722283204,31,test,911,,,490,0.353114721646917,0.3745547099801474,0.3638347158135322,0.3745547099801474,0.353114721646917,0.2317264300524454,0.2496837593434739,0.24070509469795964,0.2496837593434739,0.2317264300524454,0.9495060373216246,0.9846322722283204,0.9670691547749726,0.9846322722283204,0.9495060373216246,0.010719994166615177,0.0,0.00897866464551425,0.0,0.01756311745334782,0.0,0.0,0.010719994166615177,0.02143998833323041,1.0
100,arguana,,200.4918908601008,rrf,0.2627371804923945,0.3924964045319646,0.986827661909989,31,test,911,,,490,0.353114721646917,0.3745547099801474,0.3638347158135322,0.3745547099801474,0.353114721646917,0.2317264300524454,0.2496837593434739,0.24070509469795964,0.2496837593434739,0.2317264300524454,0.9495060373216246,0.9846322722283204,0.9670691547749726,0.9846322722283204,0.9495060373216246,0.028661688718432388,0.01794169455181721,0.02203208579443483,0.01305342114892058,0.01975850713501648,0.002195389681668658,-0.01794169455181721,0.010719994166615177,0.02143998833323041,1.8368332236454112
100,arguana,,200.4918908601008,zscore_fusion,0.2619740212221002,0.392170017754351,0.9857299670691548,31,test,911,,,490,0.353114721646917,0.3745547099801474,0.3638347158135322,0.3745547099801474,0.353114721646917,0.2317264300524454,0.2496837593434739,0.24070509469795964,0.2496837593434739,0.2317264300524454,0.9495060373216246,0.9846322722283204,0.9670691547749726,0.9846322722283204,0.9495060373216246,0.02833530194081879,0.017615307774203615,0.02126892652414053,0.01229026187862628,0.01866081229418226,0.00109769484083444,-0.017615307774203615,0.010719994166615177,0.02143998833323041,1.821609951480299
100,arguana,,200.4918908601008,minmax_fusion,0.2693703936020072,0.3998560174618232,0.9846322722283204,31,test,911,,,490,0.353114721646917,0.3745547099801474,0.3638347158135322,0.3745547099801474,0.353114721646917,0.2317264300524454,0.2496837593434739,0.24070509469795964,0.2496837593434739,0.2317264300524454,0.9495060373216246,0.9846322722283204,0.9670691547749726,0.9846322722283204,0.9495060373216246,0.03602130164829098,0.025301307481675805,0.028665298904047565,0.019686634258533314,0.01756311745334782,0.0,-0.025301307481675805,0.010719994166615177,0.02143998833323041,2.180098938881447
100,arguana,0.7,200.4918908601008,validation_weighted_fusion,0.2690153851514993,0.3988712651143929,0.9846322722283204,31,test,911,0.2590168448331713,0.3933775551142199,490,0.353114721646917,0.3745547099801474,0.3638347158135322,0.3745547099801474,0.353114721646917,0.2317264300524454,0.2496837593434739,0.24070509469795964,0.2496837593434739,0.2317264300524454,0.9495060373216246,0.9846322722283204,0.9670691547749726,0.9846322722283204,0.9495060373216246,0.0350365493008607,0.02431655513424552,0.028310290453539666,0.019331625808025416,0.01756311745334782,0.0,-0.02431655513424552,0.010719994166615177,0.02143998833323041,2.134168300668179
100,arguana,,194.6564722426848,bm25,0.2236522746676423,0.3419058347305675,0.9506037321624587,47,test,911,,,490,0.3419058347305675,0.3697386221488832,0.35582222843972533,0.3697386221488832,0.3419058347305675,0.2236522746676423,0.243866847873434,0.23375956127053815,0.243866847873434,0.2236522746676423,0.9506037321624587,0.9813391877058176,0.9659714599341382,0.9813391877058176,0.9506037321624587,-0.013916393709157815,-0.027832787418315685,-0.010107286602895865,-0.020214573205791703,-0.015367727771679496,-0.03073545554335888,0.027832787418315685,0.01391639370915787,0.027832787418315685,0.0
100,arguana,,5.835418617415995,dense,0.243866847873434,0.3697386221488832,0.9813391877058176,47,test,911,,,490,0.3419058347305675,0.3697386221488832,0.35582222843972533,0.3697386221488832,0.3419058347305675,0.2236522746676423,0.243866847873434,0.23375956127053815,0.243866847873434,0.2236522746676423,0.9506037321624587,0.9813391877058176,0.9659714599341382,0.9813391877058176,0.9506037321624587,0.01391639370915787,0.0,0.010107286602895837,0.0,0.015367727771679385,0.0,0.0,0.01391639370915787,0.027832787418315685,1.0
100,arguana,,200.4918908601008,rrf,0.25573066401826,0.3868143645524883,0.9879253567508232,47,test,911,,,490,0.3419058347305675,0.3697386221488832,0.35582222843972533,0.3697386221488832,0.3419058347305675,0.2236522746676423,0.243866847873434,0.23375956127053815,0.243866847873434,0.2236522746676423,0.9506037321624587,0.9813391877058176,0.9659714599341382,0.9813391877058176,0.9506037321624587,0.03099213611276297,0.0170757424036051,0.02197110274772185,0.011863816144826012,0.021953896816684915,0.00658616904500553,-0.0170757424036051,0.01391639370915787,0.027832787418315685,1.6135117603193494
100,arguana,,200.4918908601008,zscore_fusion,0.2567373198822156,0.3873518311469187,0.982436882546652,47,test,911,,,490,0.3419058347305675,0.3697386221488832,0.35582222843972533,0.3697386221488832,0.3419058347305675,0.2236522746676423,0.243866847873434,0.23375956127053815,0.243866847873434,0.2236522746676423,0.9506037321624587,0.9813391877058176,0.9659714599341382,0.9813391877058176,0.9506037321624587,0.03152960270719335,0.01761320899803548,0.022977758611677446,0.012870472008781608,0.016465422612513714,0.001097694840834329,-0.01761320899803548,0.01391639370915787,0.027832787418315685,1.6328223161164557
100,arguana,,200.4918908601008,minmax_fusion,0.2636623804296691,0.3949805209788575,0.9813391877058176,47,test,911,,,490,0.3419058347305675,0.3697386221488832,0.35582222843972533,0.3697386221488832,0.3419058347305675,0.2236522746676423,0.243866847873434,0.23375956127053815,0.243866847873434,0.2236522746676423,0.9506037321624587,0.9813391877058176,0.9659714599341382,0.9813391877058176,0.9506037321624587,0.03915829253913217,0.025241898829974296,0.029902819159130956,0.019795532556235118,0.015367727771679385,0.0,-0.025241898829974296,0.01391639370915787,0.027832787418315685,1.9069123566604607
100,arguana,0.7,200.4918908601008,validation_weighted_fusion,0.2635055668809785,0.3952760345659939,0.9813391877058176,47,test,911,0.2692606090055069,0.4000617490521618,490,0.3419058347305675,0.3697386221488832,0.35582222843972533,0.3697386221488832,0.3419058347305675,0.2236522746676423,0.243866847873434,0.23375956127053815,0.243866847873434,0.2236522746676423,0.9506037321624587,0.9813391877058176,0.9659714599341382,0.9813391877058176,0.9506037321624587,0.03945380612626859,0.025537412417110716,0.02974600561044033,0.019638719007544492,0.015367727771679385,0.0,-0.025537412417110716,0.01391639370915787,0.027832787418315685,1.9175298195359882
100,arguana,,194.6564722426848,bm25,0.2282312302894081,0.3488947345427008,0.9549945115257958,73,test,911,,,490,0.3488947345427008,0.3749441756876676,0.3619194551151842,0.3749441756876676,0.3488947345427008,0.2282312302894081,0.2493392051295454,0.23878521770947675,0.2493392051295454,0.2282312302894081,0.9549945115257958,0.9813391877058176,0.9681668496158067,0.9813391877058176,0.9549945115257958,-0.013024720572483384,-0.026049441144966767,-0.010553987420068661,-0.021107974840137322,-0.013172338090010838,-0.026344676180021787,0.026049441144966767,0.013024720572483384,0.026049441144966767,0.0
100,arguana,,5.835418617415995,dense,0.2493392051295454,0.3749441756876676,0.9813391877058176,73,test,911,,,490,0.3488947345427008,0.3749441756876676,0.3619194551151842,0.3749441756876676,0.3488947345427008,0.2282312302894081,0.2493392051295454,0.23878521770947675,0.2493392051295454,0.2282312302894081,0.9549945115257958,0.9813391877058176,0.9681668496158067,0.9813391877058176,0.9549945115257958,0.013024720572483384,0.0,0.010553987420068661,0.0,0.013172338090010949,0.0,0.0,0.013024720572483384,0.026049441144966767,1.0
100,arguana,,200.4918908601008,rrf,0.2618912585158469,0.3915067529628062,0.9857299670691548,73,test,911,,,490,0.3488947345427008,0.3749441756876676,0.3619194551151842,0.3749441756876676,0.3488947345427008,0.2282312302894081,0.2493392051295454,0.23878521770947675,0.2493392051295454,0.2282312302894081,0.9549945115257958,0.9813391877058176,0.9681668496158067,0.9813391877058176,0.9549945115257958,0.029587297847621985,0.0165625772751386,0.02310604080637013,0.01255205338630147,0.017563117453348154,0.004390779363337205,-0.0165625772751386,0.013024720572483384,0.026049441144966767,1.6358131517281627
100,arguana,,200.4918908601008,zscore_fusion,0.2609747704423884,0.3907834476644574,0.9846322722283204,73,test,911,,,490,0.3488947345427008,0.3749441756876676,0.3619194551151842,0.3749441756876676,0.3488947345427008,0.2282312302894081,0.2493392051295454,0.23878521770947675,0.2493392051295454,0.2282312302894081,0.9549945115257958,0.9813391877058176,0.9681668496158067,0.9813391877058176,0.9549945115257958,0.028863992549273187,0.015839271976789804,0.022189552732911677,0.011635565312843016,0.016465422612513714,0.003293084522502765,-0.015839271976789804,0.013024720572483384,0.026049441144966767,1.6080465177215613
100,arguana,,200.4918908601008,minmax_fusion,0.2683249699440698,0.3983107890960179,0.9813391877058176,73,test,911,,,490,0.3488947345427008,0.3749441756876676,0.3619194551151842,0.3749441756876676,0.3488947345427008,0.2282312302894081,0.2493392051295454,0.23878521770947675,0.2493392051295454,0.2282312302894081,0.9549945115257958,0.9813391877058176,0.9681668496158067,0.9813391877058176,0.9549945115257958,0.03639133398083372,0.023366613408350334,0.029539752234593042,0.01898576481452438,0.013172338090010949,0.0,-0.023366613408350334,0.013024720572483384,0.026049441144966767,1.8970101614968886
100,arguana,0.7,200.4918908601008,validation_weighted_fusion,0.2683297614691687,0.3991761391079474,0.9813391877058176,73,test,911,0.2602915451895043,0.392810738362938,490,0.3488947345427008,0.3749441756876676,0.3619194551151842,0.3749441756876676,0.3488947345427008,0.2282312302894081,0.2493392051295454,0.23878521770947675,0.2493392051295454,0.2282312302894081,0.9549945115257958,0.9813391877058176,0.9681668496158067,0.9813391877058176,0.9549945115257958,0.03725668399276322,0.024231963420279834,0.029544543759691955,0.018990556339623293,0.013172338090010949,0.0,-0.024231963420279834,0.013024720572483384,0.026049441144966767,1.9302296845996596
100,arguana,,194.6564722426848,bm25,0.2259430592580976,0.343577599774681,0.9495060373216246,109,test,911,,,490,0.343577599774681,0.3620866042071543,0.35283210199091763,0.3620866042071543,0.343577599774681,0.2259430592580976,0.2382398550345861,0.23209145714634186,0.2382398550345861,0.2259430592580976,0.9495060373216246,0.982436882546652,0.9659714599341382,0.982436882546652,0.9495060373216246,-0.009254502216236637,-0.018509004432473275,-0.006148397888244256,-0.012296795776488512,-0.016465422612513603,-0.032930845225027316,0.018509004432473275,0.009254502216236637,0.018509004432473275,0.0
100,arguana,,5.835418617415995,dense,0.2382398550345861,0.3620866042071543,0.982436882546652,109,test,911,,,490,0.343577599774681,0.3620866042071543,0.35283210199091763,0.3620866042071543,0.343577599774681,0.2259430592580976,0.2382398550345861,0.23209145714634186,0.2382398550345861,0.2259430592580976,0.9495060373216246,0.982436882546652,0.9659714599341382,0.982436882546652,0.9495060373216246,0.009254502216236637,0.0,0.006148397888244256,0.0,0.016465422612513714,0.0,0.0,0.009254502216236637,0.018509004432473275,1.0
100,arguana,,200.4918908601008,rrf,0.2534512048507658,0.3811272279885548,0.986827661909989,109,test,911,,,490,0.343577599774681,0.3620866042071543,0.35283210199091763,0.3620866042071543,0.343577599774681,0.2259430592580976,0.2382398550345861,0.23209145714634186,0.2382398550345861,0.2259430592580976,0.9495060373216246,0.982436882546652,0.9659714599341382,0.982436882546652,0.9495060373216246,0.02829512599763717,0.019040623781400534,0.02135974770442392,0.015211349816179665,0.020856201975850808,0.004390779363337094,-0.019040623781400534,0.009254502216236637,0.018509004432473275,2.028722201178717
100,arguana,,200.4918908601008,zscore_fusion,0.2567259944592546,0.3863910276375835,0.9835345773874864,109,test,911,,,490,0.343577599774681,0.3620866042071543,0.35283210199091763,0.3620866042071543,0.343577599774681,0.2259430592580976,0.2382398550345861,0.23209145714634186,0.2382398550345861,0.2259430592580976,0.9495060373216246,0.982436882546652,0.9659714599341382,0.982436882546652,0.9495060373216246,0.03355892564666585,0.02430442343042921,0.024634537312912735,0.01848613942466848,0.017563117453348154,0.00109769484083444,-0.02430442343042921,0.009254502216236637,0.018509004432473275,2.31311349127931
100,arguana,,200.4918908601008,minmax_fusion,0.2620933737563815,0.3919520188688258,0.982436882546652,109,test,911,,,490,0.343577599774681,0.3620866042071543,0.35283210199091763,0.3620866042071543,0.343577599774681,0.2259430592580976,0.2382398550345861,0.23209145714634186,0.2382398550345861,0.2259430592580976,0.9495060373216246,0.982436882546652,0.9659714599341382,0.982436882546652,0.9495060373216246,0.03911991687790817,0.02986541466167153,0.03000191661003962,0.023853518721795364,0.016465422612513714,0.0,-0.02986541466167153,0.009254502216236637,0.018509004432473275,2.6135613760659058
100,arguana,0.7,200.4918908601008,validation_weighted_fusion,0.262528095760807,0.392469202719314,0.982436882546652,109,test,911,0.2710779073534176,0.405280164995683,490,0.343577599774681,0.3620866042071543,0.35283210199091763,0.3620866042071543,0.343577599774681,0.2259430592580976,0.2382398550345861,0.23209145714634186,0.2382398550345861,0.2259430592580976,0.9495060373216246,0.982436882546652,0.9659714599341382,0.982436882546652,0.9495060373216246,0.03963710072839638,0.030382598512159742,0.030436638614465134,0.024288240726220878,0.016465422612513714,0.0,-0.030382598512159742,0.009254502216236637,0.018509004432473275,2.6415036596379404
100,arguana,,194.6564722426848,bm25,0.2337920129632533,0.3526498317527029,0.9615806805708014,149,test,911,,,490,0.3526498317527029,0.3743190320475197,0.3634844319001113,0.3743190320475197,0.3526498317527029,0.2337920129632533,0.249534350879027,0.24166318192114017,0.249534350879027,0.2337920129632533,0.9615806805708014,0.9857299670691548,0.9736553238199781,0.9857299670691548,0.9615806805708014,-0.01083460014740839,-0.02166920029481678,-0.007871168957886865,-0.015742337915773702,-0.01207464324917673,-0.02414928649835346,0.02166920029481678,0.01083460014740839,0.02166920029481678,0.0
100,arguana,,5.835418617415995,dense,0.249534350879027,0.3743190320475197,0.9857299670691548,149,test,911,,,490,0.3526498317527029,0.3743190320475197,0.3634844319001113,0.3743190320475197,0.3526498317527029,0.2337920129632533,0.249534350879027,0.24166318192114017,0.249534350879027,0.2337920129632533,0.9615806805708014,0.9857299670691548,0.9736553238199781,0.9857299670691548,0.9615806805708014,0.01083460014740839,0.0,0.007871168957886837,0.0,0.01207464324917673,0.0,0.0,0.01083460014740839,0.02166920029481678,1.0
100,arguana,,200.4918908601008,rrf,0.2637203143240465,0.3931532799976449,0.991218441273326,149,test,911,,,490,0.3526498317527029,0.3743190320475197,0.3634844319001113,0.3743190320475197,0.3526498317527029,0.2337920129632533,0.249534350879027,0.24166318192114017,0.249534350879027,0.2337920129632533,0.9615806805708014,0.9857299670691548,0.9736553238199781,0.9857299670691548,0.9615806805708014,0.029668848097533562,0.01883424795012517,0.022057132402906354,0.014185963445019517,0.01756311745334793,0.005488474204171201,-0.01883424795012517,0.01083460014740839,0.02166920029481678,1.8691713442987685
100,arguana,,200.4918908601008,zscore_fusion,0.2636397295837471,0.3941838078949378,0.9879253567508232,149,test,911,,,490,0.3526498317527029,0.3743190320475197,0.3634844319001113,0.3743190320475197,0.3526498317527029,0.2337920129632533,0.249534350879027,0.24166318192114017,0.249534350879027,0.2337920129632533,0.9615806805708014,0.9857299670691548,0.9736553238199781,0.9857299670691548,0.9615806805708014,0.030699375994826472,0.01986477584741808,0.021976547662606927,0.01410537870472009,0.014270032930845056,0.002195389681668325,-0.01986477584741808,0.01083460014740839,0.02166920029481678,1.9167286091388285
100,arguana,,200.4918908601008,minmax_fusion,0.2699810952555189,0.4021568346736469,0.9857299670691548,149,test,911,,,490,0.3526498317527029,0.3743190320475197,0.3634844319001113,0.3743190320475197,0.3526498317527029,0.2337920129632533,0.249534350879027,0.24166318192114017,0.249534350879027,0.2337920129632533,0.9615806805708014,0.9857299670691548,0.9736553238199781,0.9857299670691548,0.9615806805708014,0.038672402773535564,0.027837802626127173,0.02831791333437872,0.020446744376491882,0.01207464324917673,0.0,-0.027837802626127173,0.01083460014740839,0.02166920029481678,2.2846714344500247
100,arguana,0.7,200.4918908601008,validation_weighted_fusion,0.2701919223598696,0.4023011590180246,0.9857299670691548,149,test,911,0.2568294460641399,0.3870007523668557,490,0.3526498317527029,0.3743190320475197,0.3634844319001113,0.3743190320475197,0.3526498317527029,0.2337920129632533,0.249534350879027,0.24166318192114017,0.249534350879027,0.2337920129632533,0.9615806805708014,0.9857299670691548,0.9736553238199781,0.9857299670691548,0.9615806805708014,0.038816727117913286,0.027982126970504895,0.02852874043872944,0.0206575714808426,0.01207464324917673,0.0,-0.027982126970504895,0.01083460014740839,0.02166920029481678,2.2913317791980607
100,arguana,,194.6564722426848,bm25,0.2279027930235394,0.3486517287973567,0.9626783754116356,181,test,911,,,490,0.3486517287973567,0.368411881169818,0.35853180498358733,0.368411881169818,0.3486517287973567,0.2279027930235394,0.2418334988587458,0.2348681459411426,0.2418334988587458,0.2279027930235394,0.9626783754116356,0.982436882546652,0.9725576289791438,0.982436882546652,0.9626783754116356,-0.009880076186230657,-0.019760152372461315,-0.006965352917603196,-0.013930705835206392,-0.009879253567508184,-0.019758507135016368,0.019760152372461315,0.009880076186230657,0.019760152372461315,0.0
100,arguana,,5.835418617415995,dense,0.2418334988587458,0.368411881169818,0.982436882546652,181,test,911,,,490,0.3486517287973567,0.368411881169818,0.35853180498358733,0.368411881169818,0.3486517287973567,0.2279027930235394,0.2418334988587458,0.2348681459411426,0.2418334988587458,0.2279027930235394,0.9626783754116356,0.982436882546652,0.9725576289791438,0.982436882546652,0.9626783754116356,0.009880076186230657,0.0,0.006965352917603196,0.0,0.009879253567508184,0.0,0.0,0.009880076186230657,0.019760152372461315,1.0
100,arguana,,200.4918908601008,rrf,0.2578554876030178,0.3895116130960686,0.9879253567508232,181,test,911,,,490,0.3486517287973567,0.368411881169818,0.35853180498358733,0.368411881169818,0.3486517287973567,0.2279027930235394,0.2418334988587458,0.2348681459411426,0.2418334988587458,0.2279027930235394,0.9626783754116356,0.982436882546652,0.9725576289791438,0.982436882546652,0.9626783754116356,0.030979808112481244,0.021099731926250587,0.022987341661875188,0.016021988744271992,0.015367727771679385,0.005488474204171201,-0.021099731926250587,0.009880076186230657,0.019760152372461315,2.0677919647854623
100,arguana,,200.4918908601008,zscore_fusion,0.2584992943390309,0.3893826057267312,0.9857299670691548,181,test,911,,,490,0.3486517287973567,0.368411881169818,0.35853180498358733,0.368411881169818,0.3486517287973567,0.2279027930235394,0.2418334988587458,0.2348681459411426,0.2418334988587458,0.2279027930235394,0.9626783754116356,0.982436882546652,0.9725576289791438,0.982436882546652,0.9626783754116356,0.03085080074314389,0.020970724556913234,0.023631148397888296,0.0166657954802851,0.01317233809001106,0.003293084522502876,-0.020970724556913234,0.009880076186230657,0.019760152372461315,2.0612633021058597
100,arguana,,200.4918908601008,minmax_fusion,0.264198160054362,0.395718820339367,0.982436882546652,181,test,911,,,490,0.3486517287973567,0.368411881169818,0.35853180498358733,0.368411881169818,0.3486517287973567,0.2279027930235394,0.2418334988587458,0.2348681459411426,0.2418334988587458,0.2279027930235394,0.9626783754116356,0.982436882546652,0.9725576289791438,0.982436882546652,0.9626783754116356,0.03718701535577967,0.027306939169549016,0.029330014113219366,0.02236466119561617,0.009879253567508184,0.0,-0.027306939169549016,0.009880076186230657,0.019760152372461315,2.3819194637185723
100,arguana,0.7,200.4918908601008,validation_weighted_fusion,0.2640208736257035,0.3955482625946997,0.982436882546652,181,test,911,0.2683025591188857,0.3995556271457312,490,0.3486517287973567,0.368411881169818,0.35853180498358733,0.368411881169818,0.3486517287973567,0.2279027930235394,0.2418334988587458,0.2348681459411426,0.2418334988587458,0.2279027930235394,0.9626783754116356,0.982436882546652,0.9725576289791438,0.982436882546652,0.9626783754116356,0.037016457611112386,0.027136381424881728,0.02915272768456087,0.022187374766957674,0.009879253567508184,0.0,-0.027136381424881728,0.009880076186230657,0.019760152372461315,2.3732880654655415
200,arguana,,194.6564722426848,bm25,0.2244167407175091,0.3426054923786671,0.9495060373216246,19,test,911,,,490,0.3426054923786671,0.3674339267964429,0.355019709587555,0.3674339267964429,0.3426054923786671,0.2244167407175091,0.2423928005157423,0.2334047706166257,0.2423928005157423,0.2244167407175091,0.9495060373216246,0.982436882546652,0.9659714599341382,0.982436882546652,0.9495060373216246,-0.012414217208887912,-0.02482843441777577,-0.008988029899116595,-0.01797605979823319,-0.016465422612513603,-0.032930845225027316,0.02482843441777577,0.012414217208887857,0.02482843441777577,0.0
200,arguana,,5.835418617415995,dense,0.2423928005157423,0.3674339267964429,0.982436882546652,19,test,911,,,490,0.3426054923786671,0.3674339267964429,0.355019709587555,0.3674339267964429,0.3426054923786671,0.2244167407175091,0.2423928005157423,0.2334047706166257,0.2423928005157423,0.2244167407175091,0.9495060373216246,0.982436882546652,0.9659714599341382,0.982436882546652,0.9495060373216246,0.012414217208887857,0.0,0.008988029899116595,0.0,0.016465422612513714,0.0,0.0,0.012414217208887857,0.02482843441777577,1.0
200,arguana,,200.4918908601008,rrf,0.2534512048507658,0.3816858468995097,0.986827661909989,19,test,911,,,490,0.3426054923786671,0.3674339267964429,0.355019709587555,0.3674339267964429,0.3426054923786671,0.2244167407175091,0.2423928005157423,0.2334047706166257,0.2423928005157423,0.2244167407175091,0.9495060373216246,0.982436882546652,0.9659714599341382,0.982436882546652,0.9495060373216246,0.026666137311954663,0.014251920103066806,0.02004643423414007,0.011058404335023475,0.020856201975850808,0.004390779363337094,-0.014251920103066806,0.012414217208887857,0.02482843441777577,1.574016060104991
200,arguana,,200.4918908601008,zscore_fusion,0.2537661387277194,0.3834204785618549,0.9879253567508232,19,test,911,,,490,0.3426054923786671,0.3674339267964429,0.355019709587555,0.3674339267964429,0.3426054923786671,0.2244167407175091,0.2423928005157423,0.2334047706166257,0.2423928005157423,0.2244167407175091,0.9495060373216246,0.982436882546652,0.9659714599341382,0.982436882546652,0.9495060373216246,0.028400768974299884,0.015986551765412027,0.02036136811109371,0.011373338211977113,0.021953896816684915,0.005488474204171201,-0.015986551765412027,0.012414217208887857,0.02482843441777577,1.6438807818654304
200,arguana,,200.4918908601008,minmax_fusion,0.2613724670255954,0.3918869284869879,0.9890230515916576,19,test,911,,,490,0.3426054923786671,0.3674339267964429,0.355019709587555,0.3674339267964429,0.3426054923786671,0.2244167407175091,0.2423928005157423,0.2334047706166257,0.2423928005157423,0.2244167407175091,0.9495060373216246,0.982436882546652,0.9659714599341382,0.982436882546652,0.9495060373216246,0.036867218899432896,0.02445300169054504,0.027967696408969706,0.01897966650985311,0.023051591657519355,0.006586169045005641,-0.02445300169054504,0.012414217208887857,0.02482843441777577,1.9848789206393964
200,arguana,0.6,200.4918908601008,validation_weighted_fusion,0.2573824333978011,0.3873765076423139,0.9890230515916576,19,test,911,0.2707750242954324,0.4048154327394491,490,0.3426054923786671,0.3674339267964429,0.355019709587555,0.3674339267964429,0.3426054923786671,0.2244167407175091,0.2423928005157423,0.2334047706166257,0.2423928005157423,0.2244167407175091,0.9495060373216246,0.982436882546652,0.9659714599341382,0.982436882546652,0.9495060373216246,0.032356798054758884,0.019942580845871027,0.023977662781175385,0.01498963288205879,0.023051591657519355,0.006586169045005641,-0.019942580845871027,0.012414217208887857,0.02482843441777577,1.8032153985348853
200,arguana,,194.6564722426848,bm25,0.2317264300524454,0.353114721646917,0.9495060373216246,31,test,911,,,490,0.353114721646917,0.3745547099801474,0.3638347158135322,0.3745547099801474,0.353114721646917,0.2317264300524454,0.2496837593434739,0.24070509469795964,0.2496837593434739,0.2317264300524454,0.9495060373216246,0.9846322722283204,0.9670691547749726,0.9846322722283204,0.9495060373216246,-0.010719994166615232,-0.02143998833323041,-0.00897866464551425,-0.0179573292910285,-0.01756311745334793,-0.03512623490669575,0.02143998833323041,0.010719994166615177,0.02143998833323041,0.0
200,arguana,,5.835418617415995,dense,0.2496837593434739,0.3745547099801474,0.9846322722283204,31,test,911,,,490,0.353114721646917,0.3745547099801474,0.3638347158135322,0.3745547099801474,0.353114721646917,0.2317264300524454,0.2496837593434739,0.24070509469795964,0.2496837593434739,0.2317264300524454,0.9495060373216246,0.9846322722283204,0.9670691547749726,0.9846322722283204,0.9495060373216246,0.010719994166615177,0.0,0.00897866464551425,0.0,0.01756311745334782,0.0,0.0,0.010719994166615177,0.02143998833323041,1.0
200,arguana,,200.4918908601008,rrf,0.2627371804923945,0.3924964045319646,0.9857299670691548,31,test,911,,,490,0.353114721646917,0.3745547099801474,0.3638347158135322,0.3745547099801474,0.353114721646917,0.2317264300524454,0.2496837593434739,0.24070509469795964,0.2496837593434739,0.2317264300524454,0.9495060373216246,0.9846322722283204,0.9670691547749726,0.9846322722283204,0.9495060373216246,0.028661688718432388,0.01794169455181721,0.02203208579443483,0.01305342114892058,0.01866081229418226,0.00109769484083444,-0.01794169455181721,0.010719994166615177,0.02143998833323041,1.8368332236454112
200,arguana,,200.4918908601008,zscore_fusion,0.2618363737738052,0.3922642449542101,0.9879253567508232,31,test,911,,,490,0.353114721646917,0.3745547099801474,0.3638347158135322,0.3745547099801474,0.353114721646917,0.2317264300524454,0.2496837593434739,0.24070509469795964,0.2496837593434739,0.2317264300524454,0.9495060373216246,0.9846322722283204,0.9670691547749726,0.9846322722283204,0.9495060373216246,0.028429529140677867,0.01770953497406269,0.021131279075845555,0.012152614430331304,0.020856201975850586,0.003293084522502765,-0.01770953497406269,0.010719994166615177,0.02143998833323041,1.8260048792384
200,arguana,,200.4918908601008,minmax_fusion,0.2696661613785653,0.4003211463088925,0.986827661909989,31,test,911,,,490,0.353114721646917,0.3745547099801474,0.3638347158135322,0.3745547099801474,0.353114721646917,0.2317264300524454,0.2496837593434739,0.24070509469795964,0.2496837593434739,0.2317264300524454,0.9495060373216246,0.9846322722283204,0.9670691547749726,0.9846322722283204,0.9495060373216246,0.03648643049536027,0.02576643632874509,0.028961066680605663,0.019982402035091412,0.01975850713501648,0.002195389681668658,-0.02576643632874509,0.010719994166615177,0.02143998833323041,2.201793393180583
200,arguana,0.7,200.4918908601008,validation_weighted_fusion,0.2687814716080358,0.3986886456330423,0.986827661909989,31,test,911,0.2576433430515063,0.390120301389467,490,0.353114721646917,0.3745547099801474,0.3638347158135322,0.3745547099801474,0.353114721646917,0.2317264300524454,0.2496837593434739,0.24070509469795964,0.2496837593434739,0.2317264300524454,0.9495060373216246,0.9846322722283204,0.9670691547749726,0.9846322722283204,0.9495060373216246,0.03485392981951008,0.0241339356528949,0.02807637691007614,0.01909771226456189,0.01975850713501648,0.002195389681668658,-0.0241339356528949,0.010719994166615177,0.02143998833323041,2.1256505963433323
200,arguana,,194.6564722426848,bm25,0.2236522746676423,0.3419058347305675,0.9506037321624587,47,test,911,,,490,0.3419058347305675,0.3697386221488832,0.35582222843972533,0.3697386221488832,0.3419058347305675,0.2236522746676423,0.243866847873434,0.23375956127053815,0.243866847873434,0.2236522746676423,0.9506037321624587,0.9813391877058176,0.9659714599341382,0.9813391877058176,0.9506037321624587,-0.013916393709157815,-0.027832787418315685,-0.010107286602895865,-0.020214573205791703,-0.015367727771679496,-0.03073545554335888,0.027832787418315685,0.01391639370915787,0.027832787418315685,0.0
200,arguana,,5.835418617415995,dense,0.243866847873434,0.3697386221488832,0.9813391877058176,47,test,911,,,490,0.3419058347305675,0.3697386221488832,0.35582222843972533,0.3697386221488832,0.3419058347305675,0.2236522746676423,0.243866847873434,0.23375956127053815,0.243866847873434,0.2236522746676423,0.9506037321624587,0.9813391877058176,0.9659714599341382,0.9813391877058176,0.9506037321624587,0.01391639370915787,0.0,0.010107286602895837,0.0,0.015367727771679385,0.0,0.0,0.01391639370915787,0.027832787418315685,1.0
200,arguana,,200.4918908601008,rrf,0.25573066401826,0.3868143645524883,0.9879253567508232,47,test,911,,,490,0.3419058347305675,0.3697386221488832,0.35582222843972533,0.3697386221488832,0.3419058347305675,0.2236522746676423,0.243866847873434,0.23375956127053815,0.243866847873434,0.2236522746676423,0.9506037321624587,0.9813391877058176,0.9659714599341382,0.9813391877058176,0.9506037321624587,0.03099213611276297,0.0170757424036051,0.02197110274772185,0.011863816144826012,0.021953896816684915,0.00658616904500553,-0.0170757424036051,0.01391639370915787,0.027832787418315685,1.6135117603193494
200,arguana,,200.4918908601008,zscore_fusion,0.2562163504260101,0.3871081793431978,0.9890230515916576,47,test,911,,,490,0.3419058347305675,0.3697386221488832,0.35582222843972533,0.3697386221488832,0.3419058347305675,0.2236522746676423,0.243866847873434,0.23375956127053815,0.243866847873434,0.2236522746676423,0.9506037321624587,0.9813391877058176,0.9659714599341382,0.9813391877058176,0.9506037321624587,0.03128595090347247,0.0173695571943146,0.022456789155471946,0.012349502552576108,0.023051591657519355,0.00768386388583997,-0.0173695571943146,0.01391639370915787,0.027832787418315685,1.6240681873955738
200,arguana,,200.4918908601008,minmax_fusion,0.2633740177373547,0.39497624717562,0.9890230515916576,47,test,911,,,490,0.3419058347305675,0.3697386221488832,0.35582222843972533,0.3697386221488832,0.3419058347305675,0.2236522746676423,0.243866847873434,0.23375956127053815,0.243866847873434,0.2236522746676423,0.9506037321624587,0.9813391877058176,0.9659714599341382,0.9813391877058176,0.9506037321624587,0.03915401873589469,0.02523762502673682,0.02961445646681654,0.019507169863920704,0.023051591657519355,0.00768386388583997,-0.02523762502673682,0.01391639370915787,0.027832787418315685,1.9067588038318042
200,arguana,0.7,200.4918908601008,validation_weighted_fusion,0.2630242364051365,0.3939360835821971,0.9890230515916576,47,test,911,0.2683471007450599,0.3989561871615485,490,0.3419058347305675,0.3697386221488832,0.35582222843972533,0.3697386221488832,0.3419058347305675,0.2236522746676423,0.243866847873434,0.23375956127053815,0.243866847873434,0.2236522746676423,0.9506037321624587,0.9813391877058176,0.9659714599341382,0.9813391877058176,0.9506037321624587,0.038113855142471786,0.024197461433313916,0.02926467513459835,0.019157388531702513,0.023051591657519355,0.00768386388583997,-0.024197461433313916,0.01391639370915787,0.027832787418315685,1.86938692376138
200,arguana,,194.6564722426848,bm25,0.2282312302894081,0.3488947345427008,0.9549945115257958,73,test,911,,,490,0.3488947345427008,0.3749441756876676,0.3619194551151842,0.3749441756876676,0.3488947345427008,0.2282312302894081,0.2493392051295454,0.23878521770947675,0.2493392051295454,0.2282312302894081,0.9549945115257958,0.9813391877058176,0.9681668496158067,0.9813391877058176,0.9549945115257958,-0.013024720572483384,-0.026049441144966767,-0.010553987420068661,-0.021107974840137322,-0.013172338090010838,-0.026344676180021787,0.026049441144966767,0.013024720572483384,0.026049441144966767,0.0
200,arguana,,5.835418617415995,dense,0.2493392051295454,0.3749441756876676,0.9813391877058176,73,test,911,,,490,0.3488947345427008,0.3749441756876676,0.3619194551151842,0.3749441756876676,0.3488947345427008,0.2282312302894081,0.2493392051295454,0.23878521770947675,0.2493392051295454,0.2282312302894081,0.9549945115257958,0.9813391877058176,0.9681668496158067,0.9813391877058176,0.9549945115257958,0.013024720572483384,0.0,0.010553987420068661,0.0,0.013172338090010949,0.0,0.0,0.013024720572483384,0.026049441144966767,1.0
200,arguana,,200.4918908601008,rrf,0.2618912585158469,0.3915067529628062,0.9846322722283204,73,test,911,,,490,0.3488947345427008,0.3749441756876676,0.3619194551151842,0.3749441756876676,0.3488947345427008,0.2282312302894081,0.2493392051295454,0.23878521770947675,0.2493392051295454,0.2282312302894081,0.9549945115257958,0.9813391877058176,0.9681668496158067,0.9813391877058176,0.9549945115257958,0.029587297847621985,0.0165625772751386,0.02310604080637013,0.01255205338630147,0.016465422612513714,0.003293084522502765,-0.0165625772751386,0.013024720572483384,0.026049441144966767,1.6358131517281627
200,arguana,,200.4918908601008,zscore_fusion,0.2603823637028906,0.3902509845955104,0.986827661909989,73,test,911,,,490,0.3488947345427008,0.3749441756876676,0.3619194551151842,0.3749441756876676,0.3488947345427008,0.2282312302894081,0.2493392051295454,0.23878521770947675,0.2493392051295454,0.2282312302894081,0.9549945115257958,0.9813391877058176,0.9681668496158067,0.9813391877058176,0.9549945115257958,0.02833152948032619,0.015306808907842806,0.021597145993413835,0.011043158573345174,0.018660812294182372,0.005488474204171423,-0.015306808907842806,0.013024720572483384,0.026049441144966767,1.5876060381740804
200,arguana,,200.4918908601008,minmax_fusion,0.2677804784555607,0.3978495072815631,0.986827661909989,73,test,911,,,490,0.3488947345427008,0.3749441756876676,0.3619194551151842,0.3749441756876676,0.3488947345427008,0.2282312302894081,0.2493392051295454,0.23878521770947675,0.2493392051295454,0.2282312302894081,0.9549945115257958,0.9813391877058176,0.9681668496158067,0.9813391877058176,0.9549945115257958,0.0359300521663789,0.022905331593895517,0.02899526074608394,0.01844127332601528,0.018660812294182372,0.005488474204171423,-0.022905331593895517,0.013024720572483384,0.026049441144966767,1.8793022263481935
200,arguana,0.7,200.4918908601008,validation_weighted_fusion,0.2672852089976129,0.3973893202869106,0.986827661909989,73,test,911,0.2604251700680272,0.3925359858595199,490,0.3488947345427008,0.3749441756876676,0.3619194551151842,0.3749441756876676,0.3488947345427008,0.2282312302894081,0.2493392051295454,0.23878521770947675,0.2493392051295454,0.2282312302894081,0.9549945115257958,0.9813391877058176,0.9681668496158067,0.9813391877058176,0.9549945115257958,0.0354698651717264,0.022445144599243017,0.02849999128813613,0.017946003868067467,0.018660812294182372,0.005488474204171423,-0.022445144599243017,0.013024720572483384,0.026049441144966767,1.8616363197327108
200,arguana,,194.6564722426848,bm25,0.2259430592580976,0.343577599774681,0.9495060373216246,109,test,911,,,490,0.343577599774681,0.3620866042071543,0.35283210199091763,0.3620866042071543,0.343577599774681,0.2259430592580976,0.2382398550345861,0.23209145714634186,0.2382398550345861,0.2259430592580976,0.9495060373216246,0.982436882546652,0.9659714599341382,0.982436882546652,0.9495060373216246,-0.009254502216236637,-0.018509004432473275,-0.006148397888244256,-0.012296795776488512,-0.016465422612513603,-0.032930845225027316,0.018509004432473275,0.009254502216236637,0.018509004432473275,0.0
200,arguana,,5.835418617415995,dense,0.2382398550345861,0.3620866042071543,0.982436882546652,109,test,911,,,490,0.343577599774681,0.3620866042071543,0.35283210199091763,0.3620866042071543,0.343577599774681,0.2259430592580976,0.2382398550345861,0.23209145714634186,0.2382398550345861,0.2259430592580976,0.9495060373216246,0.982436882546652,0.9659714599341382,0.982436882546652,0.9495060373216246,0.009254502216236637,0.0,0.006148397888244256,0.0,0.016465422612513714,0.0,0.0,0.009254502216236637,0.018509004432473275,1.0
200,arguana,,200.4918908601008,rrf,0.2534512048507658,0.3811272279885548,0.9857299670691548,109,test,911,,,490,0.343577599774681,0.3620866042071543,0.35283210199091763,0.3620866042071543,0.343577599774681,0.2259430592580976,0.2382398550345861,0.23209145714634186,0.2382398550345861,0.2259430592580976,0.9495060373216246,0.982436882546652,0.9659714599341382,0.982436882546652,0.9495060373216246,0.02829512599763717,0.019040623781400534,0.02135974770442392,0.015211349816179665,0.01975850713501659,0.003293084522502876,-0.019040623781400534,0.009254502216236637,0.018509004432473275,2.028722201178717
200,arguana,,200.4918908601008,zscore_fusion,0.2567246876796822,0.3865784449973765,0.9879253567508232,109,test,911,,,490,0.343577599774681,0.3620866042071543,0.35283210199091763,0.3620866042071543,0.343577599774681,0.2259430592580976,0.2382398550345861,0.23209145714634186,0.2382398550345861,0.2259430592580976,0.9495060373216246,0.982436882546652,0.9659714599341382,0.982436882546652,0.9495060373216246,0.033746343006458845,0.024491840790222208,0.02463323053334035,0.018484832645096094,0.021953896816684915,0.005488474204171201,-0.024491840790222208,0.009254502216236637,0.018509004432473275,2.3232392309146728
200,arguana,,200.4918908601008,minmax_fusion,0.262089889010855,0.3923937572027237,0.9879253567508232,109,test,911,,,490,0.343577599774681,0.3620866042071543,0.35283210199091763,0.3620866042071543,0.343577599774681,0.2259430592580976,0.2382398550345861,0.23209145714634186,0.2382398550345861,0.2259430592580976,0.9495060373216246,0.982436882546652,0.9659714599341382,0.982436882546652,0.9495060373216246,0.039561655211806046,0.03030715299556941,0.029998431864513148,0.023850033976268892,0.021953896816684915,0.005488474204171201,-0.03030715299556941,0.009254502216236637,0.018509004432473275,2.637427507575544
200,arguana,0.8,200.4918908601008,validation_weighted_fusion,0.257543167285209,0.3861355140515643,0.9879253567508232,109,test,911,0.2712479753806284,0.4055850005942329,490,0.343577599774681,0.3620866042071543,0.35283210199091763,0.3620866042071543,0.343577599774681,0.2259430592580976,0.2382398550345861,0.23209145714634186,0.2382398550345861,0.2259430592580976,0.9495060373216246,0.982436882546652,0.9659714599341382,0.982436882546652,0.9495060373216246,0.03330341206064669,0.02404890984441005,0.02545171013886713,0.019303312250622873,0.021953896816684915,0.005488474204171201,-0.02404890984441005,0.009254502216236637,0.018509004432473275,2.299308665257935
200,arguana,,194.6564722426848,bm25,0.2337920129632533,0.3526498317527029,0.9615806805708014,149,test,911,,,490,0.3526498317527029,0.3743190320475197,0.3634844319001113,0.3743190320475197,0.3526498317527029,0.2337920129632533,0.249534350879027,0.24166318192114017,0.249534350879027,0.2337920129632533,0.9615806805708014,0.9857299670691548,0.9736553238199781,0.9857299670691548,0.9615806805708014,-0.01083460014740839,-0.02166920029481678,-0.007871168957886865,-0.015742337915773702,-0.01207464324917673,-0.02414928649835346,0.02166920029481678,0.01083460014740839,0.02166920029481678,0.0
200,arguana,,5.835418617415995,dense,0.249534350879027,0.3743190320475197,0.9857299670691548,149,test,911,,,490,0.3526498317527029,0.3743190320475197,0.3634844319001113,0.3743190320475197,0.3526498317527029,0.2337920129632533,0.249534350879027,0.24166318192114017,0.249534350879027,0.2337920129632533,0.9615806805708014,0.9857299670691548,0.9736553238199781,0.9857299670691548,0.9615806805708014,0.01083460014740839,0.0,0.007871168957886837,0.0,0.01207464324917673,0.0,0.0,0.01083460014740839,0.02166920029481678,1.0
200,arguana,,200.4918908601008,rrf,0.2637203143240465,0.3931532799976449,0.991218441273326,149,test,911,,,490,0.3526498317527029,0.3743190320475197,0.3634844319001113,0.3743190320475197,0.3526498317527029,0.2337920129632533,0.249534350879027,0.24166318192114017,0.249534350879027,0.2337920129632533,0.9615806805708014,0.9857299670691548,0.9736553238199781,0.9857299670691548,0.9615806805708014,0.029668848097533562,0.01883424795012517,0.022057132402906354,0.014185963445019517,0.01756311745334793,0.005488474204171201,-0.01883424795012517,0.01083460014740839,0.02166920029481678,1.8691713442987685
200,arguana,,200.4918908601008,zscore_fusion,0.2633535448573867,0.3943624336498941,0.9934138309549944,149,test,911,,,490,0.3526498317527029,0.3743190320475197,0.3634844319001113,0.3743190320475197,0.3526498317527029,0.2337920129632533,0.249534350879027,0.24166318192114017,0.249534350879027,0.2337920129632533,0.9615806805708014,0.9857299670691548,0.9736553238199781,0.9857299670691548,0.9615806805708014,0.03087800174978278,0.02004340160237439,0.021690362936246543,0.013819193978359706,0.019758507135016257,0.007683863885839526,-0.02004340160237439,0.01083460014740839,0.02166920029481678,1.9249719108078354
200,arguana,,200.4918908601008,minmax_fusion,0.2700416427090412,0.4031240898885227,0.9923161361141604,149,test,911,,,490,0.3526498317527029,0.3743190320475197,0.3634844319001113,0.3743190320475197,0.3526498317527029,0.2337920129632533,0.249534350879027,0.24166318192114017,0.249534350879027,0.2337920129632533,0.9615806805708014,0.9857299670691548,0.9736553238199781,0.9857299670691548,0.9615806805708014,0.0396396579884114,0.028805057841003012,0.028378460787901016,0.02050729183001418,0.01866081229418226,0.00658616904500553,-0.028805057841003012,0.01083460014740839,0.02166920029481678,2.3293087630877225
200,arguana,0.7,200.4918908601008,validation_weighted_fusion,0.2696644190058021,0.4016246591821396,0.9923161361141604,149,test,911,0.2560017816650469,0.3846617129339003,490,0.3526498317527029,0.3743190320475197,0.3634844319001113,0.3743190320475197,0.3526498317527029,0.2337920129632533,0.249534350879027,0.24166318192114017,0.249534350879027,0.2337920129632533,0.9615806805708014,0.9857299670691548,0.9736553238199781,0.9857299670691548,0.9615806805708014,0.03814022728202826,0.02730562713461987,0.028001237084661956,0.02013006812677512,0.01866081229418226,0.00658616904500553,-0.02730562713461987,0.01083460014740839,0.02166920029481678,2.26011236054481
200,arguana,,194.6564722426848,bm25,0.2279027930235394,0.3486517287973567,0.9626783754116356,181,test,911,,,490,0.3486517287973567,0.368411881169818,0.35853180498358733,0.368411881169818,0.3486517287973567,0.2279027930235394,0.2418334988587458,0.2348681459411426,0.2418334988587458,0.2279027930235394,0.9626783754116356,0.982436882546652,0.9725576289791438,0.982436882546652,0.9626783754116356,-0.009880076186230657,-0.019760152372461315,-0.006965352917603196,-0.013930705835206392,-0.009879253567508184,-0.019758507135016368,0.019760152372461315,0.009880076186230657,0.019760152372461315,0.0
200,arguana,,5.835418617415995,dense,0.2418334988587458,0.368411881169818,0.982436882546652,181,test,911,,,490,0.3486517287973567,0.368411881169818,0.35853180498358733,0.368411881169818,0.3486517287973567,0.2279027930235394,0.2418334988587458,0.2348681459411426,0.2418334988587458,0.2279027930235394,0.9626783754116356,0.982436882546652,0.9725576289791438,0.982436882546652,0.9626783754116356,0.009880076186230657,0.0,0.006965352917603196,0.0,0.009879253567508184,0.0,0.0,0.009880076186230657,0.019760152372461315,1.0
200,arguana,,200.4918908601008,rrf,0.2578554876030178,0.3895116130960686,0.986827661909989,181,test,911,,,490,0.3486517287973567,0.368411881169818,0.35853180498358733,0.368411881169818,0.3486517287973567,0.2279027930235394,0.2418334988587458,0.2348681459411426,0.2418334988587458,0.2279027930235394,0.9626783754116356,0.982436882546652,0.9725576289791438,0.982436882546652,0.9626783754116356,0.030979808112481244,0.021099731926250587,0.022987341661875188,0.016021988744271992,0.014270032930845278,0.004390779363337094,-0.021099731926250587,0.009880076186230657,0.019760152372461315,2.0677919647854623
200,arguana,,200.4918908601008,zscore_fusion,0.2578297876047601,0.3890294696583624,0.9890230515916576,181,test,911,,,490,0.3486517287973567,0.368411881169818,0.35853180498358733,0.368411881169818,0.3486517287973567,0.2279027930235394,0.2418334988587458,0.2348681459411426,0.2418334988587458,0.2279027930235394,0.9626783754116356,0.982436882546652,0.9725576289791438,0.982436882546652,0.9626783754116356,0.03049766467477505,0.02061758848854439,0.0229616416636175,0.015996288746014303,0.016465422612513825,0.006586169045005641,-0.02061758848854439,0.009880076186230657,0.019760152372461315,2.043392181392186
200,arguana,,200.4918908601008,minmax_fusion,0.2642404125938703,0.3959841865389972,0.9890230515916576,181,test,911,,,490,0.3486517287973567,0.368411881169818,0.35853180498358733,0.368411881169818,0.3486517287973567,0.2279027930235394,0.2418334988587458,0.2348681459411426,0.2418334988587458,0.2279027930235394,0.9626783754116356,0.982436882546652,0.9725576289791438,0.982436882546652,0.9626783754116356,0.037452381555409864,0.027572305369179206,0.029372266652727713,0.022406913735124517,0.016465422612513825,0.006586169045005641,-0.027572305369179206,0.009880076186230657,0.019760152372461315,2.395348823706708
200,arguana,0.7,200.4918908601008,validation_weighted_fusion,0.2637560329656926,0.394845845612161,0.9890230515916576,181,test,911,0.2669865565273728,0.3972647724486972,490,0.3486517287973567,0.368411881169818,0.35853180498358733,0.368411881169818,0.3486517287973567,0.2279027930235394,0.2418334988587458,0.2348681459411426,0.2418334988587458,0.2279027930235394,0.9626783754116356,0.982436882546652,0.9725576289791438,0.982436882546652,0.9626783754116356,0.036314040628573685,0.026433964442343028,0.028887887024550002,0.021922534106946806,0.016465422612513825,0.006586169045005641,-0.026433964442343028,0.009880076186230657,0.019760152372461315,2.337740921430477
